time,true_roll,true_pitch,true_rate_x,true_rate_y,est_roll,est_pitch,est_rate_x,est_rate_y,torque_x,torque_y,disturbance
0.0000,0.0000,0.0000,0.0000,0.0000,0.0000,0.0000,-1.2762,0.2295,0.000112,-0.000029,0
0.0200,0.1033,-0.0668,19.4216,8.9919,0.1033,-0.0668,16.5159,4.5203,-0.003008,-0.001750,0
0.0400,0.3851,0.0569,3.5296,-21.1572,0.3851,0.0569,-13.8293,-14.4364,0.001528,0.003644,0
0.0600,0.5177,-0.0738,10.9513,-10.9940,0.5177,-0.0738,32.1093,-1.4936,-0.002805,0.002295,0
0.0800,0.4061,-0.3098,12.7145,12.4530,0.4061,-0.3098,24.2519,-12.0115,-0.003121,0.000218,0
0.1000,0.1504,-0.2421,-32.0810,-9.5726,0.1504,-0.2421,-16.0400,-35.0854,0.001890,0.003147,0
0.1200,0.0434,-0.0717,11.9957,-4.8969,0.0434,-0.0717,9.7473,-4.7384,0.000403,0.000668,0
0.1400,-0.0789,-0.1856,-25.1036,-12.2761,-0.0789,-0.1856,-42.2300,-10.0719,0.003391,0.001657,0
0.1600,0.0220,0.1097,29.1053,12.1138,0.0220,0.1097,30.8052,15.4183,-0.002814,0.001407,0
0.1800,0.1678,0.3622,-28.4133,-6.8029,0.1678,0.3622,-48.2685,-0.5513,0.005006,0.002496,0
0.2000,0.3066,0.4436,9.2671,-22.7313,0.3066,0.4436,17.4278,-33.5956,-0.001509,0.005200,0
0.2200,0.0085,0.6815,-28.8889,12.8294,0.0085,0.6815,-20.0677,21.4313,0.001056,-0.001406,0
0.2400,-0.3967,0.3933,-11.8542,-7.1721,-0.3967,0.3933,25.7973,35.7602,-0.002094,-0.005200,0
0.2600,-0.1242,0.5120,36.4149,18.8891,-0.1242,0.5120,43.1976,-8.4016,-0.001944,0.001849,0
0.2800,-0.3349,0.4203,-11.9579,-5.1388,-0.3349,0.4203,-19.0256,-7.1590,0.001062,-0.001571,0
0.3000,-0.6145,0.3932,2.2133,12.3423,-0.6145,0.3932,-10.6398,36.8265,-0.000828,-0.004025,0
0.3200,-0.5797,0.3097,-31.8027,0.2415,-0.5797,0.3097,15.5419,26.9221,-0.000464,-0.001652,0
0.3400,-0.6383,0.0167,44.9511,-6.5401,-0.6383,0.0167,8.5406,-20.2665,-0.001049,0.002130,0
0.3600,0.0258,0.2668,23.0323,-21.7720,0.0258,0.2668,19.3774,-25.6891,-0.000824,0.005011,0
0.3800,-0.0855,0.0842,-10.5780,-24.7998,-0.0855,0.0842,16.0452,-33.3045,-0.002713,0.003137,0
0.4000,-0.4584,0.4952,-9.3204,6.8677,-0.4584,0.4952,27.0520,21.6827,-0.003301,-0.000740,0
0.4200,-0.6145,0.1552,-0.6540,6.0054,-0.6145,0.1552,-7.8682,18.0185,0.002049,-0.002821,0
0.4400,-0.4423,0.1395,7.7106,-6.0143,-0.4423,0.1395,-11.8245,-18.5509,0.002066,0.002150,0
0.4600,-0.0479,0.0745,17.6509,6.8004,-0.0479,0.0745,59.7892,13.6389,-0.003987,-0.002201,0
0.4800,-0.1101,-0.1834,-8.1270,1.9068,-0.1101,-0.1834,-3.7234,-11.6696,0.000783,0.000519,0
0.5000,0.0618,0.0225,0.5705,3.7828,0.0618,0.0225,46.1427,-10.6398,-0.002631,0.001904,0
0.5200,-0.3883,0.1532,-12.8410,4.7157,-0.3883,0.1532,-14.9432,-6.6232,-0.000790,-0.000518,0
0.5400,-0.3108,0.6176,-2.3530,16.4566,-0.3108,0.6176,-7.4123,23.4520,0.001452,-0.000731,0
0.5600,-0.0973,0.5443,-1.1206,-2.1178,-0.0973,0.5443,-0.3845,-3.9248,0.002386,-0.000382,0
0.5800,-0.3693,0.4042,-2.2129,-6.5539,-0.3693,0.4042,11.9707,-4.4107,-0.001840,0.000657,0
0.6000,-0.4887,0.2606,14.2222,24.8910,-0.4887,0.2606,16.2804,10.8009,-0.002018,-0.002580,0
0.6200,-0.2011,0.1268,22.4026,-39.0028,-0.2011,0.1268,27.9305,-25.6670,-0.002156,0.005200,0
0.6400,0.2488,-0.3238,-1.9868,-23.7762,0.2488,-0.3238,17.6700,-6.7528,0.000833,0.001722,0
0.6600,-0.0353,-0.3993,-16.8119,-2.3126,-0.0353,-0.3993,-40.7612,-5.7200,0.004017,0.001569,0
0.6800,0.2318,-0.3300,25.5295,-9.2365,0.2318,-0.3300,40.0531,-3.1691,-0.002756,0.002662,0
0.7000,0.1202,-0.3317,1.1762,15.1984,0.1202,-0.3317,-32.8219,15.3524,0.002127,-0.000257,0
0.7200,0.4848,-0.4755,39.7944,-12.0025,0.4848,-0.4755,28.8818,-21.9471,-0.001809,0.004262,0
0.7400,0.7983,-0.6181,17.7038,-26.9532,0.7983,-0.6181,29.0341,-22.5896,-0.002912,0.002559,0
0.7600,0.7998,-0.5144,14.8074,10.8322,0.7998,-0.5144,29.6527,-11.2174,-0.004350,0.001076,0
0.7800,0.6837,-0.3632,-15.2813,-24.5739,0.6837,-0.3632,-16.8846,-9.7998,0.000997,0.001395,0
0.8000,0.3775,-0.6939,-2.5529,-31.5880,0.3775,-0.6939,-27.6637,9.0902,-0.000032,0.001257,0
0.8200,0.4349,-0.6726,-42.6799,34.8875,0.4349,-0.6726,-50.5215,15.2410,0.003954,-0.001121,0
0.8400,-0.0127,-0.3999,-36.6328,16.9067,-0.0127,-0.3999,-42.2871,18.3002,0.005200,-0.003636,0
0.8600,0.0039,-0.5896,16.2713,-33.8327,0.0039,-0.5896,4.5805,-27.0061,0.000872,0.003727,0
0.8800,-0.2685,-0.3469,1.4933,6.0980,-0.2685,-0.3469,-7.5343,15.5777,0.000035,-0.000351,0
0.9000,-0.2562,-0.2811,-1.8103,10.5772,-0.2562,-0.2811,26.0207,-20.8417,-0.000671,0.002396,0
0.9200,-0.2026,-0.0578,13.6931,6.5150,-0.2026,-0.0578,20.6975,6.7834,-0.001063,-0.001279,0
0.9400,-0.0547,-0.1835,7.6228,6.9229,-0.0547,-0.1835,-8.4583,9.0791,0.001071,-0.003783,0
0.9600,0.2628,-0.2257,19.7005,-9.9261,0.2628,-0.2257,15.9063,-0.8699,-0.000079,-0.001445,0
0.9800,0.3794,-0.1750,10.5333,-9.6926,0.3794,-0.1750,22.4122,13.6399,-0.002038,-0.000802,0
1.0000,0.6434,-0.2481,11.7086,-13.6984,0.6434,-0.2481,43.9181,-9.8880,-0.002916,0.002657,1
1.0200,0.5917,-0.1711,35.4605,-16.4384,0.5917,-0.1711,21.9892,-3.0900,-0.003739,0.001848,1
1.0400,0.8526,-0.2773,-11.6531,2.0542,0.8526,-0.2773,-8.4058,-19.9792,-0.000563,0.001993,1
1.0600,0.8285,-0.0913,1.0574,3.1353,0.8285,-0.0913,-27.1326,-29.3502,0.003252,0.005200,1
1.0800,1.1179,0.0779,-8.7978,12.8119,1.1179,0.0779,-8.7692,32.9510,0.003702,-0.003542,1
1.1000,1.0745,0.2766,10.6119,10.3950,1.0745,0.2766,-19.6113,6.4049,0.001106,0.002439,1
1.1200,1.0734,0.1039,-14.3297,-7.8936,1.0734,0.1039,5.2017,-9.3611,-0.000210,0.000139,1
1.1400,0.9259,0.4108,-4.9408,2.7210,0.9259,0.4108,-17.2786,4.8596,0.001002,-0.000534,1
1.1600,0.9425,0.1779,9.6385,-5.9320,0.9425,0.1779,25.0725,-38.2011,-0.003106,0.002684,1
1.1800,0.7454,0.3525,-46.6257,-12.1078,0.7454,0.3525,-26.7731,-19.7706,0.001773,0.002114,1
1.2000,0.8203,-0.2400,10.0126,-31.5390,0.8203,-0.2400,14.5652,-13.4303,0.001297,-0.001247,1
1.2200,0.7420,-0.2041,0.8033,27.3995,0.7420,-0.2041,-9.9127,20.9363,0.000892,-0.001635,0
1.2400,1.2111,-0.3035,41.7388,-1.9598,1.2111,-0.3035,34.3202,-5.6324,-0.001661,0.000733,0
1.2600,1.3647,-0.3993,-12.4367,-4.8617,1.3647,-0.3993,-32.9666,-5.9643,0.001658,-0.000691,0
1.2800,1.7301,-0.5128,23.3793,-22.6428,1.7301,-0.5128,21.2351,38.7420,-0.001425,-0.004390,0
1.3000,1.0859,-0.9367,-30.2546,-12.5648,1.0859,-0.9367,-43.8985,2.7195,0.000777,-0.000070,0
1.3200,1.1641,-0.9649,-694.4551,668.1660,1.1641,-0.9649,-482.0315,442.2237,0.005200,-0.005200,0
1.3400,-0.5019,0.7565,-66.4200,87.6812,-0.5019,0.7565,-39.7822,58.2049,-0.001086,-0.002377,0
1.3600,-1.1013,1.5999,6.4909,7.3067,-1.1013,1.5999,-24.8062,36.7133,0.002265,-0.002588,0
1.3800,-1.0224,1.6376,15.0533,23.3034,-1.0224,1.6376,4.7234,-3.7015,-0.002074,-0.001540,0
1.4000,-0.8684,1.3619,-4.9199,-36.1291,-0.8684,1.3619,3.7785,-4.8319,-0.000170,-0.002638,0
1.4200,-0.8112,0.8841,14.7779,-3.8505,-0.8112,0.8841,23.6129,12.6514,-0.001149,-0.002353,0
1.4400,-1.1206,0.9883,3.9992,20.4925,-1.1206,0.9883,-51.4495,8.4607,0.001360,-0.001511,0
1.4600,-0.2809,0.7862,22.1397,-6.3400,-0.2809,0.7862,29.1515,7.8504,-0.000810,-0.004154,0
1.4800,-0.3828,0.6638,2.7252,11.2325,-0.3828,0.6638,-3.2617,21.5623,-0.000801,-0.005200,0
1.5000,0.1207,0.3304,15.4529,0.3476,0.1207,0.3304,-12.3599,16.5810,0.002572,-0.004595,0
1.5200,0.2425,0.1369,11.3851,-23.0783,0.2425,0.1369,20.8501,-0.2557,-0.002627,0.000001,0
1.5400,0.0465,0.2564,-1.5042,-9.6904,0.0465,0.2564,-31.0885,12.7439,0.001403,0.001218,0
1.5600,0.4732,0.1451,42.1138,3.2201,0.4732,0.1451,24.1545,22.8058,-0.003886,-0.002094,0
1.5800,1.4114,0.0794,29.4780,12.8268,1.4114,0.0794,40.4925,32.7522,-0.002056,-0.004685,0
1.6000,1.6419,0.2922,-18.2002,41.1003,1.6419,0.2922,24.8636,6.2619,0.000848,-0.002482,0
1.6200,1.4155,0.6161,18.2049,-35.1560,1.4155,0.6161,20.7229,7.1830,-0.001558,0.000657,0
1.6400,1.5781,0.1547,18.1691,18.1015,1.5781,0.1547,19.9674,18.9521,-0.000562,-0.001691,0
1.6600,-0.0094,-0.0266,-0.9712,13.4639,-0.0094,-0.0266,-103.5000,0.1149,-0.004277,-0.000569,0
1.6800,-0.1417,-0.2685,-46.1214,0.1025,-0.1417,-0.2685,3.6715,18.0309,-0.000539,-0.004411,0
1.7000,-0.1095,-0.1888,31.6185,-11.4758,-0.1095,-0.1888,10.2205,-12.8566,0.000241,0.003144,0
1.7200,-0.0052,-0.0236,-0.0072,1.7786,-0.0052,-0.0236,-2.0279,-19.7139,0.001974,0.003426,0
1.7400,0.0039,-0.0027,-0.0016,0.0492,0.0039,-0.0027,17.7147,11.1887,-0.001630,-0.002111,0
1.7600,-0.0040,-0.0086,0.0401,-0.0017,-0.0040,-0.0086,-7.0873,2.9261,0.000941,0.000591,0
1.7800,-0.0045,-0.0120,0.3087,0.3424,-0.0045,-0.0120,-1.1099,-42.1194,0.000869,0.004285,0
1.8000,-0.0028,0.0080,0.0031,0.0265,-0.0028,0.0080,14.4865,13.8595,-0.000176,-0.003572,0
1.8200,-0.0107,-0.0020,-0.0033,-0.0262,-0.0107,-0.0020,-3.3663,9.4521,-0.000204,-0.000610,0
1.8400,-0.0139,-0.0082,-0.0039,0.0196,-0.0139,-0.0082,-0.0376,-1.6069,0.001142,0.000443,0
1.8600,0.0076,-0.0092,-0.0195,-0.0062,0.0076,-0.0092,-48.6333,27.7147,0.004050,-0.002382,0
1.8800,0.0134,-0.0153,0.0037,0.0309,0.0134,-0.0153,-3.4838,5.4743,-0.000524,-0.000573,0
1.9000,0.0384,-0.0154,-0.6932,-0.0033,0.0384,-0.0154,20.1185,-16.2224,-0.001643,0.000925,0
1.9200,0.0312,-0.0084,0.0076,0.0164,0.0312,-0.0084,-33.8102,24.3598,0.002407,-0.002249,0
1.9400,0.0526,-0.0228,0.0041,0.0176,0.0526,-0.0228,-42.0698,1.4764,0.002192,0.001261,0
1.9600,0.0337,-0.0033,-0.0219,0.0018,0.0337,-0.0033,-28.6904,-19.8422,0.003757,0.002228,0
1.9800,0.0453,-0.0086,0.0009,-0.2070,0.0453,-0.0086,-4.4559,19.9102,0.000983,-0.000990,0
2.0000,0.0673,-0.0420,0.0670,0.0003,0.0673,-0.0420,69.7254,1.5969,-0.005200,-0.000988,0
2.0200,0.0181,0.0396,0.0014,-0.3370,0.0181,0.0396,-2.3899,13.6656,0.000108,-0.001657,0
2.0400,0.0044,0.0031,0.0011,-0.2363,0.0044,0.0031,12.9556,-3.0293,-0.001219,0.001763,0
2.0600,0.0179,0.0005,-0.5367,-0.0015,0.0179,0.0005,-19.4962,-9.5786,0.001277,0.000159,0
2.0800,0.0293,-0.0067,-0.0018,0.0341,0.0293,-0.0067,-0.3835,-6.4143,-0.000313,0.001384,0
2.1000,0.0332,0.0020,-0.0479,-0.0021,0.0332,0.0020,-8.4430,-0.8052,0.002465,-0.000985,0
2.1200,0.0315,-0.0025,0.0212,-0.0132,0.0315,-0.0025,-26.9425,-17.5316,0.002224,0.002557,0
2.1400,0.0473,0.0098,-0.0098,-0.0301,0.0473,0.0098,-21.9029,-3.2909,0.002367,0.000145,0
2.1600,0.0671,0.0312,-0.0137,-0.0090,0.0671,0.0312,14.3909,14.8033,-0.000515,-0.001926,0
2.1800,0.0934,0.0241,-3.3021,-3.5104,0.0934,0.0241,5.6604,-23.6034,0.000486,0.004376,0
2.2000,0.0969,0.0588,1.0707,0.0005,0.0969,0.0588,-9.4626,-25.8545,-0.001732,0.002698,0
2.2200,0.1096,0.0780,-0.6580,-0.0002,0.1096,0.0780,-4.4049,25.4865,0.000435,-0.003196,0
2.2400,0.0589,0.0234,-1.0663,-1.0392,0.0589,0.0234,-34.9911,-13.5125,0.004236,0.001421,0
2.2600,0.0850,0.0225,0.8316,0.0001,0.0850,0.0225,3.3120,7.1581,-0.001413,-0.000262,0
2.2800,0.0810,0.0423,-0.0326,0.0046,0.0810,0.0423,-36.2672,-4.1979,0.003788,-0.000985,0
2.3000,0.0945,0.0523,0.0011,-0.0318,0.0945,0.0523,-10.7131,-31.5508,0.001022,0.003629,0
2.3200,0.1245,0.0742,0.4776,0.0006,0.1245,0.0742,16.3215,-6.2360,-0.001562,0.000633,0
2.3400,0.0391,0.0204,-3.7636,-2.9486,0.0391,0.0204,9.5294,51.8937,0.000729,-0.005200,0
2.3600,0.0224,-0.0159,0.0103,0.0389,0.0224,-0.0159,4.1812,-4.8980,-0.002155,0.001671,0
2.3800,0.0067,-0.0068,-0.0033,0.0101,0.0067,-0.0068,8.5347,-3.3800,0.001174,-0.001338,0
2.4000,0.0118,-0.0055,-0.0041,0.0135,0.0118,-0.0055,2.7459,25.9879,-0.000346,-0.004926,0
2.4200,0.0218,-0.0129,0.0043,0.0156,0.0218,-0.0129,-18.7027,8.5121,0.001113,-0.000962,0
2.4400,0.0164,0.0041,-0.5496,-0.0010,0.0164,0.0041,39.7483,4.4739,-0.001625,-0.000931,0
2.4600,0.0137,0.0064,-0.0039,-0.0255,0.0137,0.0064,36.5415,-13.9599,-0.003003,0.003519,0
2.4800,0.0184,0.0161,-0.0260,-0.0003,0.0184,0.0161,-3.4651,-43.8208,0.000917,0.005200,0
2.5000,0.0238,0.0321,-0.0374,0.0034,0.0238,0.0321,-6.8385,-17.9464,0.000490,0.001420,1
2.5200,0.0095,0.0203,-0.0153,0.0040,0.0095,0.0203,13.4698,-33.3759,0.000434,0.000954,1
2.5400,0.0200,0.0314,0.0058,-0.0392,0.0200,0.0314,-47.2998,-1.7696,0.003690,-0.000895,1
2.5600,0.0402,0.0365,-0.0375,0.0049,0.0402,0.0365,19.2451,-20.3327,-0.001284,-0.000022,1
2.5800,0.0459,0.0541,-0.0189,-0.0201,0.0459,0.0541,-2.9879,-44.6720,-0.000180,0.004732,1
2.6000,0.0672,0.0720,-0.0476,0.0143,0.0672,0.0720,-8.7750,-45.5599,0.000009,0.003091,1
2.6200,0.0751,0.0855,-1.6310,-1.6775,0.0751,0.0855,-9.4770,24.0396,0.001349,-0.001907,1
2.6400,0.0922,0.0901,0.3438,0.0008,0.0922,0.0901,-5.2766,18.9436,-0.001325,-0.003428,1
2.6600,0.1109,0.0749,0.0083,-0.0108,0.1109,0.0749,15.9505,-23.1191,-0.002142,0.002153,1
2.6800,0.0737,0.0325,-0.8678,-0.9095,0.0737,0.0325,-12.5215,1.0556,0.000740,-0.000220,1
2.7000,0.0840,0.0412,0.0022,-0.0393,0.0840,0.0412,-1.1211,-17.2581,0.000142,0.002618,0
2.7200,0.0779,0.0437,0.0099,-0.0143,0.0779,0.0437,-1.8995,21.9449,-0.001448,-0.004320,0
2.7400,0.0489,-0.0021,-0.3198,-0.0007,0.0489,-0.0021,-20.6534,13.4166,0.000938,-0.000950,0
2.7600,0.0538,0.0077,-3.6841,-3.6769,0.0538,0.0077,-0.8085,-23.7196,0.002156,0.003537,0
2.7800,0.0557,0.0121,0.0034,-0.0389,0.0557,0.0121,38.2453,7.4435,-0.003706,-0.000973,0
2.8000,0.0587,0.0097,-0.0023,-0.0458,0.0587,0.0097,31.8517,14.5410,-0.002260,-0.001005,0
2.8200,0.0468,0.0040,0.0376,0.0019,0.0468,0.0040,-35.1105,4.5264,0.002529,0.000360,0
2.8400,0.0573,0.0044,0.0050,-0.0668,0.0573,0.0044,3.9640,-13.5845,-0.002004,0.000988,0
2.8600,0.0668,-0.0012,-0.5251,-0.0014,0.0668,-0.0012,-19.5020,-15.0321,-0.000271,0.001517,0
2.8800,0.0779,0.0013,-0.0464,0.0003,0.0779,0.0013,21.0494,12.6907,-0.001844,-0.003518,0
2.9000,0.0849,-0.0038,-0.4892,0.4490,0.0849,-0.0038,7.8039,10.5720,0.000485,-0.001284,0
2.9200,0.0952,-0.0003,-0.5732,-0.0024,0.0952,-0.0003,-2.9513,-36.4478,-0.001003,0.002943,0
2.9400,0.1060,0.0131,-0.0284,-0.0103,0.1060,0.0131,-51.2858,18.4340,0.005007,-0.002542,0
2.9600,0.1067,0.0157,-1.6915,-1.7423,0.1067,0.0157,-37.6384,29.5318,0.004013,-0.002980,0
2.9800,0.1119,0.0024,-0.0420,-0.0729,0.1119,0.0024,24.6646,15.1023,-0.001656,-0.001652,0
3.0000,0.1109,0.0056,0.0031,-0.0212,0.1109,0.0056,-6.2425,-0.1490,0.000247,-0.000324,0
3.0200,0.1207,0.0235,-0.0136,0.0042,0.1207,0.0235,13.4792,-22.7152,-0.000054,0.001287,0
3.0400,0.1260,0.0374,-0.0144,0.0065,0.1260,0.0374,20.4322,-19.4970,-0.002010,0.001541,0
3.0600,0.1434,0.0447,1.2942,0.0055,0.1434,0.0447,-37.2150,25.3668,0.001095,-0.002565,0
3.0800,0.2192,0.0517,0.7733,0.0020,0.2192,0.0517,30.1459,-10.2817,-0.001724,0.000347,0
3.1000,0.1197,0.0459,-10.4692,-10.5197,0.1197,0.0459,24.2451,-20.3130,0.000720,0.003590,0
3.1200,0.0556,-0.0035,0.0087,-0.0234,0.0556,-0.0035,-10.3909,-21.3929,0.002881,0.004807,0
3.1400,0.0356,-0.0076,-0.0355,-0.0022,0.0356,-0.0076,-16.4119,3.7458,0.001939,-0.000765,0
3.1600,0.0358,0.0101,-0.0016,0.0244,0.0358,0.0101,-25.6310,19.7083,0.002306,-0.002746,0
3.1800,0.0568,0.0192,0.0312,-0.0005,0.0568,0.0192,35.8011,18.4715,-0.003294,-0.001952,0
3.2000,0.0521,0.0188,0.0022,0.0230,0.0521,0.0188,21.3546,6.3404,-0.000884,-0.001623,0
3.2200,0.0473,0.0082,0.0042,-0.0141,0.0473,0.0082,42.9350,13.4568,-0.002614,-0.000658,0
3.2400,0.0449,-0.0022,0.0146,0.0041,0.0449,-0.0022,25.9164,-5.4527,-0.002789,0.001362,0
3.2600,0.0911,-0.0121,1.8167,0.0087,0.0911,-0.0121,72.1684,1.9491,-0.005200,-0.000576,0
3.2800,0.0978,-0.0257,-0.0401,0.0002,0.0978,-0.0257,3.9533,5.9935,0.000619,-0.000446,0
3.3000,0.1056,-0.0246,-0.0355,-0.0006,0.1056,-0.0246,-19.2999,9.3982,0.002299,-0.000644,0
3.3200,0.1136,-0.0137,0.0273,0.0002,0.1136,-0.0137,-22.9309,-4.2155,-0.000759,-0.000369,0
3.3400,0.1203,-0.0250,0.0015,-0.4135,0.1203,-0.0250,-20.7124,-21.2169,0.002403,0.003444,0
3.3600,0.1253,-0.0102,-0.0062,0.1030,0.1253,-0.0102,-28.1887,25.5261,0.002562,-0.002969,0
3.3800,0.1529,-0.0150,-0.8134,-0.0034,0.1529,-0.0150,21.4473,-5.4904,-0.001356,0.001021,0
3.4000,0.1291,-0.0130,0.0053,0.0170,0.1291,-0.0130,-19.0729,-7.7406,0.001137,0.001499,0
3.4200,0.1279,0.0057,-0.7733,-0.7886,0.1279,0.0057,6.1756,30.4915,-0.000597,-0.002601,0
3.4400,0.1303,-0.0624,-0.5156,-1.6985,0.1303,-0.0624,5.0301,-11.5975,0.000795,0.000702,0
3.4600,0.1386,-0.0654,0.0070,0.0213,0.1386,-0.0654,31.5733,12.2491,-0.003679,-0.000384,0
3.4800,0.1527,-0.0815,-0.0276,0.0007,0.1527,-0.0815,-2.5627,12.0309,-0.000591,0.000153,0
3.5000,0.1174,-0.0800,-8.8578,8.8086,0.1174,-0.0800,31.0644,20.6850,-0.001179,-0.002922,0
3.5200,0.0483,-0.0581,-0.0273,-0.0029,0.0483,-0.0581,-27.1730,12.8558,0.002260,-0.001044,0
3.5400,0.0654,-0.0612,-0.0230,0.0036,0.0654,-0.0612,-13.5145,15.3775,0.001416,-0.001875,0
3.5600,0.0652,-0.0799,-0.0257,-0.0057,0.0652,-0.0799,-40.7297,0.9808,0.003162,0.001707,0
3.5800,0.0819,-0.0862,-0.0334,-0.0108,0.0819,-0.0862,-4.0230,14.4285,-0.000206,0.000516,0
3.6000,0.0705,-0.0807,-1.0220,1.0452,0.0705,-0.0807,-2.8827,0.0036,0.000045,-0.000097,0
3.6200,0.0855,-0.0795,-0.0000,0.0035,0.0855,-0.0795,-42.2358,2.2019,0.002991,-0.001896,0
3.6400,0.1349,-0.0818,0.0010,-1.1575,0.1349,-0.0818,-18.6953,18.4672,0.002098,-0.001247,0
3.6600,0.1520,-0.0805,-3.1325,-2.6720,0.1520,-0.0805,10.1395,-10.9452,-0.000687,0.003039,0
3.6800,0.1142,-0.0464,-4.0876,3.6579,0.1142,-0.0464,13.2330,-17.1658,-0.001360,0.002049,0
3.7000,0.0978,-0.0228,-0.0186,-0.0069,0.0978,-0.0228,-17.3150,13.2380,0.001539,-0.000068,0
3.7200,0.0968,-0.0413,-0.0000,-0.0502,0.0968,-0.0413,-4.1990,11.1396,0.000607,-0.000489,0
3.7400,0.1057,-0.0734,0.0001,-1.3221,0.1057,-0.0734,-26.2274,19.4426,0.003976,-0.000552,0
3.7600,0.1101,-0.1275,-0.7602,0.7781,0.1101,-0.1275,9.0832,-23.9101,-0.000331,0.001771,0
3.7800,0.0974,-0.1211,-1.8719,1.8604,0.0974,-0.1211,-5.3170,14.5718,0.001418,-0.002800,0
3.8000,0.0982,-0.1571,-0.0006,-0.9322,0.0982,-0.1571,7.8934,-2.5324,0.001441,0.002734,0
3.8200,0.1122,-0.1687,4.0803,4.7203,0.1122,-0.1687,-4.2582,-11.3983,-0.002123,0.002468,0
3.8400,0.1124,-0.1745,-5.6033,5.6788,0.1124,-0.1745,40.6384,5.3931,-0.003778,-0.002997,0
3.8600,0.0841,-0.1343,0.0086,0.0332,0.0841,-0.1343,-11.1042,1.5834,-0.002016,-0.000563,0
3.8800,0.1125,-0.1415,0.0049,0.0434,0.1125,-0.1415,-11.8701,-34.6358,-0.000097,0.004088,0
3.9000,0.1403,-0.1492,0.0097,0.0184,0.1403,-0.1492,3.4522,5.3015,-0.002040,-0.001072,0
3.9200,0.1574,-0.1633,-0.0320,-0.0052,0.1574,-0.1633,-6.8046,32.8419,0.000952,-0.003504,0
3.9400,0.1583,-0.1936,-0.0088,-0.0011,0.1583,-0.1936,30.5912,-27.2408,-0.000514,0.004191,0
3.9600,0.1413,-0.1912,0.0003,-0.4207,0.1413,-0.1912,-9.5695,63.0379,0.001083,-0.003704,0
3.9800,0.1708,-0.2275,-0.0390,-0.0030,0.1708,-0.2275,-9.2585,-4.8615,0.001846,0.001025,0
4.0000,0.1848,-0.2442,-0.0339,-0.0121,0.1848,-0.2442,-7.7957,-1.7280,0.000443,0.001673,1
4.0200,0.1906,-0.2523,0.0008,0.0473,0.1906,-0.2523,18.4664,-10.0352,-0.001275,0.000064,1
4.0400,0.1692,-0.2372,-0.0294,-0.0087,0.1692,-0.2372,9.3017,-11.0181,-0.001277,0.003202,1
4.0600,0.1316,-0.1767,-9.6269,9.7290,0.1316,-0.1767,-19.1829,-10.9923,0.002038,0.000718,1
4.0800,0.0239,-0.0594,-10.3106,10.3828,0.0239,-0.0594,17.4113,-12.1000,-0.000005,0.000082,1
4.1000,0.0333,-0.0280,-0.0005,0.0289,0.0333,-0.0280,-9.4990,-25.4153,0.001672,0.002761,1
4.1200,0.0302,-0.0270,0.0007,0.0262,0.0302,-0.0270,-1.4086,-33.0990,0.000789,0.003275,1
4.1400,0.0333,-0.0219,0.0009,0.0185,0.0333,-0.0219,33.0170,-10.5310,-0.002102,0.000062,1
4.1600,0.0489,-0.0107,0.0032,0.0273,0.0489,-0.0107,-14.4215,-3.5145,0.002281,-0.001283,1
4.1800,0.0602,-0.0190,0.0047,0.0295,0.0602,-0.0190,-1.0750,-23.0631,-0.001142,0.003415,1
4.2000,0.0521,-0.0057,-0.0222,-0.0094,0.0521,-0.0057,-8.8675,-3.1222,0.002783,-0.001023,1
4.2200,0.0505,-0.0036,0.0026,-0.0347,0.0505,-0.0036,2.0902,-2.9944,0.000828,0.000942,1
4.2400,0.0465,-0.0018,-0.0169,-0.0014,0.0465,-0.0018,-14.3199,-3.5972,0.002606,-0.000130,1
4.2600,0.0452,-0.0108,0.0188,-0.0003,0.0452,-0.0108,-8.5592,-6.7425,-0.000717,0.000429,1
4.2800,0.0483,-0.0314,-0.0199,-0.0037,0.0483,-0.0314,1.8694,5.5129,0.001049,0.000657,1
4.3000,0.0373,-0.0471,-0.0450,-0.0001,0.0373,-0.0471,-39.1798,16.2563,0.003348,-0.002180,1
4.3200,0.0318,-0.0446,-2.8423,2.8230,0.0318,-0.0446,51.6236,7.9010,-0.003518,-0.001302,0
4.3400,0.0368,-0.0411,0.0013,0.0200,0.0368,-0.0411,-12.7469,15.8435,0.000659,-0.002663,0
4.3600,0.0440,-0.0539,-0.0139,-0.0085,0.0440,-0.0539,-20.1444,3.5579,0.001407,0.000841,0
4.3800,0.0694,-0.0617,0.0119,0.0127,0.0694,-0.0617,-20.8635,-5.1825,-0.000446,0.000073,0
4.4000,0.0865,-0.0820,-0.0475,-0.0008,0.0865,-0.0820,-23.6375,-18.0694,0.003705,0.003008,0
4.4200,0.1067,-0.0978,0.0034,0.0262,0.1067,-0.0978,33.3689,-16.9230,-0.003428,0.000836,0
4.4400,0.1050,-0.0823,-2.8451,2.8886,0.1050,-0.0823,-11.2309,-14.3689,0.000759,-0.000113,0
4.4600,0.0661,-0.0250,0.0522,-0.0007,0.0661,-0.0250,1.4820,-18.2655,0.000306,0.001365,0
4.4800,0.0607,-0.0329,-0.0413,0.0007,0.0607,-0.0329,58.6675,-21.4993,-0.003993,0.002056,0
4.5000,0.0446,-0.0348,-0.0145,-0.0366,0.0446,-0.0348,-9.6778,-19.2488,0.001420,0.002965,0
4.5200,0.0244,-0.0327,-0.0319,-0.0061,0.0244,-0.0327,3.5150,-19.2701,0.001131,0.000933,0
4.5400,0.0169,-0.0187,0.0303,-0.0008,0.0169,-0.0187,-15.4333,31.1651,0.000250,-0.004199,0
4.5600,0.0352,-0.0410,0.0206,0.0038,0.0352,-0.0410,18.6751,-4.8861,-0.003231,0.000152,0
4.5800,0.0516,-0.0499,-0.0139,-0.0221,0.0516,-0.0499,-4.4013,-3.8391,-0.000555,0.002159,0
4.6000,0.0511,-0.0574,-0.0259,-0.0029,0.0511,-0.0574,-2.7240,-9.9428,0.000513,0.001763,0
4.6200,0.0564,-0.0611,-0.0393,-0.0050,0.0564,-0.0611,22.0793,12.8683,-0.001302,-0.000247,0
4.6400,0.0580,-0.0865,-0.0361,-0.0015,0.0580,-0.0865,28.1563,-25.7237,-0.001908,0.003172,0
4.6600,0.0434,-0.0677,0.0023,0.0395,0.0434,-0.0677,-4.5361,-8.7738,0.000218,-0.000486,0
4.6800,0.0451,-0.0693,-0.0240,0.0000,0.0451,-0.0693,38.0857,11.6482,-0.001498,-0.002475,0
4.7000,0.0565,-0.0817,0.0065,0.0363,0.0565,-0.0817,-28.9336,-20.1126,0.001568,0.002881,0
4.7200,0.0764,-0.0671,-1.8554,1.8844,0.0764,-0.0671,-14.3587,-25.4484,0.001349,0.001599,0
4.7400,0.0723,-0.0484,0.0027,-0.0329,0.0723,-0.0484,25.5974,-4.2380,-0.000652,0.001716,0
4.7600,0.0757,-0.0511,-0.0362,-0.0013,0.0757,-0.0511,21.2927,-35.6785,-0.001257,0.004978,0
4.7800,0.0788,-0.0555,-0.0379,-0.0004,0.0788,-0.0555,2.8536,16.1115,-0.000021,-0.002207,0
4.8000,0.0905,-0.0673,0.0006,0.0129,0.0905,-0.0673,9.8389,-16.3438,-0.001163,0.000775,0
4.8200,0.0734,-0.0526,0.0158,0.0089,0.0734,-0.0526,-16.6997,-2.5123,0.001622,-0.000411,0
4.8400,0.0933,-0.0656,-0.0377,0.0008,0.0933,-0.0656,4.8116,9.2809,0.001718,-0.000984,0
4.8600,0.0721,-0.0506,-0.0378,0.0047,0.0721,-0.0506,7.8787,2.1951,0.000100,-0.001376,0
4.8800,0.0531,-0.0607,-0.0495,-0.0001,0.0531,-0.0607,-22.0655,-13.6802,0.002077,0.001661,0
4.9000,0.0525,-0.0618,0.0432,0.0013,0.0525,-0.0618,-18.7490,-11.2937,-0.000596,0.002629,0
4.9200,0.0584,-0.0751,-0.0001,-0.0316,0.0584,-0.0751,-12.0567,16.0848,0.001489,-0.001141,0
4.9400,0.0608,-0.0932,-0.0204,-0.0070,0.0608,-0.0932,-5.3589,10.1940,0.000367,0.000042,0
4.9600,0.0817,-0.1006,0.0000,0.0247,0.0817,-0.1006,9.4084,-2.8057,-0.001256,-0.001220,0
4.9800,0.0556,-0.0721,0.0213,-0.0067,0.0556,-0.0721,-26.1972,-10.7158,-0.000157,-0.000108,0
5.0000,0.0811,-0.0598,0.0005,0.0205,0.0811,-0.0598,11.8780,10.9756,-0.001064,-0.001717,0
5.0200,0.0814,-0.0743,-0.0337,-0.0066,0.0814,-0.0743,-3.0339,7.5881,0.000236,0.000406,0
5.0400,0.0640,-0.0592,-0.0344,-0.0036,0.0640,-0.0592,48.8458,-3.6792,-0.003436,0.000846,0
5.0600,0.0503,-0.0572,-0.0357,0.0006,0.0503,-0.0572,-7.3839,-10.2259,0.001177,0.001091,0
5.0800,0.0646,-0.0360,0.0227,-0.0054,0.0646,-0.0360,-4.3368,17.0279,-0.001311,-0.002531,0
5.1000,0.0660,-0.0350,-0.0287,-0.0008,0.0660,-0.0350,22.3031,23.0201,-0.000536,-0.002761,0
5.1200,0.0727,-0.0423,0.1249,0.0003,0.0727,-0.0423,-9.7034,-25.2017,-0.001191,0.002564,0
5.1400,0.0908,-0.0347,-0.0296,-0.0017,0.0908,-0.0347,26.1628,9.1744,-0.000721,-0.001620,0
5.1600,0.1020,-0.0446,0.0212,0.0035,0.1020,-0.0446,12.4611,4.3871,-0.001436,-0.000213,0
5.1800,0.1183,-0.0498,-0.0104,0.0139,0.1183,-0.0498,-30.7629,-8.6098,0.003016,0.000973,0
5.2000,0.1173,-0.0481,-6.5028,6.4599,0.1173,-0.0481,-36.3641,32.7077,0.004875,-0.004971,0
5.2200,0.1229,-0.0721,0.0000,-0.0721,0.1229,-0.0721,19.6093,33.1366,-0.001286,-0.002314,0
5.2400,0.1187,-0.0953,-6.0941,6.0439,0.1187,-0.0953,40.0610,7.0096,-0.002316,-0.002476,0
5.2600,0.0724,-0.0584,0.0021,-0.0422,0.0724,-0.0584,6.5739,-12.4536,0.000362,0.001741,0
5.2800,0.0661,-0.0891,-0.0259,-0.0145,0.0661,-0.0891,-14.3488,21.5798,0.000464,-0.000403,0
5.3000,0.0939,-0.1075,-0.0024,0.0505,0.0939,-0.1075,-10.6003,-15.0567,0.000665,-0.000222,0
5.3200,0.1179,-0.1112,0.0027,0.0419,0.1179,-0.1112,48.5421,-4.9095,-0.004265,0.000230,0
5.3400,0.1004,-0.1099,-0.0502,-0.0038,0.1004,-0.1099,54.7311,11.2815,-0.005085,-0.000856,0
5.3600,0.0519,-0.0982,-0.0357,0.0194,0.0519,-0.0982,15.9480,11.0177,0.002223,0.000481,0
5.3800,0.0482,-0.1009,0.0032,0.0313,0.0482,-0.1009,-15.7477,7.4249,0.000967,-0.002237,0
5.4000,0.0564,-0.0988,-0.0028,0.0322,0.0564,-0.0988,21.3311,-20.9259,-0.001552,0.001206,0
5.4200,0.0591,-0.0984,0.0319,-0.0003,0.0591,-0.0984,6.1616,-23.1944,-0.000220,0.002486,0
5.4400,0.0652,-0.0975,0.0033,0.0307,0.0652,-0.0975,-7.5662,-4.2000,-0.000034,0.000391,0
5.4600,0.0558,-0.1009,-0.0026,0.0280,0.0558,-0.1009,23.0513,-11.6158,-0.002561,0.000118,0
5.4800,0.0445,-0.1036,-0.0178,0.0033,0.0445,-0.1036,-6.8920,11.5502,0.001325,-0.001081,0
5.5000,0.0415,-0.0938,0.0008,0.0174,0.0415,-0.0938,-23.1843,27.8946,0.002250,-0.004612,0
5.5200,0.0574,-0.1001,0.0239,-0.0013,0.0574,-0.1001,-5.0842,32.3464,0.000437,-0.003990,0
5.5400,0.0611,-0.1307,-0.0008,-0.8770,0.0611,-0.1307,29.1962,16.3695,-0.001106,0.000832,0
5.5600,0.0643,-0.1425,-0.0273,-0.0016,0.0643,-0.1425,-18.5437,25.5624,0.001790,-0.002941,0
5.5800,0.0585,-0.1399,-8.4242,8.5021,0.0585,-0.1399,3.4046,16.1174,0.001124,-0.003964,0
5.6000,0.0433,-0.1512,0.0097,0.0214,0.0433,-0.1512,-30.5640,3.8820,0.001070,-0.000079,0
5.6200,0.0608,-0.1684,-0.0157,-0.0124,0.0608,-0.1684,-30.5118,1.9251,0.000793,0.001628,0
5.6400,0.0770,-0.1882,-0.0046,-1.3934,0.0770,-0.1882,16.5223,18.9081,-0.000450,0.000639,0
5.6600,0.0793,-0.2258,0.0051,1.3403,0.0793,-0.2258,20.4965,22.3989,-0.001051,-0.003495,0
5.6800,0.0809,-0.2218,0.0023,0.0234,0.0809,-0.2218,-25.3634,-8.5459,0.001464,0.000327,0
5.7000,0.1096,-0.2377,-0.0374,0.0026,0.1096,-0.2377,17.4093,-5.5460,-0.000857,0.000487,0
5.7200,0.0871,-0.1975,0.0110,0.0306,0.0871,-0.1975,-23.0846,25.4790,0.000866,-0.001634,0
5.7400,0.1026,-0.2129,-0.0176,0.0001,0.1026,-0.2129,-36.9673,-5.0518,0.004744,0.000867,0
5.7600,0.0705,-0.1820,0.0041,0.0242,0.0705,-0.1820,-39.4970,-4.3821,0.002549,0.000699,0
5.7800,0.0668,-0.1777,-6.1909,6.2254,0.0668,-0.1777,13.9468,12.6723,0.001197,-0.001724,0
5.8000,0.0296,-0.1380,0.0066,0.0144,0.0296,-0.1380,16.0385,6.4034,-0.002915,-0.000442,0
5.8200,0.0395,-0.1536,-0.0227,-0.0094,0.0395,-0.1536,25.4158,0.4896,-0.002758,0.001495,0
5.8400,0.0618,-0.1705,0.4307,-0.0016,0.0618,-0.1705,-40.7977,30.9057,0.001928,-0.004511,0
5.8600,0.0777,-0.1949,0.0070,0.0275,0.0777,-0.1949,-24.1196,-18.5341,0.000844,0.002388,0
5.8800,0.0908,-0.1974,0.0078,0.0262,0.0908,-0.1974,-26.7743,4.8597,0.001096,-0.000783,0
5.9000,0.1228,-0.2071,0.0031,0.0189,0.1228,-0.2071,6.3821,15.9648,-0.001532,-0.003140,0
5.9200,0.1341,-0.2273,-0.0155,-0.0096,0.1341,-0.2273,13.3080,22.5349,-0.001101,-0.000723,0
5.9400,0.1329,-0.2449,-4.8696,4.8815,0.1329,-0.2449,4.3254,2.1092,0.001152,-0.001635,0
5.9600,0.0730,-0.1893,0.0052,0.0142,0.0730,-0.1893,0.8361,-6.4701,-0.001629,0.000093,0
5.9800,0.0652,-0.1768,-5.4341,5.4343,0.0652,-0.1768,-25.2445,-10.0812,0.004141,0.000571,0
