time,pos_x,pos_y,pos_z,vel_z,roll,pitch,yaw,on_ground
0.0000,0.0000,0.0000,-0.2000,0.0245,-180.0,-0.0,0.0,0
0.0050,0.0000,0.0000,-0.1997,0.0735,-180.0,-0.0,0.0,0
0.0100,0.0000,0.0000,-0.1992,0.1224,-180.0,-0.0,0.0,0
0.0150,0.0000,0.0000,-0.1985,0.1713,-180.0,-0.0,0.0,0
0.0200,0.0000,0.0000,-0.1975,0.2201,-180.0,-0.0,0.0,0
0.0250,0.0000,0.0000,-0.1963,0.2688,-180.0,-0.0,0.0,0
0.0300,0.0000,0.0000,-0.1948,0.3174,-180.0,-0.0,0.0,0
0.0350,0.0000,0.0000,-0.1931,0.3660,-180.0,-0.0,0.0,0
0.0400,0.0000,0.0000,-0.1912,0.4146,-180.0,-0.0,0.0,0
0.0450,0.0000,0.0000,-0.1890,0.4630,-180.0,-0.0,0.0,0
0.0500,0.0000,0.0000,-0.1865,0.5114,-180.0,-0.0,0.0,0
0.0550,0.0000,0.0000,-0.1839,0.5597,-180.0,-0.0,0.0,0
0.0600,0.0000,0.0000,-0.1809,0.6080,-180.0,-0.0,0.0,0
0.0650,0.0000,0.0000,-0.1778,0.6562,-180.0,-0.0,0.0,0
0.0700,0.0000,0.0000,-0.1744,0.7043,-180.0,-0.0,0.0,0
0.0750,0.0000,0.0000,-0.1707,0.7524,-180.0,-0.0,0.0,0
0.0800,0.0000,0.0000,-0.1669,0.8004,-180.0,-0.0,0.0,0
0.0850,0.0000,0.0000,-0.1627,0.8483,-180.0,-0.0,0.0,0
0.0900,0.0000,0.0000,-0.1584,0.8962,-180.0,-0.0,0.0,0
0.0950,0.0000,0.0000,-0.1538,0.9440,-180.0,-0.0,0.0,0
0.1000,0.0000,0.0000,-0.1489,0.9918,-180.0,-0.0,0.0,0
0.1050,0.0000,0.0000,-0.1439,1.0394,-180.0,-0.0,0.0,0
0.1100,0.0000,0.0000,-0.1385,1.0871,-180.0,-0.0,0.0,0
0.1150,0.0000,0.0000,-0.1330,1.1346,-180.0,-0.0,0.0,0
0.1200,0.0000,0.0000,-0.1272,1.1821,-180.0,-0.0,0.0,0
0.1250,0.0000,0.0000,-0.1212,1.2295,-180.0,-0.0,0.0,0
0.1300,0.0000,0.0000,-0.1149,1.2769,-180.0,-0.0,0.0,0
0.1350,0.0000,0.0000,-0.1084,1.3242,-180.0,-0.0,0.0,0
0.1400,0.0000,0.0000,-0.1017,1.3714,-180.0,-0.0,0.0,0
0.1450,0.0000,0.0000,-0.0947,1.4186,-180.0,-0.0,0.0,0
0.1500,0.0000,0.0000,-0.0875,1.4657,-180.0,-0.0,0.0,0
0.1550,0.0000,0.0000,-0.0800,1.5127,-180.0,-0.0,0.0,0
0.1600,0.0000,0.0000,-0.0723,1.5597,-180.0,-0.0,0.0,0
0.1650,0.0000,0.0000,-0.0644,1.6066,-180.0,-0.0,0.0,0
0.1700,0.0000,0.0000,-0.0563,1.6534,-180.0,-0.0,0.0,0
0.1750,0.0000,0.0000,-0.0479,1.7002,-180.0,-0.0,0.0,0
0.1800,0.0000,0.0000,-0.0393,1.7469,-180.0,-0.0,0.0,0
0.1850,0.0000,0.0000,-0.0304,1.7936,-180.0,-0.0,0.0,0
0.1900,0.0000,0.0000,-0.0213,1.8402,-180.0,-0.0,0.0,0
0.1950,0.0000,0.0000,-0.0163,-0.4502,-180.0,-0.0,0.0,1
0.2000,0.0000,0.0000,-0.0184,-0.4006,-180.0,-0.0,0.0,0
0.2050,0.0000,0.0000,-0.0203,-0.3510,-180.0,-0.0,0.0,0
0.2100,0.0000,0.0000,-0.0219,-0.3015,-180.0,-0.0,0.0,0
0.2150,0.0000,0.0000,-0.0233,-0.2521,-180.0,-0.0,0.0,0
0.2200,0.0000,0.0000,-0.0244,-0.2028,-180.0,-0.0,0.0,0
0.2250,0.0000,0.0000,-0.0253,-0.1535,-180.0,-0.0,0.0,0
0.2300,0.0000,0.0000,-0.0260,-0.1042,-180.0,-0.0,0.0,0
0.2350,0.0000,0.0000,-0.0264,-0.0551,-180.0,-0.0,0.0,0
0.2400,0.0000,0.0000,-0.0265,-0.0060,-180.0,-0.0,0.0,0
0.2450,0.0000,0.0000,-0.0264,0.0430,-180.0,-0.0,0.0,0
0.2500,0.0000,0.0000,-0.0261,0.0920,-180.0,-0.0,0.0,0
0.2550,0.0000,0.0000,-0.0255,0.1409,-180.0,-0.0,0.0,0
0.2600,0.0000,0.0000,-0.0247,0.1897,-180.0,-0.0,0.0,0
0.2650,0.0000,0.0000,-0.0236,0.2385,-180.0,-0.0,0.0,0
0.2700,0.0000,0.0000,-0.0223,0.2872,-180.0,-0.0,0.0,0
0.2750,0.0000,0.0000,-0.0207,0.3358,-180.0,-0.0,0.0,0
0.2800,0.0000,0.0000,-0.0189,0.3844,-180.0,-0.0,0.0,0
0.2850,0.0000,0.0000,-0.0169,0.4329,-180.0,-0.0,0.0,0
0.2900,0.0000,0.0000,-0.0157,-0.0989,-180.0,-0.0,0.0,1
0.2950,0.0000,0.0000,-0.0160,-0.0497,-180.0,-0.0,0.0,1
0.3000,0.0000,0.0000,-0.0162,-0.0006,-180.0,-0.0,0.0,1
0.3050,0.0000,0.0000,-0.0161,0.0484,-180.0,-0.0,0.0,1
0.3100,0.0000,0.0000,-0.0157,0.0973,-180.0,-0.0,0.0,1
0.3150,0.0000,0.0000,-0.0155,0.0002,-180.0,-0.0,0.0,1
0.3200,0.0000,0.0000,-0.0155,0.0000,-180.0,-0.0,0.0,1
0.3250,0.0000,0.0000,-0.0155,0.0000,-180.0,-0.0,0.0,1
0.3300,0.0000,0.0000,-0.0155,0.0000,-180.0,-0.0,0.0,1
0.3350,0.0000,0.0000,-0.0155,0.0000,-180.0,-0.0,0.0,1
0.3400,0.0000,0.0000,-0.0155,0.0000,-180.0,-0.0,0.0,1
0.3450,0.0000,0.0000,-0.0155,0.0000,-180.0,-0.0,0.0,1
0.3500,0.0000,0.0000,-0.0155,0.0000,-180.0,-0.0,0.0,1
0.3550,0.0000,0.0000,-0.0155,0.0000,-180.0,-0.0,0.0,1
0.3600,0.0000,0.0000,-0.0155,0.0000,-180.0,-0.0,0.0,1
0.3650,0.0000,0.0000,-0.0155,0.0000,-180.0,-0.0,0.0,1
0.3700,0.0000,0.0000,-0.0155,0.0000,-180.0,-0.0,0.0,1
0.3750,0.0000,0.0000,-0.0155,0.0000,-180.0,-0.0,0.0,1
0.3800,0.0000,0.0000,-0.0155,0.0000,-180.0,-0.0,0.0,1
0.3850,0.0000,0.0000,-0.0155,0.0000,-180.0,-0.0,0.0,1
0.3900,0.0000,0.0000,-0.0155,0.0000,-180.0,-0.0,0.0,1
0.3950,0.0000,0.0000,-0.0155,0.0000,-180.0,-0.0,0.0,1
0.4000,0.0000,0.0000,-0.0155,0.0000,-180.0,-0.0,0.0,1
0.4050,0.0000,0.0000,-0.0155,0.0000,-180.0,-0.0,0.0,1
0.4100,0.0000,0.0000,-0.0155,0.0000,-180.0,-0.0,0.0,1
0.4150,0.0000,0.0000,-0.0155,0.0000,-180.0,-0.0,0.0,1
0.4200,0.0000,0.0000,-0.0155,0.0000,-180.0,-0.0,0.0,1
0.4250,0.0000,0.0000,-0.0155,0.0000,-180.0,-0.0,0.0,1
0.4300,0.0000,0.0000,-0.0155,0.0000,-180.0,-0.0,0.0,1
0.4350,0.0000,0.0000,-0.0155,0.0000,-180.0,-0.0,0.0,1
0.4400,0.0000,0.0000,-0.0155,0.0000,-180.0,-0.0,0.0,1
0.4450,0.0000,0.0000,-0.0155,0.0000,-180.0,-0.0,0.0,1
0.4500,0.0000,0.0000,-0.0155,0.0000,-180.0,-0.0,0.0,1
0.4550,0.0000,0.0000,-0.0155,0.0000,-180.0,-0.0,0.0,1
0.4600,0.0000,0.0000,-0.0155,0.0000,-180.0,-0.0,0.0,1
0.4650,0.0000,0.0000,-0.0155,0.0000,-180.0,-0.0,0.0,1
0.4700,0.0000,0.0000,-0.0155,0.0000,-180.0,-0.0,0.0,1
0.4750,0.0000,0.0000,-0.0155,0.0000,-180.0,-0.0,0.0,1
0.4800,0.0000,0.0000,-0.0155,0.0000,-180.0,-0.0,0.0,1
0.4850,0.0000,0.0000,-0.0155,0.0000,-180.0,-0.0,0.0,1
0.4900,0.0000,0.0000,-0.0155,0.0000,-180.0,-0.0,0.0,1
0.4950,0.0000,0.0000,-0.0155,0.0000,-180.0,-0.0,0.0,1
0.5000,0.0000,0.0000,-0.0155,0.0000,-180.0,-0.0,0.0,1
0.5050,0.0000,0.0000,-0.0155,0.0000,-180.0,-0.0,0.0,1
0.5100,0.0000,0.0000,-0.0155,0.0000,-180.0,-0.0,0.0,1
0.5150,0.0000,0.0000,-0.0155,0.0000,-180.0,-0.0,0.0,1
0.5200,0.0000,0.0000,-0.0155,0.0000,-180.0,-0.0,0.0,1
0.5250,0.0000,0.0000,-0.0155,0.0000,-180.0,-0.0,0.0,1
0.5300,0.0000,0.0000,-0.0155,0.0000,-180.0,-0.0,0.0,1
0.5350,0.0000,0.0000,-0.0155,0.0000,-180.0,-0.0,0.0,1
0.5400,0.0000,0.0000,-0.0155,0.0000,-180.0,-0.0,0.0,1
0.5450,0.0000,0.0000,-0.0155,0.0000,-180.0,-0.0,0.0,1
0.5500,0.0000,0.0000,-0.0155,0.0000,-180.0,-0.0,0.0,1
0.5550,0.0000,0.0000,-0.0155,0.0000,-180.0,-0.0,0.0,1
0.5600,0.0000,0.0000,-0.0155,0.0000,-180.0,-0.0,0.0,1
0.5650,0.0000,0.0000,-0.0155,0.0000,-180.0,-0.0,0.0,1
0.5700,0.0000,0.0000,-0.0155,0.0000,-180.0,-0.0,0.0,1
0.5750,0.0000,0.0000,-0.0155,0.0000,-180.0,-0.0,0.0,1
0.5800,0.0000,0.0000,-0.0155,0.0000,-180.0,-0.0,0.0,1
0.5850,0.0000,0.0000,-0.0155,0.0000,-180.0,-0.0,0.0,1
0.5900,0.0000,0.0000,-0.0155,0.0000,-180.0,-0.0,0.0,1
0.5950,0.0000,0.0000,-0.0155,0.0000,-180.0,-0.0,0.0,1
0.6000,0.0000,0.0000,-0.0155,0.0000,-180.0,-0.0,0.0,1
0.6050,0.0000,0.0000,-0.0155,0.0000,-180.0,-0.0,0.0,1
0.6100,0.0000,0.0000,-0.0155,0.0000,-180.0,-0.0,0.0,1
0.6150,0.0000,0.0000,-0.0155,0.0000,-180.0,-0.0,0.0,1
0.6200,0.0000,0.0000,-0.0155,0.0000,-180.0,-0.0,0.0,1
0.6250,0.0000,0.0000,-0.0155,0.0000,-180.0,-0.0,0.0,1
0.6300,0.0000,0.0000,-0.0155,0.0000,-180.0,-0.0,0.0,1
0.6350,0.0000,0.0000,-0.0155,0.0000,-180.0,-0.0,0.0,1
0.6400,0.0000,0.0000,-0.0155,0.0000,-180.0,-0.0,0.0,1
0.6450,0.0000,0.0000,-0.0155,0.0000,-180.0,-0.0,0.0,1
0.6500,0.0000,0.0000,-0.0155,0.0000,-180.0,-0.0,0.0,1
0.6550,0.0000,0.0000,-0.0155,0.0000,-180.0,-0.0,0.0,1
0.6600,0.0000,0.0000,-0.0155,0.0000,-180.0,-0.0,0.0,1
0.6650,0.0000,0.0000,-0.0155,0.0000,-180.0,-0.0,0.0,1
0.6700,0.0000,0.0000,-0.0155,0.0000,-180.0,-0.0,0.0,1
0.6750,0.0000,0.0000,-0.0155,0.0000,-180.0,-0.0,0.0,1
0.6800,0.0000,0.0000,-0.0155,0.0000,-180.0,-0.0,0.0,1
0.6850,0.0000,0.0000,-0.0155,0.0000,-180.0,-0.0,0.0,1
0.6900,0.0000,0.0000,-0.0155,0.0000,-180.0,-0.0,0.0,1
0.6950,0.0000,0.0000,-0.0155,0.0000,-180.0,-0.0,0.0,1
0.7000,0.0000,0.0000,-0.0155,0.0000,-180.0,-0.0,0.0,1
0.7050,0.0000,0.0000,-0.0155,0.0000,-180.0,-0.0,0.0,1
0.7100,0.0000,0.0000,-0.0155,0.0000,-180.0,-0.0,0.0,1
0.7150,0.0000,0.0000,-0.0155,0.0000,-180.0,-0.0,0.0,1
0.7200,0.0000,0.0000,-0.0155,0.0000,-180.0,-0.0,0.0,1
0.7250,0.0000,0.0000,-0.0155,0.0000,-180.0,-0.0,0.0,1
0.7300,0.0000,0.0000,-0.0155,0.0000,-180.0,-0.0,0.0,1
0.7350,0.0000,0.0000,-0.0155,0.0000,-180.0,-0.0,0.0,1
0.7400,0.0000,0.0000,-0.0155,0.0000,-180.0,-0.0,0.0,1
0.7450,0.0000,0.0000,-0.0155,0.0000,-180.0,-0.0,0.0,1
0.7500,0.0000,0.0000,-0.0155,0.0000,-180.0,-0.0,0.0,1
0.7550,0.0000,0.0000,-0.0155,0.0000,-180.0,-0.0,0.0,1
0.7600,0.0000,0.0000,-0.0155,0.0000,-180.0,-0.0,0.0,1
0.7650,0.0000,0.0000,-0.0155,0.0000,-180.0,-0.0,0.0,1
0.7700,0.0000,0.0000,-0.0155,0.0000,-180.0,-0.0,0.0,1
0.7750,0.0000,0.0000,-0.0155,0.0000,-180.0,-0.0,0.0,1
0.7800,0.0000,0.0000,-0.0155,0.0000,-180.0,-0.0,0.0,1
0.7850,0.0000,0.0000,-0.0155,0.0000,-180.0,-0.0,0.0,1
0.7900,0.0000,0.0000,-0.0155,0.0000,-180.0,-0.0,0.0,1
0.7950,0.0000,0.0000,-0.0155,0.0000,-180.0,-0.0,0.0,1
0.8000,0.0000,0.0000,-0.0155,0.0000,-180.0,-0.0,0.0,1
0.8050,0.0000,0.0000,-0.0155,0.0000,-180.0,-0.0,0.0,1
0.8100,0.0000,0.0000,-0.0155,0.0000,-180.0,-0.0,0.0,1
0.8150,0.0000,0.0000,-0.0155,0.0000,-180.0,-0.0,0.0,1
0.8200,0.0000,0.0000,-0.0155,0.0000,-180.0,-0.0,0.0,1
0.8250,0.0000,0.0000,-0.0155,0.0000,-180.0,-0.0,0.0,1
0.8300,0.0000,0.0000,-0.0155,0.0000,-180.0,-0.0,0.0,1
0.8350,0.0000,0.0000,-0.0155,0.0000,-180.0,-0.0,0.0,1
0.8400,0.0000,0.0000,-0.0155,0.0000,-180.0,-0.0,0.0,1
0.8450,0.0000,0.0000,-0.0155,0.0000,-180.0,-0.0,0.0,1
0.8500,0.0000,0.0000,-0.0155,0.0000,-180.0,-0.0,0.0,1
0.8550,0.0000,0.0000,-0.0155,0.0000,-180.0,-0.0,0.0,1
0.8600,0.0000,0.0000,-0.0155,0.0000,-180.0,-0.0,0.0,1
0.8650,0.0000,0.0000,-0.0155,0.0000,-180.0,-0.0,0.0,1
0.8700,0.0000,0.0000,-0.0155,0.0000,-180.0,-0.0,0.0,1
0.8750,0.0000,0.0000,-0.0155,0.0000,-180.0,-0.0,0.0,1
0.8800,0.0000,0.0000,-0.0155,0.0000,-180.0,-0.0,0.0,1
0.8850,0.0000,0.0000,-0.0155,0.0000,-180.0,-0.0,0.0,1
0.8900,0.0000,0.0000,-0.0155,0.0000,-180.0,-0.0,0.0,1
0.8950,0.0000,0.0000,-0.0155,0.0000,-180.0,-0.0,0.0,1
0.9000,0.0000,0.0000,-0.0155,0.0000,-180.0,-0.0,0.0,1
0.9050,0.0000,0.0000,-0.0155,0.0000,-180.0,-0.0,0.0,1
0.9100,0.0000,0.0000,-0.0155,0.0000,-180.0,-0.0,0.0,1
0.9150,0.0000,0.0000,-0.0155,0.0000,-180.0,-0.0,0.0,1
0.9200,0.0000,0.0000,-0.0155,0.0000,-180.0,-0.0,0.0,1
0.9250,0.0000,0.0000,-0.0155,0.0000,-180.0,-0.0,0.0,1
0.9300,0.0000,0.0000,-0.0155,0.0000,-180.0,-0.0,0.0,1
0.9350,0.0000,0.0000,-0.0155,0.0000,-180.0,-0.0,0.0,1
0.9400,0.0000,0.0000,-0.0155,0.0000,-180.0,-0.0,0.0,1
0.9450,0.0000,0.0000,-0.0155,0.0000,-180.0,-0.0,0.0,1
0.9500,0.0000,0.0000,-0.0155,0.0000,-180.0,-0.0,0.0,1
0.9550,0.0000,0.0000,-0.0155,0.0000,-180.0,-0.0,0.0,1
0.9600,0.0000,0.0000,-0.0155,0.0000,-180.0,-0.0,0.0,1
0.9650,0.0000,0.0000,-0.0155,0.0000,-180.0,-0.0,0.0,1
0.9700,0.0000,0.0000,-0.0155,0.0000,-180.0,-0.0,0.0,1
0.9750,0.0000,0.0000,-0.0155,0.0000,-180.0,-0.0,0.0,1
0.9800,0.0000,0.0000,-0.0155,0.0000,-180.0,-0.0,0.0,1
0.9850,0.0000,0.0000,-0.0155,0.0000,-180.0,-0.0,0.0,1
0.9900,0.0000,0.0000,-0.0155,0.0000,-180.0,-0.0,0.0,1
0.9950,0.0000,0.0000,-0.0155,0.0000,-180.0,-0.0,0.0,1
