accel_bias_x_drift,accel_bias_x_mean,accel_bias_x_std,accel_bias_y_drift,accel_bias_y_mean,accel_bias_y_std,accel_bias_z_drift,accel_bias_z_mean,accel_bias_z_std,accel_x_mean,accel_x_rms,accel_x_std,accel_y_mean,accel_y_rms,accel_y_std,accel_z_mean,accel_z_rms,accel_z_std,accel_z_std_high,accel_z_std_idle,accel_z_std_low,accel_z_std_mid,category,gyro_bias_x_drift,gyro_bias_x_mean,gyro_bias_x_std,gyro_bias_y_drift,gyro_bias_y_mean,gyro_bias_y_std,gyro_bias_z_drift,gyro_bias_z_mean,gyro_bias_z_std,gyro_x_mean,gyro_x_rms,gyro_x_std,gyro_x_std_high,gyro_x_std_idle,gyro_x_std_low,gyro_x_std_mid,gyro_y_mean,gyro_y_rms,gyro_y_std,gyro_z_mean,gyro_z_rms,gyro_z_std,name,samples,tof_max,tof_mean,tof_min,tof_std
0.2124,-0.1184936170212766,0.1054860511183075,-0.015,0.00836819329246304,0.007449579881236404,0.6742,0.19618625135232598,0.30188473673962907,-0.2887061015598292,1.4804919789808362,1.4804919789808362,0.0237650264182812,1.2756199875278518,1.2756199875278518,-9.569850238274515,2.132581663123053,2.132581663123053,2.2694841490831026,0.0517817779405834,1.3409630887935422,1.2640495911228304,hover,0.0035,-0.011523665705012622,0.03973909975329521,0.00019999999999999993,-0.014084592499098448,0.0558290420825378,-0.0006000000000000001,-0.0001652722683014786,0.0002979831952494561,-0.0021955732448165535,1.1105228055026488,1.1105228055026488,0.7899246055166521,0.018193714748656376,1.9304184416573664,1.004840597878506,0.009017013983291366,0.9093600917311555,0.9093600917311555,-0.0069510502375137295,0.40254985526472487,0.40254985526472487,flight.csv,11092,0.8280000686645508,0.24901804254362422,0.03100000135600567,0.2554544533706953
0.0786,-0.14581757440476192,0.06455871687674135,-0.0574,0.02746177083333333,0.021649832731012404,0.020699999999999996,-0.22213953869047615,0.011581061642841242,-0.08457328327668143,2.4365023436454356,2.4365023436454356,-0.38309173542838404,2.323444309425778,2.323444309425778,-5.238325912713827,8.466947136535708,8.466947136535708,3.297587866294943,9.868430733826346,2.654503621935815,2.6760456265582997,hover,0.0091,0.0010893154761904764,0.0037611392661062422,0.0056,0.002118720238095238,0.002194475781923228,0.0,0.007299999999999999,8.673617379884035e-19,-0.18627081693247355,2.655185065151719,2.655185065151719,3.4964455584275194,0.6164308026379651,2.304191994660811,4.216338279295627,0.09796784840768077,2.8214800744015216,2.8214800744015216,-0.1581607445802157,1.8973112378342158,1.8973112378342158,hover01.csv,6720,0.35200002789497375,0.09853437943023718,0.03100000135600567,0.11100434796842029
0.0508,-0.14447742733457017,0.006015362012963803,0.0336,-0.0060220779220779225,0.003978664638495742,0.3935,-0.1512593846629561,0.060874498115151957,-0.12689698606023384,0.8012986506926516,0.8012986506926516,0.039537256488884995,0.5417362091190225,0.5417362091190225,-9.60871222113929,1.400739498314744,1.400739498314744,1.4445179794046963,0.011192758541385715,0.2683890059714739,0.3979200206156019,hover,0.061200000000000004,-0.0016445114409400126,0.005461737022056864,0.027800000000000005,0.0042634353741496595,0.0025267567064550765,0.0,0.007299999999999999,8.673617379884035e-19,-0.03970990835379913,0.6396331285367124,0.6396331285367124,0.7789764476650951,0.0015248676555323416,0.03260482677287679,0.0699279473847984,0.00547040904967798,0.535698421919563,0.535698421919563,0.03289430935026715,0.12664345549215608,0.12664345549215608,hover02.csv,6468,1.6750000715255737,0.8093966697708427,0.04000000283122063,0.5559668052706348
0.0,-0.16429999999999997,2.7755575615628914e-17,0.0,-0.036899999999999995,6.938893903907228e-18,0.0,-0.25170000000000003,5.551115123125783e-17,-0.16203673747645703,0.009542411925136992,0.009542411925136992,-0.04766377635689752,0.010435651320313362,0.010435651320313362,-10.043308288056329,0.013239687066192683,0.013239687066192683,,0.013239687066192683,,,static,0.0,-0.0032000000000000015,1.3010426069826053e-18,-0.00010000000000000026,0.002496992273730684,1.707999442682688e-05,0.0,0.0053,0.0,-0.0032921803166980792,0.0015133622127318392,0.0015133622127318392,,0.0015133622127318392,,,0.0016659808078419353,0.0014646642645895016,0.0014646642645895016,0.006033812600848929,0.0014355891358903746,0.0014355891358903746,hover03.csv,3624,,,,
0.0,-0.16429999999999995,5.551115123125783e-17,0.0,-0.036899999999999995,6.938893903907228e-18,0.0,-0.25170000000000003,5.551115123125783e-17,-0.16165553297433588,0.010075222557795567,0.010075222557795567,-0.05725946403237887,0.010884914491202512,0.010884914491202512,-10.026803161568111,0.011789416756937395,0.011789416756937395,,0.011789416756937395,,,static,0.0,-0.003299999999999999,8.673617379884035e-19,0.0,0.0024000000000000002,4.336808689942018e-19,0.0,0.005299999999999999,8.673617379884035e-19,-0.0031384246873564178,0.0015246203564742605,0.0015246203564742605,,0.0015246203564742605,,,0.0031421836208988274,0.0014609342756543775,0.0014609342756543775,0.005802485112928682,0.001402444445736863,0.001402444445736863,hover04.csv,3600,0.03200000151991844,0.031140834712423383,0.03100000135600567,0.0003478496014403671
0.0,-0.0784,0.0,0.0,-0.08469999999999998,1.3877787807814457e-17,0.0,-0.20060000000000008,8.326672684688674e-17,-0.07950405843969849,0.008917673711082725,0.008917673711082725,-0.09236565802660253,0.01030490587937272,0.01030490587937272,-10.00923363659117,0.011691368523323385,0.011691368523323385,,0.011691368523323385,,,static,-9.999999999999983e-05,-0.003548527777777778,4.997832091745766e-05,9.999999999999983e-05,0.0016753333333333334,4.310710176087249e-05,0.0,0.0048000000000000004,8.673617379884035e-19,-0.003930185823769029,0.0015256104455632267,0.0015256104455632267,,0.0015256104455632267,,,0.002405760008564862,0.0014542183245599921,0.0014542183245599921,0.004991020253930603,0.0014154667584236353,0.0014154667584236353,hover06.csv,3600,,,,
0.0,-0.07840000000000003,2.7755575615628914e-17,0.0,-0.0847,0.0,0.0,-0.20060000000000008,8.326672684688674e-17,-0.08045303463341152,0.007862343132382797,0.007862343132382797,-0.10114817548520773,0.010719186801615878,0.010719186801615878,-10.000339937018582,0.011769041960167006,0.011769041960167006,,0.011769041960167006,,,static,0.0,-0.003700000000000002,1.734723475976807e-18,0.0,0.0018999999999999993,6.505213034913027e-19,0.0,0.0048,0.0,-0.0038523810747849675,0.0016183400806051439,0.0016183400806051439,,0.0016183400806051439,,,0.002149963346174577,0.0014444813139362152,0.0014444813139362152,0.004877698760983512,0.001396150559096054,0.001396150559096054,hover07.csv,3984,,,,
0.0,-0.07840000000000003,2.7755575615628914e-17,0.0,-0.08470000000000001,1.3877787807814457e-17,0.0,-0.20060000000000008,8.326672684688674e-17,-0.08124221046711062,0.009211542416766251,0.009211542416766251,-0.10819081747467135,0.011472565833380457,0.011472565833380457,-9.992483420805497,0.012467738721721345,0.012467738721721345,,0.012467738721721345,,,static,0.0,-0.003599999999999999,8.673617379884035e-19,0.0,0.0018999999999999996,4.336808689942018e-19,0.0,0.0048000000000000004,8.673617379884035e-19,-0.0034843162343790495,0.001538200662283225,0.001538200662283225,,0.001538200662283225,,,0.0017414928730884243,0.0015060043002671237,0.0015060043002671237,0.005245624094169688,0.0014231051512409805,0.0014231051512409805,hover08.csv,4004,,,,
0.0,-0.09729999999999997,2.7755575615628914e-17,0.0,0.17419999999999994,5.551115123125783e-17,0.0,-0.24270000000000008,8.326672684688674e-17,-0.09741067375323703,0.02401475684573936,0.02401475684573936,0.16848194302872704,0.03123568623720605,0.03123568623720605,-10.046498750674111,0.03591662118358106,0.03591662118358106,,0.03591662118358106,,,static,9.999999999999983e-05,-0.00353934830230011,4.885223982695306e-05,-0.00010000000000000026,0.002483324205914567,3.727596142507287e-05,0.0,0.0055,0.0,-0.002731370372001223,0.0017937434161760493,0.0017937434161760493,,0.0017937434161760493,,,0.002162970846164297,0.0030535335275166465,0.0030535335275166465,0.005612189807173409,0.0019849045879314644,0.0019849045879314644,hover09.csv,3652,,,,
0.0,-0.09729999999999997,2.7755575615628914e-17,0.0,0.17419999999999994,5.551115123125783e-17,0.0,-0.24270000000000005,5.551115123125783e-17,-0.09709751516379214,0.008950623824240025,0.008950623824240025,0.15400730362212336,0.012809635517452232,0.012809635517452232,-10.027640286780693,0.011402542130975208,0.011402542130975208,,0.011402542130975208,,,static,0.00010000000000000026,-0.0034045945945945944,2.0936789629042556e-05,0.0,0.0022,0.0,0.0,0.0055000000000000005,8.673617379884035e-19,-0.0028027023308344404,0.0015200016683604288,0.0015200016683604288,,0.0015200016683604288,,,0.0029153949520194736,0.0015506619951875364,0.0015506619951875364,0.006648483777487953,0.0014301084062609327,0.0014301084062609327,hover10.csv,3700,0.03100000135600567,0.03100000135600567,0.03100000135600567,0.0
0.0,-0.09729999999999996,4.163336342344337e-17,0.0,0.17419999999999997,2.7755575615628914e-17,0.0,-0.24270000000000003,2.7755575615628914e-17,-0.09731665990019736,0.007892148712450881,0.007892148712450881,0.15037335372678248,0.010987622412469025,0.010987622412469025,-10.018591206097009,0.010594771494861955,0.010594771494861955,,0.010594771494861955,,,static,0.0,-0.0033643824485373778,4.788679540405333e-05,0.0,0.0023999999999999994,4.336808689942018e-19,0.0,0.0055000000000000005,8.673617379884035e-19,-0.0033851072372471074,0.0015215979303305656,0.0015215979303305656,,0.0015215979303305656,,,0.002831950409072178,0.0013956851791751647,0.0013956851791751647,0.005680930060590542,0.0014247231343354546,0.0014247231343354546,hover11.csv,3692,0.032999999821186066,0.031559047805809315,0.03100000135600567,0.0007017479343146457
0.0,-0.16040000000000004,5.551115123125783e-17,0.0,-0.0348,0.0,0.05729999999999999,-0.16994740592930443,0.028670183571020202,-0.003946005908332706,3.1699645287307603,3.1699645287307603,0.08855859478585823,2.800210163287248,2.800210163287248,-6.105439646753611,8.027212346058336,8.027212346058336,4.270873573694029,9.715436614903437,4.358817780835803,2.4883066743122884,hover,-0.0023000000000000004,-0.002512998859749145,0.0014061040626918147,-0.0015,0.0022358608893956675,0.0010297330996860044,0.0,0.005499999999999999,8.673617379884035e-19,0.11903731111947428,2.3057336009479763,2.3057336009479763,2.701352631293729,0.0019525882919243147,2.4378581937957926,0.6465957568690668,-0.3423113244803627,2.9597541896000417,2.9597541896000417,0.0758750088643367,0.81393313931638,0.81393313931638,hover12.csv,3508,2.4103000164031982,0.5134207231365356,0.03700000047683716,0.8032314496384376
0.16599999999999998,-0.14731592718998862,0.06662359055167301,0.1872,0.006871672354948805,0.022807673015846405,-1.5385,-0.20500620022753127,0.15967394294618847,-0.031113970604120193,2.019806082036635,2.019806082036635,0.04791124223359333,1.3240409604153922,1.3240409604153922,-9.641504384178893,2.1493346518039536,2.1493346518039536,1.4268677724636283,0.09806962627089978,0.183901652568537,0.9169367141896099,hover,-0.0021,-0.0012627701934015926,0.0024989779832645196,0.031599999999999996,-0.02124084186575654,0.0036714164773238574,0.0,0.0055000000000000005,8.673617379884035e-19,-0.14988026676704286,2.3345949037756766,2.3345949037756766,4.124010579195278,0.01998000746579781,0.027374007838550367,4.035472455837719,-0.07048304470391765,1.8516348663312452,1.8516348663312452,0.1762153014453394,0.7203182372471804,0.7203182372471804,hover13.csv,3516,0.9260000586509705,0.20063960011010148,0.03500000014901161,0.274650791763614
0.018500000000000003,0.05270561010406178,0.008042733872303424,-0.011000000000000003,0.03402035078885532,0.0073256544808514065,0.0002999999999999947,-0.11154235901309165,0.03250931395483521,0.2540967653733196,1.5190730600683808,1.5190730600683808,-0.10415616859853478,1.719276925830374,1.719276925830374,-9.674694190210106,1.1973951615512237,1.1973951615512237,,1.1973951615512237,,,static,0.0175,0.0012688276267203754,0.020651365193589708,0.0422,0.017926007049345417,0.02402071189063194,0.0193,0.00829075612621685,0.016549134976737906,-0.0021213343141721496,1.229699614498941,1.229699614498941,,1.229699614498941,,,0.03666934892707464,1.2356419731992256,1.2356419731992256,-0.027537194907437303,1.0447178739518157,1.0447178739518157,hover_test_static.csv,23832,0.4710000157356262,0.07326758425597123,0.03100000135600567,0.06782143758008609
0.0681,0.046208455756747514,0.03223346820842322,0.0273,0.007369473864024596,0.010976737484228177,-0.1267,-0.08941718910146908,0.05616880365687337,-0.0006744074482181363,1.5188488310816808,1.5188488310816808,-0.04361010550190825,1.3104115894789041,1.3104115894789041,-9.728012645961401,0.8831405223138689,0.8831405223138689,,0.8831405223138689,,,static,-0.0024999999999999996,-0.005635881448582166,0.001181484975705483,0.0041,0.0036777801503245643,0.0017234501835558657,-0.009000000000000001,-0.0003587760505637166,0.0033344386681576866,-0.0029119861710872196,0.8139789680766357,0.8139789680766357,,0.8139789680766357,,,-0.01628186812273134,0.8945407679136718,0.8945407679136718,0.037115923371028814,0.8526820622196142,0.8526820622196142,hover_test_static02.csv,23416,0.25699999928474426,0.07705126593762379,0.03100000135600567,0.05774859429957273
-0.1072,0.028033468422830127,0.057186264163194715,0.06739999999999999,-0.034808932792975346,0.029949011486183244,-0.0020999999999999908,-0.11021657379263766,0.04394086460939425,0.16551141321620477,1.8871951470641346,1.8871951470641346,-0.30373362558490513,1.6960276955481726,1.6960276955481726,-9.628686163046519,1.4402822163373332,1.4402822163373332,,1.4402822163373332,,,static,0.0062,-0.00943679500168862,0.004436118438826698,0.0093,0.010262694191151637,0.00464166065428608,-0.0034000000000000002,-0.009163251435325903,0.004504866033825057,0.010319828324334153,0.9615363305884084,0.9615363305884084,,0.9615363305884084,,,-0.0011416365206627355,1.4389216809851502,1.4389216809851502,0.0017286929249109883,1.0667260751626209,1.0667260751626209,hover_test_static03.csv,23688,0.4440000355243683,0.06588648566369147,0.03100000135600567,0.06079175345338453
0.0,0.0,0.0,0.0,0.0,0.0,0.0,0.0,0.0,0.026749818790238352,0.008612946149445718,0.008612946149445718,-0.03337455181439873,0.009989669062748625,0.009989669062748625,-9.946534880876541,0.01026012781568518,0.01026012781568518,,0.01026012781568518,,,static,-0.00039999999999999975,-0.002425725,0.0001281238634095928,-0.0002999999999999999,0.0021068000000000007,9.671483857195856e-05,-0.0008000000000000004,0.007699375,0.00027522192749670224,-0.004077917477345181,0.0015556191725284837,0.0015556191725284837,,0.0015556191725284837,,,0.0012808662190092264,0.0014541659976183639,0.0014541659976183639,0.005267932907299837,0.0014613025103635037,0.0014613025103635037,log_wifi_test.csv,4000,,,,
0.0,0.0,0.0,0.0,0.0,0.0,0.0,0.0,0.0,0.025711061152949695,0.00874639694203446,0.00874639694203446,-0.03138706956960959,0.010206533644662875,0.010206533644662875,-9.944760804414749,0.010267056284192251,0.010267056284192251,,0.010267056284192251,,,static,-0.0017,-0.001196,0.000505666886398546,-0.00010000000000000026,0.0029094749999999995,2.928693181267038e-05,-0.0031000000000000003,0.010309925,0.0009621481145722836,-0.004252115191113262,0.0015280511012059426,0.0015280511012059426,,0.0015280511012059426,,,0.0023128582312410798,0.0014566620561922959,0.0014566620561922959,0.005229573419739609,0.0014542482289297163,0.0014542482289297163,log_wifi_test02.csv,4000,,,,
0.0,0.003299999999999999,8.673617379884035e-19,0.0,-0.004000000000000002,1.734723475976807e-18,0.0,2.2426999999999992,8.881784197001252e-16,0.03228171817483092,0.008600463157188641,0.008600463157188641,-0.035798057566214465,0.010112990928022618,0.010112990928022618,-9.945895820057268,0.010480898206084383,0.010480898206084383,,0.010480898206084383,,,static,-0.0054,0.0021567268041237115,0.0014581537923226905,-0.0030999999999999995,0.006094458762886598,0.0008359374735228147,-0.007999999999999998,0.01205827319587629,0.002175775393862903,-0.004330977647931053,0.0015134142149866826,0.0015134142149866826,,0.0015134142149866826,,,0.002201466741983087,0.0014889473369362558,0.0014889473369362558,0.005270915410493995,0.0014665873976792664,0.0014665873976792664,log_wifi_test03.csv,3880,,,,
0.0,0.026500000000000013,1.3877787807814457e-17,0.0,-0.0355,0.0,0.0,-0.1352,0.0,0.02911865271572434,0.008893017157952397,0.008893017157952397,-0.03414543066063087,0.010503348928422319,0.010503348928422319,-9.947820643882254,0.0106509222664021,0.0106509222664021,,0.0106509222664021,,,static,-0.0008000000000000001,-0.0018655655655655658,0.00023580937537971732,-0.0002000000000000001,0.0024821071071071065,5.422734683427018e-05,-0.001899999999999999,0.009757232232232231,0.0006619769335729946,-0.004185493176773743,0.0015024011016878502,0.0015024011016878502,,0.0015024011016878502,,,0.0021679327618949196,0.0015058832010069387,0.0015058832010069387,0.0053152307181689494,0.001490302212069454,0.001490302212069454,log_wifi_test04.csv,3996,,,,
0.0,0.030000000000000013,1.3877787807814457e-17,0.0,-0.0353,0.0,0.0,-0.13489999999999996,2.7755575615628914e-17,0.02937265981321556,0.008842258453557935,0.008842258453557935,-0.03383818364728268,0.009980131524757583,0.009980131524757583,-9.944547113594231,0.010622533029461853,0.010622533029461853,,0.010622533029461853,,,static,-0.0018999999999999998,-0.0003876876876876877,0.0005426029639940181,-0.00039999999999999975,0.002879304304304304,0.00013381899721454717,-0.005199999999999998,0.01370830830830831,0.0013771247269418248,-0.004389293605149382,0.0015466313630203182,0.0015466313630203182,,0.0015466313630203182,,,0.0021119537329848223,0.0014787817869778533,0.0014787817869778533,0.005467828927245315,0.0014928292926733935,0.0014928292926733935,log_wifi_test05.csv,3996,,,,
0.0,0.029700000000000004,3.469446951953614e-18,0.0,-0.0332,0.0,0.0,-0.1413,0.0,0.026727430194288165,0.008606512774196539,0.008606512774196539,-0.030236287834856927,0.010171452854173441,0.010171452854173441,-9.948920394087935,0.010683836246845362,0.010683836246845362,,0.010683836246845362,,,static,-0.0005,-0.0022602602602602604,0.00013961312315283547,-0.00010000000000000026,0.002479954954954955,4.003374418720573e-05,-0.0011999999999999997,0.008417642642642643,0.0003061621852991165,-0.004269581865448164,0.0015447429802269415,0.0015447429802269415,,0.0015447429802269415,,,0.0021418153399926005,0.0014656857942167887,0.0014656857942167887,0.00529607361778864,0.0014764679161891573,0.0014764679161891573,log_wifi_test06.csv,3996,,,,
0.0,0.05779999999999998,1.3877787807814457e-17,0.0,0.03699999999999999,6.938893903907228e-18,0.0,-0.22100000000000006,5.551115123125783e-17,0.05253658287692815,0.008765763945457226,0.008765763945457226,0.0037658038128707575,0.009958921502112994,0.009958921502112994,-9.985168723344803,0.010432950416557259,0.010432950416557259,,0.010432950416557259,,,static,0.0,-0.0035000000000000014,1.3010426069826053e-18,0.0,0.0024,0.0,0.0,0.005799999999999999,8.673617379884035e-19,-0.003555817171759372,0.0015463499051946213,0.0015463499051946213,,0.0015463499051946213,,,0.0026212480662397867,0.0014298911846774291,0.0014298911846774291,0.006042399223602842,0.0013890700374580328,0.0013890700374580328,log_wifi_test07.csv,4000,,,,
0.0,0.051300000000000005,6.938893903907228e-18,0.0,-0.08089999999999997,2.7755575615628914e-17,0.0,-0.1614,0.0,0.0481974989755765,0.008576400395554521,0.008576400395554521,-0.07841589238393444,0.00956385318590519,0.00956385318590519,-9.971108351195122,0.009874001831278298,0.009874001831278298,,0.009874001831278298,,,static,0.0,-0.0039000000000000003,4.336808689942018e-19,0.0,0.0013999999999999996,4.336808689942018e-19,0.0,0.005699999999999999,8.673617379884035e-19,-0.004041951947195338,0.0015415871691004392,0.0015415871691004392,,0.0015415871691004392,,,0.0015295975495216098,0.0014553251148691187,0.0014553251148691187,0.005665951531331928,0.0014440270286746174,0.0014440270286746174,log_wifi_test08.csv,3976,,,,
0.0,0.0666,0.0,0.0,-0.08790000000000002,1.3877787807814457e-17,0.0,-0.1626,0.0,0.06094421013984226,0.009593218286802692,0.009593218286802692,-0.08795008619470514,0.01053812674270553,0.01053812674270553,-9.97366142538395,0.011726526809580097,0.011726526809580097,,0.011726526809580097,,,static,0.0,-0.0041001012145749,3.179813374980753e-06,0.0,0.0016000000000000007,6.505213034913027e-19,0.0,0.0056999999999999985,1.734723475976807e-18,-0.004096125875984166,0.0015005634758679016,0.0015005634758679016,,0.0015005634758679016,,,0.0012145316799525574,0.0015636800913971416,0.0015636800913971416,0.005665231132474521,0.001510039184895972,0.001510039184895972,log_wifi_test09.csv,3952,0.03100000135600567,0.03100000135600567,0.03100000135600567,0.0
0.0,0.05630000000000001,6.938893903907228e-18,0.0,-0.08319999999999998,1.3877787807814457e-17,0.0,-0.16739999999999997,2.7755575615628914e-17,0.05831941747698586,0.008564586657583263,0.008564586657583263,-0.08595292184309589,0.00985108036928553,0.00985108036928553,-9.975347649713276,0.010190476924191502,0.010190476924191502,,0.010190476924191502,,,static,0.00010000000000000026,-0.0042508350202429155,4.9993026925701707e-05,0.0,0.0012,0.0,0.0,0.005400000000000001,8.673617379884035e-19,-0.0038724749953541063,0.001536072450481454,0.001536072450481454,,0.001536072450481454,,,0.0011568442186850332,0.0014174585772004308,0.0014174585772004308,0.005733855214291149,0.0014317325383614045,0.0014317325383614045,log_wifi_test10.csv,3952,,,,
0.0,0.0584,0.0,0.0,-0.0888,0.0,0.0,-0.15979999999999997,2.7755575615628914e-17,0.05743140230355131,0.008469444345416523,0.008469444345416523,-0.0878317456376016,0.010007314165680339,0.010007314165680339,-9.970711802902688,0.009946162808526263,0.009946162808526263,,0.009946162808526263,,,static,-0.00010000000000000026,-0.004062792472024415,4.8335832045228835e-05,0.0,0.0013999999999999996,4.336808689942018e-19,0.0,0.0058,0.0,-0.004251238291364999,0.0015696147631351286,0.0015696147631351286,,0.0015696147631351286,,,0.0019668424348177047,0.0014588626986168191,0.0014588626986168191,0.005875659372815284,0.0014573392859647252,0.0014573392859647252,log_wifi_test11.csv,3932,,,,
0.0,0.0586,0.0,0.0,-0.0866,0.0,0.0,-0.1616,0.0,0.059128894430195526,0.009718472646587614,0.009718472646587614,-0.08707964626906274,0.010747750485687026,0.010747750485687026,-9.97216706805759,0.01125531759913864,0.01125531759913864,,0.01125531759913864,,,static,0.0,-0.0039000000000000007,8.673617379884035e-19,0.0,0.0018999999999999993,6.505213034913027e-19,0.0,0.005900000000000002,1.734723475976807e-18,-0.004129579345830793,0.0015123834429799882,0.0015123834429799882,,0.0015123834429799882,,,0.0020166208556620037,0.0014618578328752117,0.0014618578328752117,0.00587239169245432,0.001457321159775216,0.001457321159775216,log_wifi_test12.csv,3996,,,,
0.0,0.08189999999999999,1.3877787807814457e-17,0.0,-0.029899999999999996,3.469446951953614e-18,0.0,-0.20310000000000003,2.7755575615628914e-17,0.06321887495307575,0.010403334008208262,0.010403334008208262,-0.07019529680758262,0.01037223211317021,0.01037223211317021,-9.973909772758908,0.011067683458215724,0.011067683458215724,,0.011067683458215724,,,static,0.0,-0.0042000000000000015,1.734723475976807e-18,0.0,0.0017999999999999997,2.168404344971009e-19,0.0,0.006400000000000002,1.734723475976807e-18,-0.00459234953970216,0.0015780083900663433,0.0015780083900663433,,0.0015780083900663433,,,0.002095222848425546,0.0017655353654553306,0.0017655353654553306,0.006926728762197238,0.0019421401608917404,0.0019421401608917404,log_wifi_test13.csv,3948,0.03500000014901161,0.03221783290872881,0.03100000135600567,0.0009845131538179124
0.0,0.08189999999999999,1.3877787807814457e-17,0.0,-0.029899999999999996,3.469446951953614e-18,0.0,-0.20310000000000003,2.7755575615628914e-17,0.06680174949061539,0.008811856747504593,0.008811856747504593,-0.07202434319570059,0.009630909378724302,0.009630909378724302,-9.97230425386718,0.010499409975778522,0.010499409975778522,,0.010499409975778522,,,static,0.0,-0.0042000000000000015,1.734723475976807e-18,0.0,0.0017999999999999995,4.336808689942018e-19,0.0,0.006400000000000002,1.734723475976807e-18,-0.004577318708569774,0.0015464521628578986,0.0015464521628578986,,0.0015464521628578986,,,0.002142777591716643,0.0014444624448889498,0.0014444624448889498,0.006692968551810323,0.0014597818111014248,0.0014597818111014248,log_wifi_test14.csv,3960,0.03400000184774399,0.032716919899908735,0.03100000135600567,0.0007874753700441725
0.0,-0.048499999999999995,6.938893903907228e-18,0.0,-0.025000000000000005,3.469446951953614e-18,0.0,-0.2145999999999999,1.1102230246251565e-16,-0.04841053745622791,0.008161510487543487,0.008161510487543487,-0.027920957402902534,0.009783577898298573,0.009783577898298573,-10.018077003334833,0.015044261646115472,0.015044261646115472,,0.015044261646115472,,,static,0.0,-0.003799999999999999,8.673617379884035e-19,0.0,0.0017999999999999995,4.336808689942018e-19,0.0,0.006599999999999998,1.734723475976807e-18,-0.0042597262702157275,0.0014743476792354005,0.0014743476792354005,,0.0014743476792354005,,,0.00173920973341544,0.0014779145837112275,0.0014779145837112275,0.0065923540293361775,0.0014440424046513543,0.0014440424046513543,log_wifi_test15.csv,3916,,,,
0.0,-0.048499999999999995,6.938893903907228e-18,0.0,-0.025000000000000005,3.469446951953614e-18,0.0,-0.21459999999999993,8.326672684688674e-17,-0.0469199389469517,0.010174416510537108,0.010174416510537108,-0.04102437102821531,0.010726962457884839,0.010726962457884839,-9.99603145835326,0.014426344413143746,0.014426344413143746,,0.014426344413143746,,,static,0.0,-0.0040999999999999995,8.673617379884035e-19,0.0,0.0015,0.0,0.0,0.006599999999999998,1.734723475976807e-18,-0.004425119147712506,0.0015095703815433484,0.0015095703815433484,,0.0015095703815433484,,,0.001785778207595895,0.001525948487612216,0.001525948487612216,0.0063703267698562655,0.0014229080558278945,0.0014229080558278945,log_wifi_test16.csv,3880,,,,
0.0,-0.014099999999999998,1.734723475976807e-18,0.0,-0.06699999999999996,4.163336342344337e-17,0.0,-0.18029999999999996,2.7755575615628914e-17,-0.01906237375400468,0.008378672343446355,0.008378672343446355,-0.0651110315487918,0.009919998174865058,0.009919998174865058,-9.993162577416623,0.010671581295824595,0.010671581295824595,,0.010671581295824595,,,static,0.0,-0.0037902085452695827,2.9719907255977408e-05,-0.00010000000000000005,0.00153794506612411,4.852503033742399e-05,0.0,0.005900000000000002,1.734723475976807e-18,-0.0038734343340424953,0.0015362927966100957,0.0015362927966100957,,0.0015362927966100957,,,0.001532773475050683,0.001458005340033563,0.001458005340033563,0.007057060405142067,0.0014803121551750216,0.0014803121551750216,log_wifi_test17.csv,3932,,,,
0.0,-0.049200000000000015,1.3877787807814457e-17,0.0,-0.0184,0.0,0.0,-0.22619999999999998,2.7755575615628914e-17,-0.055650681548934225,0.008027966473339143,0.008027966473339143,-0.03574915863415401,0.011072775324672797,0.011072775324672797,-10.009652017140136,0.014592156267811424,0.014592156267811424,,0.014592156267811424,,,static,-0.0002999999999999999,-0.003198752824976982,8.061267085856368e-05,0.00019999999999999987,0.0015788084874863986,8.452860874742243e-05,0.0,0.006000000000000001,8.673617379884035e-19,-0.003677222413048542,0.0015854771396527534,0.0015854771396527534,,0.0015854771396527534,,,0.0019000089656235758,0.001619988602279573,0.001619988602279573,0.006593406239761348,0.0015017858211235078,0.0015017858211235078,log_wifi_test18.csv,47788,,,,
0.0,-0.05679999999999998,2.0816681711721685e-17,0.0,-0.015300000000000003,3.469446951953614e-18,0.0,-0.22010000000000002,2.7755575615628914e-17,-0.05904559728886704,0.0076054676660432165,0.0076054676660432165,-0.03307895291246386,0.01099867687250955,0.01099867687250955,-10.005396937469285,0.013965497097790236,0.013965497097790236,,0.013965497097790236,,,static,0.0,-0.0037042851187995014,2.0252151412236456e-05,0.00030000000000000014,0.0015414318466027517,9.438019130850279e-05,0.0,0.007000000000000003,2.6020852139652106e-18,-0.0038027764754909243,0.0015533626736275886,0.0015533626736275886,,0.0015533626736275886,,,0.00207584703254202,0.0014907545572052923,0.0014907545572052923,0.00694242023164831,0.0015093064477632136,0.0015093064477632136,log_wifi_test19.csv,47980,0.03400000184774399,0.032208004861289,0.03100000135600567,0.001412976218192293
0.0,-0.05810000000000001,1.3877787807814457e-17,0.0,-0.05000000000000001,6.938893903907228e-18,0.0,-0.18360000000000004,2.7755575615628914e-17,-0.060515424853111115,0.008433919127491205,0.008433919127491205,-0.05359934970770646,0.010053670802743057,0.010053670802743057,-9.990429809282851,0.018725001201874817,0.018725001201874817,,0.018725001201874817,,,static,0.0,-0.0042000000000000015,1.734723475976807e-18,0.0,0.0017,0.0,0.0,0.0058000000000000005,8.673617379884035e-19,-0.004404937824338808,0.001546654173094037,0.001546654173094037,,0.001546654173094037,,,0.0015198481187839695,0.0015184079897469325,0.0015184079897469325,0.006242129804803364,0.0014781803218389914,0.0014781803218389914,log_wifi_test20.csv,3928,,,,
0.0,-0.05810000000000001,1.3877787807814457e-17,0.0,-0.05000000000000001,6.938893903907228e-18,0.0,-0.18360000000000007,5.551115123125783e-17,-0.05866644262066773,0.008015643327461467,0.008015643327461467,-0.05540053164110975,0.009756162167297102,0.009756162167297102,-9.984952122122198,0.012104749809806593,0.012104749809806593,,0.012104749809806593,,,static,0.0,-0.004299999999999999,8.673617379884035e-19,0.0,0.0016000000000000007,6.505213034913027e-19,0.0,0.0058,0.0,-0.004086335669591528,0.0016177962628556937,0.0016177962628556937,,0.0016177962628556937,,,0.001921615894258918,0.0016182558425692686,0.0016182558425692686,0.00640540769403764,0.001448363131421885,0.001448363131421885,log_wifi_test21.csv,3996,,,,
0.0,-0.058100000000000006,6.938893903907228e-18,0.0,-0.05000000000000001,6.938893903907228e-18,0.0,-0.18360000000000007,5.551115123125783e-17,-0.05866577728791162,0.008173306999498366,0.008173306999498366,-0.058886823662091047,0.009701057828802031,0.009701057828802031,-9.980694610834123,0.01176567338067071,0.01176567338067071,,0.01176567338067071,,,static,0.0,-0.0042000000000000015,1.734723475976807e-18,0.0,0.0017,0.0,0.0,0.005799999999999999,8.673617379884035e-19,-0.003955897595027409,0.0015312776153343726,0.0015312776153343726,,0.0015312776153343726,,,0.001998749954629874,0.0014403890780523743,0.0014403890780523743,0.006509311341767898,0.0014486136870089578,0.0014486136870089578,log_wifi_test22.csv,4000,,,,
0.0,-0.05810000000000001,1.3877787807814457e-17,0.0,-0.05000000000000001,6.938893903907228e-18,0.0,-0.18360000000000007,5.551115123125783e-17,-0.05881860239423804,0.008240511934348646,0.008240511934348646,-0.06100557275998357,0.010349115916407324,0.010349115916407324,-9.97678345244926,0.013869463869575327,0.013869463869575327,,0.013869463869575327,,,static,0.0,-0.0041,0.0,0.0,0.0017,0.0,0.0,0.0058,0.0,-0.004071889221535543,0.0015579455827443708,0.0015579455827443708,,0.0015579455827443708,,,0.001865296344459225,0.001450099193077171,0.001450099193077171,0.005734853440220025,0.0014447968443125527,0.0014447968443125527,log_wifi_test23.csv,3996,,,,
0.0,-0.061599999999999995,6.938893903907228e-18,0.0,-0.07679999999999998,1.3877787807814457e-17,0.0,-0.1617,0.0,-0.06373962379412307,0.008409946597771457,0.008409946597771457,-0.07530769652078803,0.009924914821195036,0.009924914821195036,-9.970405576423722,0.015976550031965193,0.015976550031965193,,0.015976550031965193,,,static,-0.00010000000000000026,-0.003437984693877551,4.85348577703062e-05,0.0,0.0020030102040816335,1.708681010458612e-05,0.0,0.005599999999999998,1.734723475976807e-18,-0.003739419933357827,0.0015107774714530104,0.0015107774714530104,,0.0015107774714530104,,,0.002133725385356496,0.0014636311217405924,0.0014636311217405924,0.005088524194211552,0.0015707644179110255,0.0015707644179110255,log_wifi_test24.csv,3920,,,,
0.0,-0.061599999999999995,6.938893903907228e-18,0.0,-0.0768,0.0,0.0,-0.16169999999999998,2.7755575615628914e-17,-0.06327252228929099,0.008397645804069813,0.008397645804069813,-0.07760690260661732,0.009996778707812438,0.009996778707812438,-9.967029615251239,0.01578106280389662,0.01578106280389662,,0.01578106280389662,,,static,-9.999999999999983e-05,-0.0035311122244488986,4.6295269031847936e-05,0.0,0.002000000000000001,8.673617379884035e-19,0.0,0.005599999999999998,1.734723475976807e-18,-0.003913024346021705,0.0015455848990162352,0.0015455848990162352,,0.0015455848990162352,,,0.0018821736145031855,0.0015186374945757237,0.0015186374945757237,0.004729065954163384,0.001475616572987636,0.001475616572987636,log_wifi_test25.csv,3992,,,,
0.0,-0.04720000000000002,2.0816681711721685e-17,0.0,-0.07230000000000003,2.7755575615628914e-17,0.0,-0.19559999999999997,2.7755575615628914e-17,-0.051330343456706035,0.030974612946120538,0.030974612946120538,-0.08153988445759751,0.055920506116907805,0.055920506116907805,-9.994403312444687,0.050681258371694175,0.050681258371694175,,0.050681258371694175,,,static,0.0,-0.0035000000000000014,1.3010426069826053e-18,0.0,0.0016000000000000005,4.336808689942018e-19,0.0,0.006400000000000002,1.734723475976807e-18,-0.004062377738249779,0.008752912099061467,0.008752912099061467,,0.008752912099061467,,,0.0012243129213151888,0.007905690003336801,0.007905690003336801,0.006085870360664557,0.005875236225002135,0.005875236225002135,log_wifi_test26.csv,4000,,,,
0.0,-0.1242,0.0,0.0,-0.0285,0.0,0.0,-0.2203,0.0,-0.0931984404680928,0.26027560557461005,0.26027560557461005,-0.04958528211987328,0.10945055921250454,0.10945055921250454,-10.013828182467526,0.17950343618241305,0.17950343618241305,,0.17950343618241305,,,static,-9.999999999999983e-05,-0.0028418393782383418,6.483593033291793e-05,-9.999999999999983e-05,0.003701943005181348,9.00519339620898e-05,0.0,0.0056,0.0,-0.0037266691327114635,0.06982475111871121,0.06982475111871121,,0.06982475111871121,,,0.011947595994768606,0.20818666248097234,0.20818666248097234,0.004885986342480075,0.10972250164718128,0.10972250164718128,log_wifi_test27.csv,2316,0.03400000184774399,0.03400000184774399,0.03400000184774399,0.0
0.0,-0.0635,0.0,0.0,-0.07399999999999998,1.3877787807814457e-17,0.0,-0.20129999999999992,8.326672684688674e-17,-0.06396386269738365,0.008034966758219278,0.008034966758219278,-0.08645293814180628,0.010010816548180104,0.010010816548180104,-9.988292026640037,0.012734296742345838,0.012734296742345838,,0.012734296742345838,,,static,0.0,-0.0038,0.0,0.0,0.0016000000000000005,4.336808689942018e-19,0.0,0.0065000000000000014,1.734723475976807e-18,-0.003921671008124823,0.0015008848457654055,0.0015008848457654055,,0.0015008848457654055,,,0.0013185338906870096,0.001469262187454336,0.001469262187454336,0.0061471994914446835,0.0014544934571301491,0.0014544934571301491,log_wifi_test28.csv,3172,,,,
0.0,-0.0635,0.0,0.0,-0.07399999999999998,1.3877787807814457e-17,0.0,-0.20129999999999998,2.7755575615628914e-17,-0.058385328337110506,0.14130686854288899,0.14130686854288899,-0.04883093557951069,0.24094898689101266,0.24094898689101266,-9.983301879790833,0.13024885869415542,0.13024885869415542,,0.13024885869415542,,,static,0.0,-0.0038013007614213197,2.3391577282113934e-05,0.0,0.0014983502538071065,1.7735197228893877e-05,0.0,0.006500000000000002,2.6020852139652106e-18,-0.03216379126078565,0.21305328538196946,0.21305328538196946,,0.21305328538196946,,,0.0009766405935385844,0.017988931154129525,0.017988931154129525,-0.0025402171153759557,0.09449115413085744,0.09449115413085744,log_wifi_test29.csv,3152,,,,
0.0,-0.049100000000000005,6.938893903907228e-18,0.0,-0.11910000000000001,1.3877787807814457e-17,0.0,-0.1694,0.0,-0.2020180482053474,0.36808418039008545,0.36808418039008545,0.11397970674627333,0.7037221945097779,0.7037221945097779,-9.962047673949046,0.577379345994575,0.577379345994575,,0.577379345994575,,,static,0.00019999999999999966,-0.00430532663316583,0.0002480613654914212,-0.0011,0.0009487688442211056,0.0004915578679278562,0.0,0.006299999999999999,8.673617379884035e-19,-0.003907943428232248,1.2138108815217614,1.2138108815217614,,1.2138108815217614,,,0.002922829631986485,0.28224150449794605,0.28224150449794605,-0.011835665199431052,0.3076833735486689,0.3076833735486689,log_wifi_test30.csv,3980,0.04700000211596489,0.03470100608827481,0.03200000151991844,0.003279531799012696
0.0,-0.0535,0.0,0.0,-0.11959999999999997,2.7755575615628914e-17,0.0,-0.17090000000000002,2.7755575615628914e-17,-0.05237489845044352,0.007705017501621029,0.007705017501621029,-0.11897704508472551,0.009920581200482385,0.009920581200482385,-9.98106890302282,0.01144883438663459,0.01144883438663459,,0.01144883438663459,,,static,0.0,-0.0047,0.0,0.0,0.0021000000000000007,8.673617379884035e-19,0.0,0.005199999999999998,1.734723475976807e-18,-0.004636104657994157,0.0015344406500297303,0.0015344406500297303,,0.0015344406500297303,,,0.0020220476894142994,0.001430838585994117,0.001430838585994117,0.005424379579290781,0.001437933367794612,0.001437933367794612,log_wifi_test31.csv,3996,,,,
0.0,-0.050100000000000006,6.938893903907228e-18,0.0,-0.11500000000000002,1.3877787807814457e-17,0.0,-0.1732,0.0,-0.05128992941450548,0.007765377063285502,0.007765377063285502,-0.11520455634823672,0.009601692056878544,0.009601692056878544,-9.981263834434944,0.011508980761481883,0.011508980761481883,,0.011508980761481883,,,static,-9.99999999999994e-05,-0.0044611361361361354,4.874409166204058e-05,0.0,0.0022,0.0,0.0,0.0055000000000000005,8.673617379884035e-19,-0.004588312154129044,0.0015347033992440602,0.0015347033992440602,,0.0015347033992440602,,,0.002243930729566817,0.0014751933903602132,0.0014751933903602132,0.005440561388033322,0.001460274566523694,0.001460274566523694,log_wifi_test32.csv,3996,,,,
0.0,-0.04639999999999999,6.938893903907228e-18,0.0,-0.12169999999999999,1.3877787807814457e-17,0.0,-0.16490000000000002,2.7755575615628914e-17,-0.056982225444633515,0.00766509261720574,0.00766509261720574,-0.12217399143241346,0.010058774119134046,0.010058774119134046,-9.975056401014328,0.010813525163376301,0.010813525163376301,,0.010813525163376301,,,static,0.0,-0.003799999999999999,8.673617379884035e-19,0.0,0.002000000000000001,8.673617379884035e-19,0.0,0.0055,0.0,-0.003792550265732302,0.001515603183526046,0.001515603183526046,,0.001515603183526046,,,0.0019973975717309145,0.0014527611752584038,0.0014527611752584038,0.005567701091218623,0.0014278005330243164,0.0014278005330243164,log_wifi_test33.csv,4000,0.032999999821186066,0.032999999821186066,0.032999999821186066,0.0
0.0,-0.0464,0.0,0.0,-0.12169999999999997,2.7755575615628914e-17,0.0,-0.1649,0.0,-0.055649111697819824,0.0074958301004252065,0.0074958301004252065,-0.12110695553073783,0.009804637064163815,0.009804637064163815,-9.976409634750688,0.010353398264512842,0.010353398264512842,,0.010353398264512842,,,static,0.0,-0.0037999999999999987,1.3010426069826053e-18,0.0,0.002000000000000001,8.673617379884035e-19,0.0,0.0055,0.0,-0.003898538629569968,0.0015728565917442795,0.0015728565917442795,,0.0015728565917442795,,,0.0019565510550328367,0.0014718642671903888,0.0014718642671903888,0.005614252658151435,0.0014250211103693834,0.0014250211103693834,log_wifi_test34.csv,3992,0.032999999821186066,0.032999999821186066,0.032999999821186066,0.0
0.0,-0.0464,0.0,0.0,-0.12169999999999999,1.3877787807814457e-17,0.0,-0.16490000000000002,2.7755575615628914e-17,-0.05690794474879025,0.007627749674232983,0.007627749674232983,-0.1252098802417036,0.00975349430475091,0.00975349430475091,-9.973698648714251,0.010582182461701109,0.010582182461701109,,0.010582182461701109,,,static,0.0,-0.003799999999999999,8.673617379884035e-19,0.0,0.0018999999999999996,4.336808689942018e-19,0.0,0.0055000000000000005,8.673617379884035e-19,-0.0038246257092997703,0.0015166713159904606,0.0015166713159904606,,0.0015166713159904606,,,0.0019895073947258234,0.0014505993833179795,0.0014505993833179795,0.005675205041840063,0.001470950027414943,0.001470950027414943,log_wifi_test35.csv,3968,0.032999999821186066,0.032999999821186066,0.032999999821186066,0.0
0.0,-0.05689999999999998,2.0816681711721685e-17,0.0,-0.11549999999999998,2.7755575615628914e-17,0.0,-0.17550000000000002,2.7755575615628914e-17,-0.057045372802382095,0.007553051580745423,0.007553051580745423,-0.11724877177522733,0.00991043380491995,0.00991043380491995,-9.985027793003962,0.01041699180098537,0.01041699180098537,,0.01041699180098537,,,static,0.0,-0.0046,0.0,0.0,0.002000000000000001,8.673617379884035e-19,0.0,0.0055000000000000005,8.673617379884035e-19,-0.004705260724996408,0.001495375631210584,0.001495375631210584,,0.001495375631210584,,,0.0020673502899902674,0.0014517363861432948,0.0014517363861432948,0.005561919374755608,0.0014538808017637841,0.0014538808017637841,log_wifi_test36.csv,3900,,,,
0.0,-0.03489999999999999,1.3877787807814457e-17,0.0,-0.10709999999999999,1.3877787807814457e-17,0.0,-0.1751,0.0,-0.03632785186463509,0.007827796072426955,0.007827796072426955,-0.10837123440503474,0.00962774638233103,0.00962774638233103,-9.98530847987821,0.010503969552869119,0.010503969552869119,,0.010503969552869119,,,static,9.99999999999994e-05,-0.004468145161290323,4.659134170367014e-05,0.0,0.0017999999999999997,2.168404344971009e-19,0.0,0.0048,0.0,-0.004374713068119168,0.0015144945789046704,0.0015144945789046704,,0.0015144945789046704,,,0.0017740788646226672,0.0014441628805875655,0.0014441628805875655,0.004874997966570874,0.001468053862788662,0.001468053862788662,log_wifi_test37.csv,3968,,,,
0.0,-0.043599999999999986,1.3877787807814457e-17,0.0,-0.08519999999999998,1.3877787807814457e-17,0.0,-0.17519999999999994,5.551115123125783e-17,-0.04524731202906955,0.007781842543024067,0.007781842543024067,-0.08614637663961211,0.009788493543037968,0.009788493543037968,-9.985144472315245,0.010473594283342283,0.010473594283342283,,0.010473594283342283,,,static,0.0,-0.0041931427125506075,2.5272640419545894e-05,0.0,0.0021000000000000007,8.673617379884035e-19,0.0,0.006199999999999998,1.734723475976807e-18,-0.004124403011594578,0.0015387208754927498,0.0015387208754927498,,0.0015387208754927498,,,0.0022114841650637215,0.0014409949953893089,0.0014409949953893089,0.006198752381531795,0.001453171393186835,0.001453171393186835,log_wifi_test38.csv,3952,,,,
0.0,-0.0473,0.0,0.0,-0.0825,0.0,0.0,-0.17529999999999998,2.7755575615628914e-17,-0.04754656940038292,0.007858342409220075,0.007858342409220075,-0.08243822654036721,0.009872558602211829,0.009872558602211829,-9.987726034857598,0.010542376014975634,0.010542376014975634,,0.010542376014975634,,,static,0.0,-0.0039,0.0,0.0,0.0023999999999999994,4.336808689942018e-19,0.0,0.005599999999999999,8.673617379884035e-19,-0.004086236737284081,0.0015225912529187073,0.0015225912529187073,,0.0015225912529187073,,,0.0023696933162837674,0.0014172084899529691,0.0014172084899529691,0.005475876846959352,0.0014413043920975168,0.0014413043920975168,log_wifi_test39.csv,3368,,,,
0.0,-0.017899999999999996,3.469446951953614e-18,0.0,-0.09539999999999998,1.3877787807814457e-17,0.0,-0.173,0.0,-0.017557629983720943,0.008387619344393584,0.008387619344393584,-0.09704400983040423,0.00958066810991914,0.00958066810991914,-9.98453584440277,0.011323006194347571,0.011323006194347571,,0.011323006194347571,,,static,0.0,-0.0039000000000000003,4.336808689942018e-19,0.0,0.0023,0.0,0.0,0.006400000000000002,1.734723475976807e-18,-0.0038879776090418048,0.001531774439240746,0.001531774439240746,,0.001531774439240746,,,0.0022596781883957168,0.0014509540561526888,0.0014509540561526888,0.006440947596010339,0.0014306297721931212,0.0014306297721931212,log_wifi_test40.csv,3852,,,,
0.0,-0.022299999999999993,6.938893903907228e-18,0.0,-0.08780000000000003,2.7755575615628914e-17,0.0,-0.17670000000000002,2.7755575615628914e-17,-0.02704987402074039,0.008030295835039544,0.008030295835039544,-0.08937109395954758,0.009559187029602638,0.009559187029602638,-9.986440907239913,0.01038206717296499,0.01038206717296499,,0.01038206717296499,,,static,0.0,-0.0038023499999999986,1.5148514778683723e-05,0.00010000000000000005,0.0014290749999999997,4.541083984028485e-05,0.0,0.007000000000000003,2.6020852139652106e-18,-0.004341450264229024,0.0015177529326713263,0.0015177529326713263,,0.0015177529326713263,,,0.001987522886984266,0.0014384577743618897,0.0014384577743618897,0.005316523722314741,0.0014022017559699488,0.0014022017559699488,log_wifi_test41.csv,4000,,,,
0.0,-0.011199999999999996,3.469446951953614e-18,0.0,-0.13959999999999997,2.7755575615628914e-17,0.0,-0.17850000000000008,8.326672684688674e-17,-0.026412657411801065,0.00904078932952603,0.00904078932952603,-0.14476450130121601,0.010410662187390344,0.010410662187390344,-9.987735656252632,0.011143136304649578,0.011143136304649578,,0.011143136304649578,,,static,0.0,-0.0035000000000000014,1.3010426069826053e-18,0.0,0.0012011806981519506,1.0801655755903912e-05,0.0,0.011399999999999997,3.469446951953614e-18,-0.003487645708999301,0.0015970306469065413,0.0015970306469065413,,0.0015970306469065413,,,0.001479467368235456,0.0014785309730366639,0.0014785309730366639,0.010206038704227075,0.003596702031229617,0.003596702031229617,log_wifi_test42.csv,3896,,,,
0.0,-0.06099999999999997,2.7755575615628914e-17,0.0,-0.1167,0.0,0.0,-0.186,0.0,-0.06200402501359764,0.0074534382795355325,0.0074534382795355325,-0.11704493822746145,0.009698649205599489,0.009698649205599489,-9.993576800264798,0.010452766721876724,0.010452766721876724,,0.010452766721876724,,,static,0.0,-0.004600000000000001,8.673617379884035e-19,0.00010000000000000005,0.0009190427698574338,3.9263849809973964e-05,0.0,0.006099999999999999,1.734723475976807e-18,-0.004204434150462231,0.0015311907354927494,0.0015311907354927494,,0.0015311907354927494,,,0.0011779167195998363,0.001496981336728053,0.001496981336728053,0.00633276293460017,0.0014389114307730585,0.0014389114307730585,log_wifi_test43.csv,3928,,,,
0.0,-0.05179999999999998,2.0816681711721685e-17,0.0,-0.109,0.0,0.0,-0.18949999999999995,5.551115123125783e-17,-0.05124382964072701,0.007564441827566731,0.007564441827566731,-0.10912909652942267,0.009273648062994268,0.009273648062994268,-9.998915209647937,0.010432507061617587,0.010432507061617587,,0.010432507061617587,,,static,-0.00010000000000000026,-0.004248666666666667,4.9982219060604295e-05,9.999999999999999e-05,0.00040992307692307704,2.9897161013821872e-05,0.0,0.006599999999999999,8.673617379884035e-19,-0.004507910605499115,0.0015102095863691201,0.0015102095863691201,,0.0015102095863691201,,,0.0007728383736763625,0.0014525402597452572,0.0014525402597452572,0.006366287632666241,0.0014288714087153304,0.0014288714087153304,log_wifi_test44.csv,3900,,,,
0.0,-0.0575,0.0,0.0,-0.1106,0.0,0.0,-0.19749999999999993,8.326672684688674e-17,-0.0638796289820786,0.007875997381919636,0.007875997381919636,-0.11750919615792169,0.010764977202400446,0.010764977202400446,-10.007144032420216,0.010539208687974325,0.010539208687974325,,0.010539208687974325,,,static,0.0,-0.0045000000000000005,8.673617379884035e-19,0.0,0.0012979520479520475,1.4163371675010652e-05,0.0,0.013699999999999995,5.204170427930421e-18,-0.004506206218216824,0.001610695293280328,0.001610695293280328,,0.001610695293280328,,,0.002141425224554804,0.0015836362327574086,0.0015836362327574086,0.011417523189750197,0.005895972606092159,0.005895972606092159,log_wifi_test45.csv,4004,,,,
0.0,-0.0575,0.0,0.0,-0.11060000000000002,1.3877787807814457e-17,0.0,-0.19749999999999995,5.551115123125783e-17,-0.07713519330300278,0.007542245116494671,0.007542245116494671,-0.12847556615220243,0.009836338592044728,0.009836338592044728,-10.003307074158634,0.010626762754967822,0.010626762754967822,,0.010626762754967822,,,static,0.00010000000000000026,-0.004293065326633165,2.5404283929659216e-05,0.0,0.0014998241206030155,4.190108129417272e-06,0.0,0.013699999999999999,1.734723475976807e-18,-0.0036822143436109575,0.0015520907874553046,0.0015520907874553046,,0.0015520907874553046,,,0.0019153083980882574,0.0014515064302766851,0.0014515064302766851,0.007991127417909553,0.0017782391095836343,0.0017782391095836343,log_wifi_test46.csv,3980,,,,
0.0,-0.0565,0.0,0.0,-0.0788,0.0,0.0,-0.19010000000000002,2.7755575615628914e-17,-0.057953229174017906,0.007592756421121276,0.007592756421121276,-0.0759773290968248,0.009944480853744893,0.009944480853744893,-9.997636107178954,0.010510582305726135,0.010510582305726135,,0.010510582305726135,,,static,0.0,-0.0042000000000000015,1.734723475976807e-18,0.0,0.0016000000000000005,4.336808689942018e-19,0.0,0.013699999999999995,5.204170427930421e-18,-0.004150196749775263,0.0015556983272495722,0.0015556983272495722,,0.0015556983272495722,,,0.0015168284336088216,0.001443153819190164,0.001443153819190164,0.0057581117249395864,0.0014034822016109109,0.0014034822016109109,log_wifi_test47.csv,4004,0.032999999821186066,0.032999999821186066,0.032999999821186066,0.0
0.0,0.005199999999999999,8.673617379884035e-19,0.0,-0.0453,0.0,0.0,-0.18670000000000006,5.551115123125783e-17,0.0046575698675744535,0.008383488741080922,0.008383488741080922,-0.05076461278348858,0.009848468029269457,0.009848468029269457,-9.995224971112197,0.010512882908573122,0.010512882908573122,,0.010512882908573122,,,static,0.0,-0.0037999999999999996,4.336808689942018e-19,0.0,0.0012999999999999997,2.168404344971009e-19,0.0,0.005199999999999999,8.673617379884035e-19,-0.004044710661496427,0.0015885655517805133,0.0015885655517805133,,0.0015885655517805133,,,0.0013799330881695388,0.0015044073820880872,0.0015044073820880872,0.005429389808592916,0.0014206606565941122,0.0014206606565941122,log_wifi_test48.csv,3936,,,,
0.0,0.005199999999999998,1.734723475976807e-18,0.0,-0.04530000000000001,6.938893903907228e-18,0.0,-0.18670000000000006,5.551115123125783e-17,0.0023502505796727407,0.010007085418184462,0.010007085418184462,-0.05592225005451988,0.010756219273592032,0.010756219273592032,-9.990429344234409,0.014465449471615868,0.014465449471615868,,0.014465449471615868,,,static,0.0,-0.0039000000000000003,4.336808689942018e-19,0.0,0.0012999999999999995,4.336808689942018e-19,0.0,0.005199999999999998,1.734723475976807e-18,-0.00429107896216864,0.0017477589514148784,0.0017477589514148784,,0.0017477589514148784,,,0.0016035110060544878,0.001850882786112541,0.001850882786112541,0.0054769351177978084,0.0016365022990264349,0.0016365022990264349,log_wifi_test49.csv,4004,,,,
0.0,-0.030299999999999997,3.469446951953614e-18,0.0,-0.07530000000000002,1.3877787807814457e-17,0.0,-0.17479999999999998,2.7755575615628914e-17,-0.03195198491046502,0.008057465267854703,0.008057465267854703,-0.07759888878966625,0.009881440569354253,0.009881440569354253,-9.986739175575035,0.010706448741487172,0.010706448741487172,,0.010706448741487172,,,static,-0.00010000000000000026,-0.004283508508508508,3.711037398808075e-05,0.0,0.0017,0.0,0.0,0.005400000000000001,8.673617379884035e-19,-0.004477772800612741,0.001530756133595695,0.001530756133595695,,0.001530756133595695,,,0.001499701679378788,0.0014859181037613532,0.0014859181037613532,0.005361283494281239,0.001435290474747169,0.001435290474747169,log_wifi_test50.csv,3996,,,,
0.0,-0.05569999999999998,2.0816681711721685e-17,0.0,-0.0732,0.0,0.0,-0.1969,0.0,-0.05675007669402729,0.007426020918873476,0.007426020918873476,-0.07357297049566296,0.01005789625855422,0.01005789625855422,-10.005184113321716,0.010799587356197612,0.010799587356197612,,,,,static,0.0,-0.0037999999999999987,1.3010426069826053e-18,0.0,0.0008999999999999999,1.0842021724855044e-19,0.0,0.0059000000000000025,2.6020852139652106e-18,-0.004056089092509436,0.001579325234188606,0.001579325234188606,,,,,0.0007535711185308104,0.001501585294768018,0.001501585294768018,0.006058023156454121,0.0014338927591040277,0.0014338927591040277,stampfly_udp_20260401T155904.csv,9256,,,,
0.0,-0.0674,0.0,0.0,-0.027000000000000007,6.938893903907228e-18,0.0,-0.19249999999999995,5.551115123125783e-17,-0.07113148783892394,0.0076878871383917234,0.0076878871383917234,-0.035128009646898134,0.010082114982865615,0.010082114982865615,-10.004242395877839,0.01404757701355366,0.01404757701355366,,,,,static,0.0003999999999999993,-0.01300455,0.00012130250409616447,-0.0002999999999999999,0.006734599999999999,8.88979189857669e-05,0.0,0.006000000000000001,8.673617379884035e-19,-0.0041038521786395,0.0015307808696138374,0.0015307808696138374,,,,,0.0005990779062117469,0.0014677703437746357,0.0014677703437746357,0.00614772346749669,0.0014378291575476488,0.0014378291575476488,stampfly_udp_20260401T161253.csv,5048,0.032999999821186066,0.032999999821186066,0.032999999821186066,0.0
0.0,-0.0383,0.0,0.0,-0.048200000000000014,1.3877787807814457e-17,0.0,-0.19370000000000004,2.7755575615628914e-17,-0.03894408312503641,0.008310911356676798,0.008310911356676798,-0.04662507738487282,0.010355122583482628,0.010355122583482628,-10.001777311809633,0.010544768423740908,0.010544768423740908,,,,,static,0.0,-0.0040999999999999995,8.673617379884035e-19,0.0,0.0015000000000000002,2.168404344971009e-19,0.0,0.006000000000000001,8.673617379884035e-19,-0.004169858878238942,0.001513310076493656,0.001513310076493656,,,,,0.0015969305885827738,0.0014557450287803599,0.0014557450287803599,0.0060579318738260175,0.0014273794540915136,0.0014273794540915136,stampfly_udp_20260401T162900.csv,10160,,,,
-0.008800000000000002,-0.25304703318806565,0.0030564096103500517,-0.0164,0.0109922896413007,0.007839436793948426,0.0024000000000000002,0.00020222091853838302,0.01101181956929719,-0.08413766053958883,2.1139070240358087,2.1139070240358087,-0.06597452912529128,1.688790998165131,1.688790998165131,-9.346857237859378,1.8202775455806652,1.8202775455806652,,1.8202775455806652,,,static,-0.00020000000000000052,-0.006728888702648341,0.002597840268058654,-0.00019999999999999987,0.0023299614482065033,0.01189829335431821,-9.999999999999983e-05,0.002980590010056989,0.00012846101814220523,-0.03950024065158939,1.6304468096080371,1.6304468096080371,,1.6304468096080371,,,0.019161072211485972,2.2553827422214487,2.2553827422214487,0.005849600373737925,0.3333373060794824,0.3333373060794824,stampfly_wifi_20260303T014044.csv,11932,0.4570000171661377,0.07439809286622864,0.039000000804662704,0.06070818709513141
0.010199999999999987,-0.2827689012096774,0.001148921567586872,0.0115,0.03084780745967742,0.0012953527477695141,0.002999999999999999,0.08852593245967741,0.07875272393770479,-0.5971699741656324,3.4561149001798834,3.4561149001798834,-0.30303603726205103,2.5537656440351637,2.5537656440351637,-9.029782805084851,2.9926973977278584,2.9926973977278584,,2.9926973977278584,,,static,-0.0012000000000000005,0.008945589717741937,0.043402930554871794,-0.0002000000000000001,0.08564299395161291,0.03735632363647456,0.0002999999999999999,0.0037039314516129048,3.411713897861847e-05,0.08546668938038972,2.3459153672537454,2.3459153672537454,,2.3459153672537454,,,0.134181135499983,2.4154571122195656,2.4154571122195656,0.03868951388047266,2.496948120661835,2.496948120661835,stampfly_wifi_20260303T025543.csv,3968,0.22600001096725464,0.10094355308965239,0.0430000014603138,0.04137933050478259
0.2124,-0.1184936170212766,0.1054860511183075,-0.015,0.00836819329246304,0.007449579881236404,0.6742,0.19618625135232598,0.30188473673962907,-0.2887061015598292,1.4804919789808362,1.4804919789808362,0.0237650264182812,1.2756199875278518,1.2756199875278518,-9.569850238274515,2.132581663123053,2.132581663123053,2.2694841490831026,0.0517817779405834,1.3409630887935422,1.2640495911228304,hover,0.0035,-0.011523665705012622,0.03973909975329521,0.00019999999999999993,-0.014084592499098448,0.0558290420825378,-0.0006000000000000001,-0.0001652722683014786,0.0002979831952494561,-0.0021955732448165535,1.1105228055026488,1.1105228055026488,0.7899246055166521,0.018193714748656376,1.9304184416573664,1.004840597878506,0.009017013983291366,0.9093600917311555,0.9093600917311555,-0.0069510502375137295,0.40254985526472487,0.40254985526472487,stampfly_wifi_20260303T134820.csv,11092,0.8280000686645508,0.24901804254362422,0.03100000135600567,0.2554544533706953
