time,phase,true_roll,true_pitch,true_alt,est_roll,est_pitch,est_alt,thrust,gust
2.000,1,0.000,0.000,0.0150,0.000,0.000,0.0150,0.4628,0
2.020,1,0.000,0.000,0.0150,0.000,0.000,0.0150,0.4650,0
2.040,1,0.000,0.000,0.0150,0.000,0.000,0.0150,0.4671,0
2.060,1,0.000,0.000,0.0151,0.000,0.000,0.0151,0.4666,0
2.080,1,0.000,0.000,0.0157,0.000,0.000,0.0157,0.4609,0
2.100,1,0.000,0.000,0.0171,0.000,0.000,0.0171,0.4533,0
2.120,1,0.000,0.000,0.0195,0.000,0.000,0.0195,0.4454,0
2.140,1,0.000,0.000,0.0229,0.000,0.000,0.0229,0.4378,0
2.160,1,0.000,0.000,0.0271,0.000,0.000,0.0271,0.4307,0
2.180,2,0.000,0.000,0.0320,0.000,0.000,0.0320,0.4243,0
2.200,2,0.000,0.000,0.0377,0.000,0.000,0.0377,0.4184,0
2.220,2,0.000,0.000,0.0440,0.000,0.000,0.0440,0.4131,0
2.240,2,0.000,0.000,0.0509,0.000,0.000,0.0509,0.4083,0
2.260,2,0.000,0.000,0.0583,0.000,0.000,0.0583,0.4040,0
2.280,2,0.000,0.000,0.0662,0.000,0.000,0.0662,0.4002,0
2.300,2,0.000,0.000,0.0745,0.000,0.000,0.0745,0.3967,0
2.320,2,0.000,0.000,0.0831,0.000,0.000,0.0831,0.3935,0
2.340,2,0.000,0.000,0.0920,0.000,0.000,0.0920,0.3907,0
2.360,2,0.000,0.000,0.1013,0.000,0.000,0.1013,0.3882,0
2.380,2,0.000,0.000,0.1107,0.000,0.000,0.1107,0.3859,0
2.400,2,0.000,0.000,0.1205,0.000,0.000,0.1205,0.3839,0
2.420,2,0.000,0.000,0.1304,0.000,0.000,0.1304,0.3820,0
2.440,2,0.000,0.000,0.1404,0.000,0.000,0.1404,0.3804,0
2.460,2,0.000,0.000,0.1507,0.000,0.000,0.1507,0.3789,0
2.480,2,0.000,0.000,0.1611,0.000,0.000,0.1611,0.3757,0
2.500,2,0.000,0.000,0.1715,0.000,0.000,0.1715,0.3726,1
2.520,2,-0.000,0.023,0.1821,-0.000,0.023,0.1821,0.3697,1
2.540,2,0.000,0.033,0.1927,0.000,0.033,0.1927,0.3671,1
2.560,2,0.000,0.039,0.2033,0.000,0.039,0.2033,0.3647,1
2.580,2,-0.000,0.043,0.2140,-0.000,0.043,0.2140,0.3625,1
2.600,2,0.000,0.045,0.2245,0.000,0.045,0.2245,0.3605,1
2.620,2,0.000,0.047,0.2351,0.000,0.047,0.2351,0.3587,1
2.640,2,0.000,0.048,0.2455,0.000,0.048,0.2455,0.3571,1
2.660,2,-0.000,0.048,0.2558,-0.000,0.048,0.2558,0.3556,1
2.680,2,0.000,0.047,0.2661,0.000,0.047,0.2661,0.3543,1
2.700,2,-0.000,0.047,0.2762,-0.000,0.047,0.2762,0.3532,1
2.720,2,-0.000,0.046,0.2861,-0.000,0.046,0.2861,0.3522,1
2.740,2,0.000,0.045,0.2959,0.000,0.045,0.2959,0.3513,1
2.760,2,-0.000,0.044,0.3055,-0.000,0.044,0.3055,0.3505,1
2.780,2,-0.000,0.042,0.3150,-0.000,0.042,0.3150,0.3498,1
2.800,2,0.000,0.041,0.3242,0.000,0.041,0.3242,0.3492,0
2.820,2,-0.000,0.017,0.3333,-0.000,0.017,0.3333,0.3487,0
2.840,2,-0.000,0.005,0.3422,-0.000,0.005,0.3422,0.3483,0
2.860,2,-0.000,-0.002,0.3509,-0.000,-0.002,0.3509,0.3480,0
2.880,2,0.000,-0.007,0.3593,0.000,-0.007,0.3593,0.3477,0
2.900,2,0.000,-0.011,0.3676,0.000,-0.011,0.3676,0.3475,0
2.920,2,-0.000,-0.014,0.3757,-0.000,-0.014,0.3757,0.3474,0
2.940,2,-0.000,-0.015,0.3835,-0.000,-0.015,0.3835,0.3473,0
2.960,2,-0.000,-0.017,0.3911,-0.000,-0.017,0.3911,0.3473,0
2.980,2,-0.000,-0.017,0.3986,-0.000,-0.017,0.3986,0.3473,0
3.000,2,-0.000,-0.018,0.4058,-0.000,-0.018,0.4058,0.3473,0
3.020,2,-0.000,-0.018,0.4128,-0.000,-0.018,0.4128,0.3474,0
3.040,2,-0.000,-0.018,0.4196,-0.000,-0.018,0.4196,0.3475,0
3.060,2,-0.000,-0.018,0.4262,-0.000,-0.018,0.4262,0.3476,0
3.080,2,-0.000,-0.018,0.4326,-0.000,-0.018,0.4326,0.3478,0
3.100,2,0.000,-0.017,0.4388,0.000,-0.017,0.4388,0.3480,0
3.120,2,0.000,-0.017,0.4448,0.000,-0.017,0.4448,0.3482,0
3.140,2,0.000,-0.017,0.4506,0.000,-0.017,0.4506,0.3484,0
3.160,2,0.000,-0.016,0.4562,0.000,-0.016,0.4562,0.3487,0
3.180,2,-0.000,-0.016,0.4617,-0.000,-0.016,0.4617,0.3489,0
3.200,2,-0.000,-0.016,0.4669,-0.000,-0.016,0.4669,0.3492,0
3.220,2,-0.000,-0.015,0.4720,-0.000,-0.015,0.4720,0.3495,0
3.240,2,-0.000,-0.015,0.4769,-0.000,-0.015,0.4769,0.3497,0
3.260,2,-0.000,-0.014,0.4816,-0.000,-0.014,0.4816,0.3500,0
3.280,2,-0.000,-0.014,0.4861,-0.000,-0.014,0.4861,0.3503,0
3.300,2,-0.000,-0.013,0.4905,-0.000,-0.013,0.4905,0.3506,0
3.320,2,0.000,-0.013,0.4947,0.000,-0.013,0.4947,0.3509,0
3.340,2,0.000,-0.013,0.4988,0.000,-0.013,0.4988,0.3512,0
3.360,2,0.000,-0.012,0.5027,0.000,-0.012,0.5027,0.3515,0
3.380,2,-0.000,-0.012,0.5065,-0.000,-0.012,0.5065,0.3518,0
3.400,2,0.000,-0.012,0.5101,0.000,-0.012,0.5101,0.3521,0
3.420,2,0.000,-0.011,0.5136,0.000,-0.011,0.5136,0.3524,0
3.440,2,-0.000,-0.011,0.5170,-0.000,-0.011,0.5170,0.3527,0
3.460,2,-0.000,-0.011,0.5202,-0.000,-0.011,0.5202,0.3530,0
3.480,2,-0.000,-0.010,0.5233,-0.000,-0.010,0.5233,0.3533,0
3.500,3,0.000,-0.010,0.5262,0.000,-0.010,0.5262,0.3536,0
3.520,3,-0.000,-0.010,0.5291,-0.000,-0.010,0.5291,0.3539,0
3.540,3,-0.000,-0.009,0.5318,-0.000,-0.009,0.5318,0.3542,0
3.560,3,0.000,-0.009,0.5344,0.000,-0.009,0.5344,0.3544,0
3.580,3,0.000,-0.009,0.5370,0.000,-0.009,0.5370,0.3547,0
3.600,3,0.000,-0.009,0.5394,0.000,-0.009,0.5394,0.3550,0
3.620,3,0.000,-0.008,0.5417,0.000,-0.008,0.5417,0.3552,0
3.640,3,0.000,-0.008,0.5439,0.000,-0.008,0.5439,0.3555,0
3.660,3,-0.000,-0.008,0.5460,-0.000,-0.008,0.5460,0.3557,0
3.680,3,-0.000,-0.008,0.5480,-0.000,-0.008,0.5480,0.3560,0
3.700,3,0.000,-0.007,0.5499,0.000,-0.007,0.5499,0.3562,0
3.720,3,0.000,-0.007,0.5517,0.000,-0.007,0.5517,0.3564,0
3.740,3,-0.000,-0.007,0.5535,-0.000,-0.007,0.5535,0.3567,0
3.760,3,0.000,-0.007,0.5552,0.000,-0.007,0.5552,0.3569,0
3.780,3,-0.000,-0.006,0.5568,-0.000,-0.006,0.5568,0.3571,0
3.800,3,0.000,-0.006,0.5583,0.000,-0.006,0.5583,0.3573,0
3.820,3,0.000,-0.006,0.5597,0.000,-0.006,0.5597,0.3575,0
3.840,3,0.000,-0.006,0.5611,0.000,-0.006,0.5611,0.3577,0
3.860,3,0.000,-0.006,0.5624,0.000,-0.006,0.5624,0.3579,0
3.880,3,0.000,-0.005,0.5637,0.000,-0.005,0.5637,0.3580,0
3.900,3,0.000,-0.005,0.5649,0.000,-0.005,0.5649,0.3582,0
3.920,3,0.000,-0.005,0.5660,0.000,-0.005,0.5660,0.3584,0
3.940,3,-0.000,-0.005,0.5671,-0.000,-0.005,0.5671,0.3585,0
3.960,3,-0.000,-0.005,0.5681,-0.000,-0.005,0.5681,0.3587,0
3.980,3,0.000,-0.005,0.5691,0.000,-0.005,0.5691,0.3588,0
4.000,3,0.000,-0.004,0.5700,0.000,-0.004,0.5700,0.3590,1
4.020,3,0.062,-0.004,0.5708,0.062,-0.004,0.5708,0.3591,1
4.040,3,0.100,-0.004,0.5717,0.100,-0.004,0.5717,0.3593,1
4.060,3,0.115,-0.004,0.5724,0.115,-0.004,0.5724,0.3594,1
4.080,3,0.126,-0.004,0.5731,0.126,-0.004,0.5731,0.3595,1
4.100,3,0.134,-0.004,0.5738,0.134,-0.004,0.5738,0.3597,1
4.120,3,0.138,-0.004,0.5745,0.138,-0.004,0.5745,0.3598,1
4.140,3,0.140,-0.004,0.5751,0.140,-0.004,0.5751,0.3599,1
4.160,3,0.140,-0.003,0.5756,0.140,-0.003,0.5756,0.3600,1
4.180,3,0.139,-0.003,0.5762,0.139,-0.003,0.5762,0.3601,1
4.200,3,0.137,-0.003,0.5767,0.137,-0.003,0.5767,0.3602,1
4.220,3,0.134,-0.003,0.5771,0.134,-0.003,0.5771,0.3603,1
4.240,3,0.131,-0.003,0.5776,0.131,-0.003,0.5776,0.3604,1
4.260,3,0.127,-0.003,0.5780,0.127,-0.003,0.5780,0.3605,1
4.280,3,0.124,-0.003,0.5783,0.124,-0.003,0.5783,0.3606,1
4.300,3,0.120,-0.003,0.5787,0.120,-0.003,0.5787,0.3606,1
4.320,3,0.116,-0.003,0.5790,0.116,-0.003,0.5790,0.3607,1
4.340,3,0.112,-0.003,0.5793,0.112,-0.003,0.5793,0.3608,1
4.360,3,0.109,-0.002,0.5795,0.109,-0.002,0.5795,0.3609,1
4.380,3,0.105,-0.002,0.5798,0.105,-0.002,0.5798,0.3609,1
4.400,3,0.101,-0.002,0.5800,0.101,-0.002,0.5800,0.3610,1
4.420,3,0.098,-0.002,0.5801,0.098,-0.002,0.5801,0.3611,1
4.440,3,0.094,-0.002,0.5803,0.094,-0.002,0.5803,0.3611,1
4.460,3,0.091,-0.002,0.5805,0.091,-0.002,0.5805,0.3612,1
4.480,3,0.087,-0.002,0.5806,0.087,-0.002,0.5806,0.3613,1
4.500,3,0.084,-0.002,0.5807,0.084,-0.002,0.5807,0.3613,0
4.520,3,0.019,-0.002,0.5808,0.019,-0.002,0.5808,0.3614,0
4.540,3,-0.022,-0.002,0.5808,-0.022,-0.002,0.5808,0.3614,0
4.560,3,-0.040,-0.002,0.5809,-0.040,-0.002,0.5809,0.3615,0
4.580,3,-0.054,-0.002,0.5809,-0.054,-0.002,0.5809,0.3615,0
4.600,3,-0.065,-0.002,0.5809,-0.065,-0.002,0.5809,0.3616,0
4.620,3,-0.072,-0.001,0.5809,-0.072,-0.001,0.5809,0.3616,0
4.640,3,-0.076,-0.001,0.5809,-0.076,-0.001,0.5809,0.3617,0
4.660,3,-0.079,-0.001,0.5809,-0.079,-0.001,0.5809,0.3617,0
4.680,3,-0.080,-0.001,0.5809,-0.080,-0.001,0.5809,0.3618,0
4.700,3,-0.081,-0.001,0.5808,-0.081,-0.001,0.5808,0.3618,0
4.720,3,-0.080,-0.001,0.5807,-0.080,-0.001,0.5807,0.3618,0
4.740,3,-0.080,-0.001,0.5807,-0.080,-0.001,0.5807,0.3619,0
4.760,3,-0.078,-0.001,0.5806,-0.078,-0.001,0.5806,0.3619,0
4.780,3,-0.077,-0.001,0.5805,-0.077,-0.001,0.5805,0.3619,0
4.800,3,-0.075,-0.001,0.5804,-0.075,-0.001,0.5804,0.3620,0
4.820,3,-0.074,-0.001,0.5802,-0.074,-0.001,0.5802,0.3620,0
4.840,3,-0.072,-0.001,0.5801,-0.072,-0.001,0.5801,0.3620,0
4.860,3,-0.070,-0.001,0.5799,-0.070,-0.001,0.5799,0.3621,0
4.880,3,-0.068,-0.001,0.5798,-0.068,-0.001,0.5798,0.3621,0
4.900,3,-0.066,-0.001,0.5796,-0.066,-0.001,0.5796,0.3621,0
4.920,3,-0.064,-0.001,0.5795,-0.064,-0.001,0.5795,0.3621,0
4.940,3,-0.062,-0.001,0.5793,-0.062,-0.001,0.5793,0.3622,0
4.960,3,-0.061,-0.001,0.5791,-0.061,-0.001,0.5791,0.3622,0
4.980,3,-0.059,-0.001,0.5789,-0.059,-0.001,0.5789,0.3622,0
5.000,3,-0.057,-0.001,0.5787,-0.057,-0.001,0.5787,0.3622,0
5.020,3,-0.055,-0.001,0.5785,-0.055,-0.001,0.5785,0.3622,0
5.040,3,-0.054,-0.001,0.5783,-0.054,-0.001,0.5783,0.3623,0
5.060,3,-0.052,-0.001,0.5780,-0.052,-0.001,0.5780,0.3623,0
5.080,3,-0.051,-0.001,0.5778,-0.051,-0.001,0.5778,0.3623,0
5.100,3,-0.049,-0.001,0.5776,-0.049,-0.001,0.5776,0.3623,0
5.120,3,-0.048,-0.000,0.5773,-0.048,-0.000,0.5773,0.3623,0
5.140,3,-0.046,-0.000,0.5771,-0.046,-0.000,0.5771,0.3624,0
5.160,3,-0.045,-0.000,0.5768,-0.045,-0.000,0.5768,0.3624,0
5.180,3,-0.043,-0.000,0.5766,-0.043,-0.000,0.5766,0.3624,0
5.200,3,-0.042,-0.000,0.5763,-0.042,-0.000,0.5763,0.3624,0
5.220,3,-0.041,-0.000,0.5760,-0.041,-0.000,0.5760,0.3624,0
5.240,3,-0.039,-0.000,0.5758,-0.039,-0.000,0.5758,0.3624,0
5.260,3,-0.038,-0.000,0.5755,-0.038,-0.000,0.5755,0.3624,0
5.280,3,-0.037,-0.000,0.5752,-0.037,-0.000,0.5752,0.3625,0
5.300,3,-0.036,-0.000,0.5749,-0.036,-0.000,0.5749,0.3625,0
5.320,3,-0.035,-0.000,0.5746,-0.035,-0.000,0.5746,0.3625,0
5.340,3,-0.034,-0.000,0.5743,-0.034,-0.000,0.5743,0.3625,0
5.360,3,-0.033,-0.000,0.5740,-0.033,-0.000,0.5740,0.3625,0
5.380,3,-0.032,-0.000,0.5737,-0.032,-0.000,0.5737,0.3625,0
5.400,3,-0.031,-0.000,0.5734,-0.031,-0.000,0.5734,0.3625,0
5.420,3,-0.030,-0.000,0.5731,-0.030,-0.000,0.5731,0.3625,0
5.440,3,-0.029,-0.000,0.5728,-0.029,-0.000,0.5728,0.3625,0
5.460,3,-0.028,-0.000,0.5725,-0.028,-0.000,0.5725,0.3626,0
5.480,3,-0.027,-0.000,0.5722,-0.027,-0.000,0.5722,0.3626,0
5.500,3,-0.026,-0.000,0.5719,-0.026,-0.000,0.5719,0.3626,0
5.520,3,-0.025,-0.000,0.5715,-0.025,-0.000,0.5715,0.3626,0
5.540,3,-0.024,-0.000,0.5712,-0.024,-0.000,0.5712,0.3626,0
5.560,3,-0.024,-0.000,0.5709,-0.024,-0.000,0.5709,0.3626,0
5.580,3,-0.023,-0.000,0.5706,-0.023,-0.000,0.5706,0.3626,0
5.600,3,-0.022,-0.000,0.5702,-0.022,-0.000,0.5702,0.3626,0
5.620,3,-0.021,-0.000,0.5699,-0.021,-0.000,0.5699,0.3626,0
5.640,3,-0.021,0.000,0.5696,-0.021,0.000,0.5696,0.3626,0
5.660,3,-0.020,0.000,0.5692,-0.020,0.000,0.5692,0.3626,0
5.680,3,-0.019,0.000,0.5689,-0.019,0.000,0.5689,0.3627,0
5.700,3,-0.019,0.000,0.5685,-0.019,0.000,0.5685,0.3627,0
5.720,3,-0.018,0.000,0.5682,-0.018,0.000,0.5682,0.3627,0
5.740,3,-0.018,0.000,0.5679,-0.018,0.000,0.5679,0.3627,0
5.760,3,-0.017,0.000,0.5675,-0.017,0.000,0.5675,0.3627,0
5.780,3,-0.016,0.000,0.5672,-0.016,0.000,0.5672,0.3627,0
5.800,3,-0.016,0.000,0.5668,-0.016,0.000,0.5668,0.3627,0
5.820,3,-0.015,0.000,0.5665,-0.015,0.000,0.5665,0.3627,0
5.840,3,-0.015,0.000,0.5661,-0.015,0.000,0.5661,0.3627,0
5.860,3,-0.014,0.000,0.5658,-0.014,0.000,0.5658,0.3627,0
5.880,3,-0.014,0.000,0.5654,-0.014,0.000,0.5654,0.3627,0
5.900,3,-0.013,0.000,0.5651,-0.013,0.000,0.5651,0.3627,0
5.920,3,-0.013,0.000,0.5647,-0.013,0.000,0.5647,0.3627,0
5.940,3,-0.012,0.000,0.5643,-0.012,0.000,0.5643,0.3627,0
5.960,3,-0.012,0.000,0.5640,-0.012,0.000,0.5640,0.3627,0
5.980,3,-0.012,0.000,0.5636,-0.012,0.000,0.5636,0.3627,0
6.000,3,-0.011,0.000,0.5633,-0.011,0.000,0.5633,0.3627,0
6.020,3,-0.011,0.000,0.5629,-0.011,0.000,0.5629,0.3628,0
6.040,3,-0.010,0.000,0.5626,-0.010,0.000,0.5626,0.3628,0
6.060,3,-0.010,0.000,0.5622,-0.010,0.000,0.5622,0.3628,0
6.080,3,-0.010,0.000,0.5618,-0.010,0.000,0.5618,0.3628,0
6.100,3,-0.009,0.000,0.5615,-0.009,0.000,0.5615,0.3628,0
6.120,3,-0.009,0.000,0.5611,-0.009,0.000,0.5611,0.3628,0
6.140,3,-0.009,0.000,0.5608,-0.009,0.000,0.5608,0.3628,0
6.160,3,-0.008,0.000,0.5604,-0.008,0.000,0.5604,0.3628,0
6.180,3,-0.008,0.000,0.5601,-0.008,0.000,0.5601,0.3628,0
6.200,3,-0.008,0.000,0.5597,-0.008,0.000,0.5597,0.3628,0
6.220,3,-0.007,0.000,0.5593,-0.007,0.000,0.5593,0.3628,0
6.240,3,-0.007,0.000,0.5590,-0.007,0.000,0.5590,0.3628,0
6.260,3,-0.007,0.000,0.5586,-0.007,0.000,0.5586,0.3628,0
6.280,3,-0.007,0.000,0.5583,-0.007,0.000,0.5583,0.3628,0
6.300,3,-0.006,0.000,0.5579,-0.006,0.000,0.5579,0.3628,0
6.320,3,-0.006,0.000,0.5575,-0.006,0.000,0.5575,0.3628,0
6.340,3,-0.006,0.000,0.5572,-0.006,0.000,0.5572,0.3628,0
6.360,3,-0.006,0.000,0.5568,-0.006,0.000,0.5568,0.3628,0
6.380,3,-0.005,0.000,0.5565,-0.005,0.000,0.5565,0.3628,0
6.400,3,-0.005,0.000,0.5561,-0.005,0.000,0.5561,0.3628,0
6.420,3,-0.005,0.000,0.5558,-0.005,0.000,0.5558,0.3628,0
6.440,3,-0.005,0.000,0.5554,-0.005,0.000,0.5554,0.3628,0
6.460,3,-0.005,0.000,0.5550,-0.005,0.000,0.5550,0.3628,0
6.480,3,-0.004,0.000,0.5547,-0.004,0.000,0.5547,0.3628,0
6.500,3,-0.004,0.000,0.5543,-0.004,0.000,0.5543,0.3629,1
6.520,3,-0.056,0.054,0.5540,-0.056,0.054,0.5540,0.3629,1
6.540,3,-0.087,0.078,0.5536,-0.087,0.078,0.5536,0.3629,1
6.560,3,-0.099,0.091,0.5533,-0.099,0.091,0.5533,0.3629,1
6.580,3,-0.109,0.100,0.5529,-0.109,0.100,0.5529,0.3629,1
6.600,3,-0.115,0.106,0.5526,-0.115,0.106,0.5526,0.3629,1
6.620,3,-0.118,0.110,0.5522,-0.118,0.110,0.5522,0.3629,1
6.640,3,-0.119,0.111,0.5519,-0.119,0.111,0.5519,0.3628,1
6.660,3,-0.119,0.111,0.5515,-0.119,0.111,0.5515,0.3628,1
6.680,3,-0.118,0.111,0.5512,-0.118,0.111,0.5512,0.3628,1
6.700,3,-0.116,0.109,0.5508,-0.116,0.109,0.5508,0.3628,0
6.720,3,-0.062,0.053,0.5505,-0.062,0.053,0.5505,0.3629,0
6.740,3,-0.028,0.027,0.5501,-0.028,0.027,0.5501,0.3629,0
6.760,3,-0.013,0.011,0.5498,-0.013,0.011,0.5498,0.3629,0
6.780,3,-0.000,-0.001,0.5494,-0.000,-0.001,0.5494,0.3629,0
6.800,3,0.009,-0.010,0.5491,0.009,-0.010,0.5491,0.3629,0
6.820,3,0.016,-0.016,0.5488,0.016,-0.016,0.5488,0.3629,0
6.840,3,0.021,-0.021,0.5484,0.021,-0.021,0.5484,0.3629,0
6.860,3,0.024,-0.024,0.5481,0.024,-0.024,0.5481,0.3629,0
6.880,3,0.027,-0.026,0.5477,0.027,-0.026,0.5477,0.3629,0
6.900,3,0.028,-0.028,0.5474,0.028,-0.028,0.5474,0.3629,0
6.920,3,0.029,-0.028,0.5471,0.029,-0.028,0.5471,0.3629,0
6.940,3,0.029,-0.029,0.5467,0.029,-0.029,0.5467,0.3629,0
6.960,3,0.030,-0.029,0.5464,0.030,-0.029,0.5464,0.3629,0
6.980,3,0.029,-0.029,0.5460,0.029,-0.029,0.5460,0.3629,0
7.000,3,0.029,-0.028,0.5457,0.029,-0.028,0.5457,0.3629,0
7.020,3,0.029,-0.028,0.5454,0.029,-0.028,0.5454,0.3629,0
7.040,3,0.028,-0.027,0.5451,0.028,-0.027,0.5451,0.3629,0
7.060,3,0.028,-0.027,0.5447,0.028,-0.027,0.5447,0.3629,0
7.080,3,0.027,-0.026,0.5444,0.027,-0.026,0.5444,0.3629,0
7.100,3,0.026,-0.026,0.5441,0.026,-0.026,0.5441,0.3629,0
7.120,3,0.026,-0.025,0.5437,0.026,-0.025,0.5437,0.3629,0
7.140,3,0.025,-0.024,0.5434,0.025,-0.024,0.5434,0.3629,0
7.160,3,0.025,-0.023,0.5431,0.025,-0.023,0.5431,0.3629,0
7.180,3,0.024,-0.023,0.5428,0.024,-0.023,0.5428,0.3629,0
7.200,3,0.023,-0.022,0.5424,0.023,-0.022,0.5424,0.3629,0
7.220,3,0.023,-0.022,0.5421,0.023,-0.022,0.5421,0.3629,0
7.240,3,0.022,-0.021,0.5418,0.022,-0.021,0.5418,0.3629,0
7.260,3,0.021,-0.020,0.5415,0.021,-0.020,0.5415,0.3629,0
7.280,3,0.021,-0.020,0.5412,0.021,-0.020,0.5412,0.3629,0
7.300,3,0.020,-0.019,0.5409,0.020,-0.019,0.5409,0.3629,0
7.320,3,0.020,-0.018,0.5406,0.020,-0.018,0.5406,0.3629,0
7.340,3,0.019,-0.018,0.5402,0.019,-0.018,0.5402,0.3630,0
7.360,3,0.019,-0.017,0.5399,0.019,-0.017,0.5399,0.3630,0
7.380,3,0.018,-0.017,0.5396,0.018,-0.017,0.5396,0.3630,0
7.400,3,0.018,-0.016,0.5393,0.018,-0.016,0.5393,0.3630,0
7.420,3,0.017,-0.016,0.5390,0.017,-0.016,0.5390,0.3630,0
7.440,3,0.017,-0.015,0.5387,0.017,-0.015,0.5387,0.3630,0
7.460,3,0.016,-0.015,0.5384,0.016,-0.015,0.5384,0.3630,0
7.480,3,0.016,-0.014,0.5381,0.016,-0.014,0.5381,0.3630,0
7.500,3,0.015,-0.014,0.5378,0.015,-0.014,0.5378,0.3630,0
7.520,3,0.015,-0.014,0.5375,0.015,-0.014,0.5375,0.3630,0
7.540,3,0.015,-0.013,0.5372,0.015,-0.013,0.5372,0.3630,0
7.560,3,0.014,-0.013,0.5369,0.014,-0.013,0.5369,0.3630,0
7.580,3,0.014,-0.012,0.5366,0.014,-0.012,0.5366,0.3630,0
7.600,3,0.013,-0.012,0.5363,0.013,-0.012,0.5363,0.3630,0
7.620,3,0.013,-0.012,0.5360,0.013,-0.012,0.5360,0.3630,0
7.640,3,0.013,-0.011,0.5358,0.013,-0.011,0.5358,0.3630,0
7.660,3,0.012,-0.011,0.5355,0.012,-0.011,0.5355,0.3630,0
7.680,3,0.012,-0.010,0.5352,0.012,-0.010,0.5352,0.3630,0
7.700,3,0.012,-0.010,0.5349,0.012,-0.010,0.5349,0.3630,0
7.720,3,0.011,-0.010,0.5346,0.011,-0.010,0.5346,0.3630,0
7.740,3,0.011,-0.009,0.5343,0.011,-0.009,0.5343,0.3630,0
7.760,3,0.011,-0.009,0.5341,0.011,-0.009,0.5341,0.3630,0
7.780,3,0.011,-0.009,0.5338,0.011,-0.009,0.5338,0.3630,0
7.800,3,0.010,-0.009,0.5335,0.010,-0.009,0.5335,0.3630,0
7.820,3,0.010,-0.008,0.5332,0.010,-0.008,0.5332,0.3630,0
7.840,3,0.010,-0.008,0.5330,0.010,-0.008,0.5330,0.3630,0
7.860,3,0.009,-0.008,0.5327,0.009,-0.008,0.5327,0.3630,0
7.880,3,0.009,-0.008,0.5324,0.009,-0.008,0.5324,0.3630,0
7.900,3,0.009,-0.007,0.5321,0.009,-0.007,0.5321,0.3630,0
7.920,3,0.009,-0.007,0.5319,0.009,-0.007,0.5319,0.3630,0
7.940,3,0.008,-0.007,0.5316,0.008,-0.007,0.5316,0.3630,0
7.960,3,0.008,-0.007,0.5314,0.008,-0.007,0.5314,0.3630,0
7.980,3,0.008,-0.006,0.5311,0.008,-0.006,0.5311,0.3630,0
8.000,3,0.008,-0.006,0.5308,0.008,-0.006,0.5308,0.3630,0
8.020,3,0.008,-0.006,0.5306,0.008,-0.006,0.5306,0.3630,0
8.040,3,0.007,-0.006,0.5303,0.007,-0.006,0.5303,0.3630,0
8.060,3,0.007,-0.006,0.5301,0.007,-0.006,0.5301,0.3630,0
8.080,3,0.007,-0.005,0.5298,0.007,-0.005,0.5298,0.3630,0
8.100,3,0.007,-0.005,0.5296,0.007,-0.005,0.5296,0.3630,0
8.120,3,0.007,-0.005,0.5293,0.007,-0.005,0.5293,0.3630,0
8.140,3,0.007,-0.005,0.5291,0.007,-0.005,0.5291,0.3630,0
8.160,3,0.006,-0.005,0.5288,0.006,-0.005,0.5288,0.3630,0
8.180,3,0.006,-0.004,0.5286,0.006,-0.004,0.5286,0.3630,0
8.200,3,0.006,-0.004,0.5283,0.006,-0.004,0.5283,0.3630,0
8.220,3,0.006,-0.004,0.5281,0.006,-0.004,0.5281,0.3630,0
8.240,3,0.006,-0.004,0.5278,0.006,-0.004,0.5278,0.3630,0
8.260,3,0.006,-0.004,0.5276,0.006,-0.004,0.5276,0.3630,0
8.280,3,0.005,-0.004,0.5274,0.005,-0.004,0.5274,0.3630,0
8.300,3,0.005,-0.004,0.5271,0.005,-0.004,0.5271,0.3630,0
8.320,3,0.005,-0.003,0.5269,0.005,-0.003,0.5269,0.3630,0
8.340,3,0.005,-0.003,0.5266,0.005,-0.003,0.5266,0.3630,0
8.360,3,0.005,-0.003,0.5264,0.005,-0.003,0.5264,0.3630,0
8.380,3,0.005,-0.003,0.5262,0.005,-0.003,0.5262,0.3630,0
8.400,3,0.005,-0.003,0.5260,0.005,-0.003,0.5260,0.3630,0
8.420,3,0.005,-0.003,0.5257,0.005,-0.003,0.5257,0.3630,0
8.440,3,0.004,-0.003,0.5255,0.004,-0.003,0.5255,0.3630,0
8.460,3,0.004,-0.003,0.5253,0.004,-0.003,0.5253,0.3630,0
8.480,3,0.004,-0.003,0.5251,0.004,-0.003,0.5251,0.3630,0
8.500,3,0.004,-0.002,0.5248,0.004,-0.002,0.5248,0.3630,1
8.520,3,0.025,-0.018,0.5246,0.025,-0.018,0.5246,0.3630,1
8.540,3,0.037,-0.024,0.5244,0.037,-0.024,0.5244,0.3630,1
8.560,3,0.042,-0.028,0.5242,0.042,-0.028,0.5242,0.3630,1
8.580,3,0.046,-0.031,0.5240,0.046,-0.031,0.5240,0.3630,1
8.600,3,0.048,-0.032,0.5238,0.048,-0.032,0.5238,0.3630,1
8.620,3,0.049,-0.033,0.5235,0.049,-0.033,0.5235,0.3630,1
8.640,3,0.050,-0.034,0.5233,0.050,-0.034,0.5233,0.3630,1
8.660,3,0.050,-0.033,0.5231,0.050,-0.033,0.5231,0.3630,1
8.680,3,0.050,-0.033,0.5229,0.050,-0.033,0.5229,0.3630,1
8.700,3,0.049,-0.033,0.5227,0.049,-0.033,0.5227,0.3630,1
8.720,3,0.048,-0.032,0.5225,0.048,-0.032,0.5225,0.3630,1
8.740,3,0.047,-0.031,0.5223,0.047,-0.031,0.5223,0.3630,1
8.760,3,0.045,-0.030,0.5221,0.045,-0.030,0.5221,0.3630,1
8.780,3,0.044,-0.029,0.5219,0.044,-0.029,0.5219,0.3630,1
8.800,3,0.043,-0.029,0.5217,0.043,-0.029,0.5217,0.3630,1
8.820,3,0.042,-0.028,0.5215,0.042,-0.028,0.5215,0.3630,1
8.840,3,0.040,-0.027,0.5213,0.040,-0.027,0.5213,0.3630,1
8.860,3,0.039,-0.026,0.5211,0.039,-0.026,0.5211,0.3630,1
8.880,3,0.038,-0.025,0.5209,0.038,-0.025,0.5209,0.3630,1
8.900,3,0.036,-0.024,0.5207,0.036,-0.024,0.5207,0.3630,1
8.920,3,0.035,-0.023,0.5205,0.035,-0.023,0.5205,0.3630,1
8.940,3,0.034,-0.022,0.5203,0.034,-0.022,0.5203,0.3630,1
8.960,3,0.033,-0.021,0.5202,0.033,-0.021,0.5202,0.3630,1
8.980,3,0.031,-0.021,0.5200,0.031,-0.021,0.5200,0.3630,1
9.000,3,0.030,-0.020,0.5198,0.030,-0.020,0.5198,0.3630,1
9.020,3,0.029,-0.019,0.5196,0.029,-0.019,0.5196,0.3630,1
9.040,3,0.028,-0.018,0.5194,0.028,-0.018,0.5194,0.3630,1
9.060,3,0.027,-0.018,0.5192,0.027,-0.018,0.5192,0.3630,1
9.080,3,0.026,-0.017,0.5191,0.026,-0.017,0.5191,0.3630,1
9.100,3,0.025,-0.016,0.5189,0.025,-0.016,0.5189,0.3630,1
9.120,3,0.024,-0.016,0.5187,0.024,-0.016,0.5187,0.3630,1
9.140,3,0.023,-0.015,0.5185,0.023,-0.015,0.5185,0.3630,1
9.160,3,0.022,-0.014,0.5184,0.022,-0.014,0.5184,0.3630,1
9.180,3,0.021,-0.014,0.5182,0.021,-0.014,0.5182,0.3630,1
9.200,3,0.020,-0.013,0.5180,0.020,-0.013,0.5180,0.3630,1
9.220,3,0.020,-0.012,0.5179,0.020,-0.012,0.5179,0.3630,1
9.240,3,0.019,-0.012,0.5177,0.019,-0.012,0.5177,0.3630,1
9.260,3,0.018,-0.011,0.5175,0.018,-0.011,0.5175,0.3630,1
9.280,3,0.017,-0.011,0.5174,0.017,-0.011,0.5174,0.3630,1
9.300,3,0.017,-0.010,0.5172,0.017,-0.010,0.5172,0.3630,1
9.320,3,0.016,-0.010,0.5170,0.016,-0.010,0.5170,0.3630,1
9.340,3,0.015,-0.009,0.5169,0.015,-0.009,0.5169,0.3630,1
9.360,3,0.014,-0.009,0.5167,0.014,-0.009,0.5167,0.3630,1
9.380,3,0.014,-0.008,0.5165,0.014,-0.008,0.5165,0.3630,1
9.400,3,0.013,-0.008,0.5164,0.013,-0.008,0.5164,0.3630,1
9.420,3,0.013,-0.008,0.5162,0.013,-0.008,0.5162,0.3630,1
9.440,3,0.012,-0.007,0.5161,0.012,-0.007,0.5161,0.3630,1
9.460,3,0.011,-0.007,0.5159,0.011,-0.007,0.5159,0.3630,1
9.480,3,0.011,-0.006,0.5158,0.011,-0.006,0.5158,0.3630,1
9.500,3,0.010,-0.006,0.5156,0.010,-0.006,0.5156,0.3630,1
9.520,3,0.010,-0.006,0.5155,0.010,-0.006,0.5155,0.3630,1
9.540,3,0.009,-0.005,0.5153,0.009,-0.005,0.5153,0.3630,1
9.560,3,0.009,-0.005,0.5152,0.009,-0.005,0.5152,0.3630,1
9.580,3,0.008,-0.005,0.5150,0.008,-0.005,0.5150,0.3630,1
9.600,3,0.008,-0.004,0.5149,0.008,-0.004,0.5149,0.3630,1
9.620,3,0.007,-0.004,0.5147,0.007,-0.004,0.5147,0.3630,1
9.640,3,0.007,-0.004,0.5146,0.007,-0.004,0.5146,0.3630,1
9.660,3,0.007,-0.003,0.5144,0.007,-0.003,0.5144,0.3630,1
9.680,3,0.006,-0.003,0.5143,0.006,-0.003,0.5143,0.3630,1
9.700,3,0.006,-0.003,0.5142,0.006,-0.003,0.5142,0.3630,1
9.720,3,0.005,-0.003,0.5140,0.005,-0.003,0.5140,0.3630,1
9.740,3,0.005,-0.002,0.5139,0.005,-0.002,0.5139,0.3630,1
9.760,3,0.005,-0.002,0.5137,0.005,-0.002,0.5137,0.3630,1
9.780,3,0.004,-0.002,0.5136,0.004,-0.002,0.5136,0.3630,1
9.800,3,0.004,-0.002,0.5135,0.004,-0.002,0.5135,0.3630,1
9.820,3,0.004,-0.001,0.5133,0.004,-0.001,0.5133,0.3630,1
9.840,3,0.003,-0.001,0.5132,0.003,-0.001,0.5132,0.3630,1
9.860,3,0.003,-0.001,0.5131,0.003,-0.001,0.5131,0.3630,1
9.880,3,0.003,-0.001,0.5130,0.003,-0.001,0.5130,0.3630,1
9.900,3,0.002,-0.001,0.5128,0.002,-0.001,0.5128,0.3630,1
9.920,3,0.002,-0.000,0.5127,0.002,-0.000,0.5127,0.3630,1
9.940,3,0.002,-0.000,0.5126,0.002,-0.000,0.5126,0.3630,1
9.960,3,0.002,-0.000,0.5124,0.002,-0.000,0.5124,0.3630,1
9.980,3,0.001,0.000,0.5123,0.001,0.000,0.5123,0.3630,1
10.000,3,0.001,0.000,0.5122,0.001,0.000,0.5122,0.3630,0
10.020,3,-0.020,0.016,0.5121,-0.020,0.016,0.5121,0.3630,0
10.040,3,-0.033,0.023,0.5120,-0.033,0.023,0.5120,0.3630,0
10.060,3,-0.038,0.027,0.5118,-0.038,0.027,0.5118,0.3630,0
10.080,3,-0.042,0.029,0.5117,-0.042,0.029,0.5117,0.3630,0
10.100,3,-0.045,0.031,0.5116,-0.045,0.031,0.5116,0.3630,0
10.120,3,-0.046,0.032,0.5115,-0.046,0.032,0.5115,0.3630,0
10.140,3,-0.047,0.033,0.5114,-0.047,0.033,0.5114,0.3630,0
10.160,3,-0.047,0.033,0.5113,-0.047,0.033,0.5113,0.3630,0
10.180,3,-0.047,0.033,0.5111,-0.047,0.033,0.5111,0.3630,0
10.200,3,-0.046,0.033,0.5110,-0.046,0.033,0.5110,0.3630,0
10.220,3,-0.046,0.032,0.5109,-0.046,0.032,0.5109,0.3630,0
10.240,3,-0.045,0.032,0.5108,-0.045,0.032,0.5108,0.3630,0
10.260,3,-0.044,0.031,0.5107,-0.044,0.031,0.5107,0.3630,0
10.280,3,-0.043,0.030,0.5106,-0.043,0.030,0.5106,0.3630,0
10.300,3,-0.042,0.030,0.5105,-0.042,0.030,0.5105,0.3630,0
10.320,3,-0.041,0.029,0.5104,-0.041,0.029,0.5104,0.3630,0
10.340,3,-0.039,0.028,0.5103,-0.039,0.028,0.5103,0.3630,0
10.360,3,-0.038,0.027,0.5102,-0.038,0.027,0.5102,0.3630,0
10.380,3,-0.037,0.026,0.5101,-0.037,0.026,0.5101,0.3630,0
10.400,3,-0.036,0.026,0.5099,-0.036,0.026,0.5099,0.3630,0
10.420,3,-0.035,0.025,0.5098,-0.035,0.025,0.5098,0.3630,0
10.440,3,-0.034,0.024,0.5097,-0.034,0.024,0.5097,0.3630,0
10.460,3,-0.033,0.023,0.5096,-0.033,0.023,0.5096,0.3630,0
10.480,3,-0.032,0.023,0.5095,-0.032,0.023,0.5095,0.3630,0
10.500,3,-0.031,0.022,0.5094,-0.031,0.022,0.5094,0.3630,1
10.520,3,-0.030,0.083,0.5093,-0.030,0.083,0.5093,0.3635,1
10.540,3,-0.029,0.110,0.5091,-0.029,0.110,0.5091,0.3641,1
10.560,3,-0.028,0.124,0.5089,-0.028,0.124,0.5089,0.3646,1
10.580,3,-0.027,0.134,0.5087,-0.027,0.134,0.5087,0.3650,1
10.600,3,-0.026,0.140,0.5084,-0.026,0.140,0.5084,0.3655,1
10.620,3,-0.025,0.144,0.5080,-0.025,0.144,0.5080,0.3658,1
10.640,3,-0.025,0.145,0.5077,-0.025,0.145,0.5077,0.3662,1
10.660,3,-0.024,0.115,0.5073,-0.024,0.115,0.5073,0.3663,0
10.680,3,-0.023,0.064,0.5070,-0.023,0.064,0.5070,0.3660,0
10.700,3,-0.022,0.044,0.5067,-0.022,0.044,0.5067,0.3658,0
10.720,3,-0.022,0.028,0.5064,-0.022,0.028,0.5064,0.3656,0
10.740,3,-0.021,0.016,0.5062,-0.021,0.016,0.5062,0.3653,0
10.760,3,-0.020,0.007,0.5060,-0.020,0.007,0.5060,0.3651,0
10.780,3,-0.020,0.001,0.5058,-0.020,0.001,0.5058,0.3649,0
10.800,3,-0.019,-0.004,0.5056,-0.019,-0.004,0.5056,0.3648,0
10.820,3,-0.018,-0.007,0.5055,-0.018,-0.007,0.5055,0.3646,0
10.840,3,-0.018,-0.010,0.5054,-0.018,-0.010,0.5054,0.3644,0
10.860,3,-0.017,-0.012,0.5053,-0.017,-0.012,0.5053,0.3643,0
10.880,3,-0.016,-0.013,0.5052,-0.016,-0.013,0.5052,0.3642,0
10.900,3,-0.016,-0.013,0.5052,-0.016,-0.013,0.5052,0.3640,0
10.920,3,-0.015,-0.014,0.5051,-0.015,-0.014,0.5051,0.3639,0
10.940,3,-0.015,-0.014,0.5051,-0.015,-0.014,0.5051,0.3638,0
10.960,3,-0.014,-0.014,0.5050,-0.014,-0.014,0.5050,0.3637,0
10.980,3,-0.014,-0.014,0.5050,-0.014,-0.014,0.5050,0.3636,0
11.000,4,-0.013,-0.014,0.5050,-0.013,-0.014,0.5050,0.3635,0
11.020,4,-0.013,-0.014,0.5050,-0.013,-0.014,0.5050,0.3623,0
11.040,4,-0.012,-0.014,0.5050,-0.012,-0.014,0.5050,0.3610,0
11.060,4,-0.012,-0.013,0.5050,-0.012,-0.013,0.5050,0.3599,0
11.080,4,-0.012,-0.013,0.5050,-0.012,-0.013,0.5050,0.3588,0
11.100,4,-0.011,-0.013,0.5049,-0.011,-0.013,0.5049,0.3579,0
11.120,4,-0.011,-0.013,0.5048,-0.011,-0.013,0.5048,0.3570,0
11.140,4,-0.010,-0.012,0.5047,-0.010,-0.012,0.5047,0.3563,0
11.160,4,-0.010,-0.012,0.5044,-0.010,-0.012,0.5044,0.3556,0
11.180,4,-0.010,-0.012,0.5041,-0.010,-0.012,0.5041,0.3549,0
11.200,4,-0.009,-0.011,0.5038,-0.009,-0.011,0.5038,0.3544,0
11.220,4,-0.009,-0.011,0.5033,-0.009,-0.011,0.5033,0.3539,0
11.240,4,-0.009,-0.011,0.5028,-0.009,-0.011,0.5028,0.3535,0
11.260,4,-0.008,-0.010,0.5021,-0.008,-0.010,0.5021,0.3531,0
11.280,4,-0.008,-0.010,0.5014,-0.008,-0.010,0.5014,0.3528,0
11.300,4,-0.008,-0.010,0.5006,-0.008,-0.010,0.5006,0.3525,0
11.320,4,-0.007,-0.010,0.4996,-0.007,-0.010,0.4996,0.3523,0
11.340,4,-0.007,-0.009,0.4986,-0.007,-0.009,0.4986,0.3521,0
11.360,4,-0.007,-0.009,0.4974,-0.007,-0.009,0.4974,0.3520,0
11.380,4,-0.007,-0.009,0.4962,-0.007,-0.009,0.4962,0.3519,0
11.400,4,-0.006,-0.009,0.4948,-0.006,-0.009,0.4948,0.3518,0
11.420,4,-0.006,-0.008,0.4933,-0.006,-0.008,0.4933,0.3517,0
11.440,4,-0.006,-0.008,0.4917,-0.006,-0.008,0.4917,0.3517,0
11.460,4,-0.006,-0.008,0.4900,-0.006,-0.008,0.4900,0.3517,0
11.480,4,-0.005,-0.008,0.4882,-0.005,-0.008,0.4882,0.3517,0
11.500,4,-0.005,-0.007,0.4862,-0.005,-0.007,0.4862,0.3517,0
11.520,4,-0.005,-0.007,0.4842,-0.005,-0.007,0.4842,0.3518,0
11.540,4,-0.005,-0.007,0.4820,-0.005,-0.007,0.4820,0.3519,0
11.560,4,-0.004,-0.007,0.4798,-0.004,-0.007,0.4798,0.3519,0
11.580,4,-0.004,-0.007,0.4774,-0.004,-0.007,0.4774,0.3520,0
11.600,4,-0.004,-0.006,0.4749,-0.004,-0.006,0.4749,0.3521,0
11.620,4,-0.004,-0.006,0.4723,-0.004,-0.006,0.4723,0.3523,0
11.640,4,-0.004,-0.006,0.4696,-0.004,-0.006,0.4696,0.3524,0
11.660,4,-0.003,-0.006,0.4668,-0.003,-0.006,0.4668,0.3525,0
11.680,4,-0.003,-0.006,0.4639,-0.003,-0.006,0.4639,0.3527,0
11.700,4,-0.003,-0.006,0.4610,-0.003,-0.006,0.4610,0.3528,0
11.720,4,-0.003,-0.006,0.4579,-0.003,-0.006,0.4579,0.3530,0
11.740,4,-0.003,-0.005,0.4547,-0.003,-0.005,0.4547,0.3531,0
11.760,4,-0.003,-0.005,0.4514,-0.003,-0.005,0.4514,0.3533,0
11.780,4,-0.003,-0.005,0.4481,-0.003,-0.005,0.4481,0.3534,0
11.800,4,-0.002,-0.005,0.4447,-0.002,-0.005,0.4447,0.3536,0
11.820,4,-0.002,-0.005,0.4411,-0.002,-0.005,0.4411,0.3537,0
11.840,4,-0.002,-0.005,0.4375,-0.002,-0.005,0.4375,0.3539,0
11.860,4,-0.002,-0.005,0.4338,-0.002,-0.005,0.4338,0.3541,0
11.880,4,-0.002,-0.004,0.4301,-0.002,-0.004,0.4301,0.3542,0
11.900,4,-0.002,-0.004,0.4262,-0.002,-0.004,0.4262,0.3544,0
11.920,4,-0.002,-0.004,0.4223,-0.002,-0.004,0.4223,0.3545,0
11.940,4,-0.002,-0.004,0.4183,-0.002,-0.004,0.4183,0.3547,0
11.960,4,-0.001,-0.004,0.4143,-0.001,-0.004,0.4143,0.3549,0
11.980,4,-0.001,-0.004,0.4101,-0.001,-0.004,0.4101,0.3550,0
12.000,4,-0.001,-0.004,0.4060,-0.001,-0.004,0.4060,0.3552,0
12.020,4,-0.001,-0.004,0.4017,-0.001,-0.004,0.4017,0.3553,0
12.040,4,-0.001,-0.004,0.3974,-0.001,-0.004,0.3974,0.3555,0
12.060,4,-0.001,-0.003,0.3930,-0.001,-0.003,0.3930,0.3556,0
12.080,4,-0.001,-0.003,0.3886,-0.001,-0.003,0.3886,0.3558,0
12.100,4,-0.001,-0.003,0.3841,-0.001,-0.003,0.3841,0.3559,0
12.120,4,-0.001,-0.003,0.3796,-0.001,-0.003,0.3796,0.3560,0
12.140,4,-0.001,-0.003,0.3750,-0.001,-0.003,0.3750,0.3562,0
12.160,4,-0.000,-0.003,0.3703,-0.000,-0.003,0.3703,0.3563,0
12.180,4,-0.000,-0.003,0.3656,-0.000,-0.003,0.3656,0.3564,0
12.200,4,-0.000,-0.003,0.3609,-0.000,-0.003,0.3609,0.3566,0
12.220,4,-0.000,-0.003,0.3561,-0.000,-0.003,0.3561,0.3567,0
12.240,4,-0.000,-0.003,0.3513,-0.000,-0.003,0.3513,0.3568,0
12.260,4,-0.000,-0.003,0.3464,-0.000,-0.003,0.3464,0.3569,0
12.280,4,-0.000,-0.003,0.3415,-0.000,-0.003,0.3415,0.3570,0
12.300,4,0.000,-0.003,0.3366,0.000,-0.003,0.3366,0.3571,0
12.320,4,0.000,-0.002,0.3316,0.000,-0.002,0.3316,0.3572,0
12.340,4,0.000,-0.002,0.3266,0.000,-0.002,0.3266,0.3573,0
12.360,4,0.000,-0.002,0.3215,0.000,-0.002,0.3215,0.3575,0
12.380,4,0.000,-0.002,0.3164,0.000,-0.002,0.3164,0.3575,0
12.400,4,0.000,-0.002,0.3113,0.000,-0.002,0.3113,0.3576,0
12.420,4,0.000,-0.002,0.3062,0.000,-0.002,0.3062,0.3577,0
12.440,4,0.000,-0.002,0.3010,0.000,-0.002,0.3010,0.3578,0
12.460,4,0.000,-0.002,0.2958,0.000,-0.002,0.2958,0.3579,0
12.480,4,0.001,-0.002,0.2905,0.001,-0.002,0.2905,0.3580,0
12.500,4,0.001,-0.002,0.2853,0.001,-0.002,0.2853,0.3581,0
12.520,4,0.001,-0.002,0.2800,0.001,-0.002,0.2800,0.3582,0
12.540,4,0.001,-0.002,0.2747,0.001,-0.002,0.2747,0.3582,0
12.560,4,0.001,-0.002,0.2693,0.001,-0.002,0.2693,0.3583,0
12.580,4,0.001,-0.002,0.2640,0.001,-0.002,0.2640,0.3584,0
12.600,4,0.001,-0.002,0.2586,0.001,-0.002,0.2586,0.3585,0
12.620,4,0.001,-0.002,0.2532,0.001,-0.002,0.2532,0.3585,0
12.640,4,0.001,-0.002,0.2478,0.001,-0.002,0.2478,0.3586,0
12.660,4,0.001,-0.002,0.2423,0.001,-0.002,0.2423,0.3586,0
12.680,4,0.001,-0.002,0.2369,0.001,-0.002,0.2369,0.3587,0
12.700,4,0.001,-0.001,0.2314,0.001,-0.001,0.2314,0.3588,0
12.720,4,0.001,-0.001,0.2259,0.001,-0.001,0.2259,0.3588,0
12.740,4,0.001,-0.001,0.2204,0.001,-0.001,0.2204,0.3589,0
12.760,4,0.001,-0.001,0.2149,0.001,-0.001,0.2149,0.3589,0
12.780,4,0.001,-0.001,0.2094,0.001,-0.001,0.2094,0.3590,0
12.800,4,0.001,-0.001,0.2038,0.001,-0.001,0.2038,0.3590,0
12.820,4,0.001,-0.001,0.1982,0.001,-0.001,0.1982,0.3591,0
12.840,4,0.001,-0.001,0.1927,0.001,-0.001,0.1927,0.3591,0
12.860,4,0.001,-0.001,0.1871,0.001,-0.001,0.1871,0.3592,0
12.880,4,0.001,-0.001,0.1815,0.001,-0.001,0.1815,0.3592,0
12.900,4,0.001,-0.001,0.1759,0.001,-0.001,0.1759,0.3592,0
12.920,4,0.001,-0.001,0.1703,0.001,-0.001,0.1703,0.3593,0
12.940,4,0.001,-0.001,0.1646,0.001,-0.001,0.1646,0.3593,0
12.960,4,0.001,-0.001,0.1590,0.001,-0.001,0.1590,0.3594,0
12.980,4,0.001,-0.001,0.1533,0.001,-0.001,0.1533,0.3594,0
13.000,4,0.001,-0.001,0.1477,0.001,-0.001,0.1477,0.3594,0
13.020,4,0.001,-0.001,0.1420,0.001,-0.001,0.1420,0.3607,0
13.040,4,0.001,-0.001,0.1363,0.001,-0.001,0.1363,0.3619,0
13.060,4,0.001,-0.001,0.1307,0.001,-0.001,0.1307,0.3630,0
13.080,4,0.001,-0.001,0.1250,0.001,-0.001,0.1250,0.3640,0
13.100,4,0.001,-0.001,0.1194,0.001,-0.001,0.1194,0.3649,0
13.120,4,0.001,-0.001,0.1139,0.001,-0.001,0.1139,0.3657,0
13.140,4,0.001,-0.001,0.1083,0.001,-0.001,0.1083,0.3665,0
13.160,4,0.001,-0.001,0.1029,0.001,-0.001,0.1029,0.3672,0
13.180,4,0.001,-0.001,0.0975,0.001,-0.001,0.0975,0.3678,0
13.200,4,0.001,-0.001,0.0922,0.001,-0.001,0.0922,0.3683,0
13.220,4,0.001,-0.001,0.0869,0.001,-0.001,0.0869,0.3688,0
13.240,4,0.001,-0.001,0.0817,0.001,-0.001,0.0817,0.3692,0
13.260,4,0.001,-0.001,0.0767,0.001,-0.001,0.0767,0.3696,0
13.280,4,0.001,-0.001,0.0717,0.001,-0.001,0.0717,0.3699,0
13.300,4,0.001,-0.001,0.0668,0.001,-0.001,0.0668,0.3702,0
13.320,4,0.001,-0.001,0.0621,0.001,-0.001,0.0621,0.3704,0
13.340,4,0.001,-0.001,0.0574,0.001,-0.001,0.0574,0.3706,0
13.360,4,0.001,-0.001,0.0528,0.001,-0.001,0.0528,0.3707,0
13.380,4,0.001,-0.001,0.0483,0.001,-0.001,0.0483,0.3709,0
13.400,4,0.001,-0.001,0.0440,0.001,-0.001,0.0440,0.3710,0
13.420,4,0.001,-0.001,0.0397,0.001,-0.001,0.0397,0.3710,0
13.440,4,0.001,-0.001,0.0356,0.001,-0.001,0.0356,0.3711,0
13.460,4,0.001,-0.001,0.0316,0.001,-0.001,0.0316,0.3711,0
13.480,1,0.001,-0.001,0.0277,0.001,-0.001,0.0277,0.3711,0
13.500,1,0.001,-0.001,0.0238,0.001,-0.001,0.0238,0.3710,0
13.520,1,0.001,-0.001,0.0201,0.001,-0.001,0.0201,0.3710,0
13.540,5,0.001,-0.001,0.0158,0.001,-0.001,0.0158,0.0000,0
13.560,5,-0.003,-0.001,0.0155,-0.003,-0.001,0.0155,0.0000,0
13.580,5,-0.003,-0.001,0.0155,-0.003,-0.001,0.0155,0.0000,0
13.600,5,-0.003,-0.001,0.0154,-0.003,-0.001,0.0154,0.0000,0
13.620,5,-0.003,-0.001,0.0154,-0.003,-0.001,0.0154,0.0000,0
13.640,5,-0.003,-0.001,0.0154,-0.003,-0.001,0.0154,0.0000,0
13.660,5,-0.003,-0.001,0.0153,-0.003,-0.001,0.0153,0.0000,0
13.680,5,-0.003,-0.001,0.0153,-0.003,-0.001,0.0153,0.0000,0
13.700,5,-0.003,-0.001,0.0153,-0.003,-0.001,0.0153,0.0000,0
13.720,5,-0.003,-0.001,0.0153,-0.003,-0.001,0.0153,0.0000,0
13.740,5,-0.003,-0.001,0.0152,-0.003,-0.001,0.0152,0.0000,0
13.760,5,-0.003,-0.001,0.0152,-0.003,-0.001,0.0152,0.0000,0
13.780,5,-0.003,-0.001,0.0152,-0.003,-0.001,0.0152,0.0000,0
13.800,5,-0.003,-0.001,0.0152,-0.003,-0.001,0.0152,0.0000,0
13.820,5,-0.003,-0.001,0.0151,-0.003,-0.001,0.0151,0.0000,0
13.840,5,-0.003,-0.001,0.0151,-0.003,-0.001,0.0151,0.0000,0
13.860,5,-0.003,-0.001,0.0151,-0.003,-0.001,0.0151,0.0000,0
13.880,5,-0.003,-0.001,0.0151,-0.003,-0.001,0.0151,0.0000,0
13.900,5,-0.003,-0.001,0.0150,-0.003,-0.001,0.0150,0.0000,0
13.920,5,-0.003,-0.001,0.0150,-0.003,-0.001,0.0150,0.0000,0
13.940,5,-0.000,-0.000,0.0150,-0.000,-0.000,0.0150,0.0000,0
13.960,5,-0.000,-0.000,0.0150,-0.000,-0.000,0.0150,0.0000,0
13.980,5,-0.000,-0.000,0.0150,-0.000,-0.000,0.0150,0.0000,0
14.000,5,-0.000,-0.000,0.0150,-0.000,-0.000,0.0150,0.0000,0
14.020,5,-0.000,-0.000,0.0150,-0.000,-0.000,0.0150,0.0000,0
14.040,5,-0.000,-0.000,0.0150,-0.000,-0.000,0.0150,0.0000,0
14.060,5,-0.000,-0.000,0.0150,-0.000,-0.000,0.0150,0.0000,0
14.080,5,-0.000,-0.000,0.0150,-0.000,-0.000,0.0150,0.0000,0
14.100,5,-0.000,-0.000,0.0150,-0.000,-0.000,0.0150,0.0000,0
14.120,5,-0.000,-0.000,0.0150,-0.000,-0.000,0.0150,0.0000,0
14.140,5,-0.000,-0.000,0.0150,-0.000,-0.000,0.0150,0.0000,0
14.160,5,-0.000,-0.000,0.0150,-0.000,-0.000,0.0150,0.0000,0
14.180,5,-0.000,-0.000,0.0150,-0.000,-0.000,0.0150,0.0000,0
14.200,5,-0.000,-0.000,0.0150,-0.000,-0.000,0.0150,0.0000,0
14.220,5,-0.000,-0.000,0.0150,-0.000,-0.000,0.0150,0.0000,0
14.240,5,-0.000,-0.000,0.0150,-0.000,-0.000,0.0150,0.0000,0
14.260,5,-0.000,-0.000,0.0150,-0.000,-0.000,0.0150,0.0000,0
14.280,5,-0.000,-0.000,0.0150,-0.000,-0.000,0.0150,0.0000,0
14.300,5,-0.000,-0.000,0.0150,-0.000,-0.000,0.0150,0.0000,0
14.320,5,-0.000,-0.000,0.0150,-0.000,-0.000,0.0150,0.0000,0
14.340,5,-0.000,-0.000,0.0150,-0.000,-0.000,0.0150,0.0000,0
14.360,5,-0.000,-0.000,0.0150,-0.000,-0.000,0.0150,0.0000,0
14.380,5,-0.000,-0.000,0.0150,-0.000,-0.000,0.0150,0.0000,0
14.400,5,-0.000,-0.000,0.0150,-0.000,-0.000,0.0150,0.0000,0
14.420,5,-0.000,-0.000,0.0150,-0.000,-0.000,0.0150,0.0000,0
14.440,5,-0.000,-0.000,0.0150,-0.000,-0.000,0.0150,0.0000,0
14.460,5,-0.000,-0.000,0.0150,-0.000,-0.000,0.0150,0.0000,0
14.480,5,-0.000,-0.000,0.0150,-0.000,-0.000,0.0150,0.0000,0
14.500,5,-0.000,-0.000,0.0150,-0.000,-0.000,0.0150,0.0000,0
14.520,5,-0.000,-0.000,0.0150,-0.000,-0.000,0.0150,0.0000,0
14.540,5,-0.000,-0.000,0.0150,-0.000,-0.000,0.0150,0.0000,0
14.560,5,-0.000,-0.000,0.0150,-0.000,-0.000,0.0150,0.0000,0
14.580,5,-0.000,-0.000,0.0150,-0.000,-0.000,0.0150,0.0000,0
14.600,5,-0.000,-0.000,0.0150,-0.000,-0.000,0.0150,0.0000,0
14.620,5,-0.000,-0.000,0.0150,-0.000,-0.000,0.0150,0.0000,0
14.640,5,-0.000,-0.000,0.0150,-0.000,-0.000,0.0150,0.0000,0
14.660,5,-0.000,-0.000,0.0150,-0.000,-0.000,0.0150,0.0000,0
14.680,5,-0.000,-0.000,0.0150,-0.000,-0.000,0.0150,0.0000,0
14.700,5,-0.000,-0.000,0.0150,-0.000,-0.000,0.0150,0.0000,0
14.720,5,-0.000,-0.000,0.0150,-0.000,-0.000,0.0150,0.0000,0
14.740,5,-0.000,-0.000,0.0150,-0.000,-0.000,0.0150,0.0000,0
14.760,5,-0.000,-0.000,0.0150,-0.000,-0.000,0.0150,0.0000,0
14.780,5,-0.000,-0.000,0.0150,-0.000,-0.000,0.0150,0.0000,0
14.800,5,-0.000,-0.000,0.0150,-0.000,-0.000,0.0150,0.0000,0
14.820,5,-0.000,-0.000,0.0150,-0.000,-0.000,0.0150,0.0000,0
14.840,5,-0.000,-0.000,0.0150,-0.000,-0.000,0.0150,0.0000,0
14.860,5,-0.000,-0.000,0.0150,-0.000,-0.000,0.0150,0.0000,0
14.880,5,-0.000,-0.000,0.0150,-0.000,-0.000,0.0150,0.0000,0
14.900,5,-0.000,-0.000,0.0150,-0.000,-0.000,0.0150,0.0000,0
14.920,5,-0.000,-0.000,0.0150,-0.000,-0.000,0.0150,0.0000,0
14.940,5,-0.000,-0.000,0.0150,-0.000,-0.000,0.0150,0.0000,0
14.960,5,-0.000,-0.000,0.0150,-0.000,-0.000,0.0150,0.0000,0
14.980,5,-0.000,-0.000,0.0150,-0.000,-0.000,0.0150,0.0000,0
15.000,5,-0.000,-0.000,0.0150,-0.000,-0.000,0.0150,0.0000,0
15.020,5,-0.000,-0.000,0.0150,-0.000,-0.000,0.0150,0.0000,0
15.040,5,-0.000,-0.000,0.0150,-0.000,-0.000,0.0150,0.0000,0
15.060,5,-0.000,-0.000,0.0150,-0.000,-0.000,0.0150,0.0000,0
15.080,5,-0.000,-0.000,0.0150,-0.000,-0.000,0.0150,0.0000,0
15.100,5,-0.000,-0.000,0.0150,-0.000,-0.000,0.0150,0.0000,0
15.120,5,-0.000,-0.000,0.0150,-0.000,-0.000,0.0150,0.0000,0
15.140,5,-0.000,-0.000,0.0150,-0.000,-0.000,0.0150,0.0000,0
15.160,5,-0.000,-0.000,0.0150,-0.000,-0.000,0.0150,0.0000,0
15.180,5,-0.000,-0.000,0.0150,-0.000,-0.000,0.0150,0.0000,0
15.200,5,-0.000,-0.000,0.0150,-0.000,-0.000,0.0150,0.0000,0
15.220,5,-0.000,-0.000,0.0150,-0.000,-0.000,0.0150,0.0000,0
15.240,5,-0.000,-0.000,0.0150,-0.000,-0.000,0.0150,0.0000,0
15.260,5,-0.000,-0.000,0.0150,-0.000,-0.000,0.0150,0.0000,0
15.280,5,-0.000,-0.000,0.0150,-0.000,-0.000,0.0150,0.0000,0
15.300,5,-0.000,-0.000,0.0150,-0.000,-0.000,0.0150,0.0000,0
15.320,5,-0.000,-0.000,0.0150,-0.000,-0.000,0.0150,0.0000,0
15.340,5,-0.000,-0.000,0.0150,-0.000,-0.000,0.0150,0.0000,0
15.360,5,-0.000,-0.000,0.0150,-0.000,-0.000,0.0150,0.0000,0
15.380,5,-0.000,-0.000,0.0150,-0.000,-0.000,0.0150,0.0000,0
15.400,5,-0.000,-0.000,0.0150,-0.000,-0.000,0.0150,0.0000,0
15.420,5,-0.000,-0.000,0.0150,-0.000,-0.000,0.0150,0.0000,0
15.440,5,-0.000,-0.000,0.0150,-0.000,-0.000,0.0150,0.0000,0
15.460,5,-0.000,-0.000,0.0150,-0.000,-0.000,0.0150,0.0000,0
15.480,5,-0.000,-0.000,0.0150,-0.000,-0.000,0.0150,0.0000,0
15.500,5,-0.000,-0.000,0.0150,-0.000,-0.000,0.0150,0.0000,0
15.520,5,-0.000,-0.000,0.0150,-0.000,-0.000,0.0150,0.0000,0
15.540,5,-0.000,-0.000,0.0150,-0.000,-0.000,0.0150,0.0000,0
15.560,5,-0.000,-0.000,0.0150,-0.000,-0.000,0.0150,0.0000,0
15.580,5,-0.000,-0.000,0.0150,-0.000,-0.000,0.0150,0.0000,0
15.600,5,-0.000,-0.000,0.0150,-0.000,-0.000,0.0150,0.0000,0
15.620,5,-0.000,-0.000,0.0150,-0.000,-0.000,0.0150,0.0000,0
15.640,5,-0.000,-0.000,0.0150,-0.000,-0.000,0.0150,0.0000,0
15.660,5,-0.000,-0.000,0.0150,-0.000,-0.000,0.0150,0.0000,0
15.680,5,-0.000,-0.000,0.0150,-0.000,-0.000,0.0150,0.0000,0
15.700,5,-0.000,-0.000,0.0150,-0.000,-0.000,0.0150,0.0000,0
15.720,5,-0.000,-0.000,0.0150,-0.000,-0.000,0.0150,0.0000,0
15.740,5,-0.000,-0.000,0.0150,-0.000,-0.000,0.0150,0.0000,0
15.760,5,-0.000,-0.000,0.0150,-0.000,-0.000,0.0150,0.0000,0
15.780,5,-0.000,-0.000,0.0150,-0.000,-0.000,0.0150,0.0000,0
15.800,5,-0.000,-0.000,0.0150,-0.000,-0.000,0.0150,0.0000,0
15.820,5,-0.000,-0.000,0.0150,-0.000,-0.000,0.0150,0.0000,0
15.840,5,-0.000,-0.000,0.0150,-0.000,-0.000,0.0150,0.0000,0
15.860,5,-0.000,-0.000,0.0150,-0.000,-0.000,0.0150,0.0000,0
15.880,5,-0.000,-0.000,0.0150,-0.000,-0.000,0.0150,0.0000,0
15.900,5,-0.000,-0.000,0.0150,-0.000,-0.000,0.0150,0.0000,0
15.920,5,-0.000,-0.000,0.0150,-0.000,-0.000,0.0150,0.0000,0
15.940,5,-0.000,-0.000,0.0150,-0.000,-0.000,0.0150,0.0000,0
15.960,5,-0.000,-0.000,0.0150,-0.000,-0.000,0.0150,0.0000,0
15.980,5,-0.000,-0.000,0.0150,-0.000,-0.000,0.0150,0.0000,0
