time,cmd_roll,true_roll,eskf_roll,est_error,altitude
0.0000,0.000,0.000,0.017,-0.017,0.5000
0.0050,0.000,0.011,-0.031,0.042,0.5000
0.0100,0.000,0.036,-0.032,0.067,0.5000
0.0150,0.000,0.038,-0.046,0.085,0.4999
0.0200,0.000,0.081,-0.047,0.128,0.4998
0.0250,0.000,0.154,-0.036,0.190,0.4996
0.0300,0.000,0.209,-0.029,0.238,0.4994
0.0350,0.000,0.261,0.538,-0.277,0.4992
0.0400,0.000,0.263,0.528,-0.265,0.4988
0.0450,0.000,0.239,0.512,-0.273,0.4985
0.0500,0.000,0.200,0.438,-0.239,0.4981
0.0550,0.000,0.202,0.379,-0.177,0.4977
0.0600,0.000,0.227,0.355,-0.128,0.4972
0.0650,0.000,0.219,0.437,-0.218,0.4968
0.0700,0.000,0.182,0.441,-0.259,0.4964
0.0750,0.000,0.142,0.392,-0.249,0.4959
0.0800,0.000,0.151,0.364,-0.213,0.4955
0.0850,0.000,0.133,0.389,-0.256,0.4951
0.0900,0.000,0.029,0.370,-0.341,0.4946
0.0950,0.000,-0.073,0.382,-0.455,0.4942
0.1000,0.000,-0.235,1.521,-1.756,0.4938
0.1050,0.000,-0.434,1.452,-1.886,0.4934
0.1100,0.000,-0.582,1.322,-1.905,0.4929
0.1150,0.000,-0.628,1.203,-1.830,0.4924
0.1200,0.000,-0.631,1.139,-1.770,0.4918
0.1250,0.000,-0.655,1.076,-1.731,0.4912
0.1300,0.000,-0.697,0.736,-1.433,0.4905
0.1350,0.000,-0.781,0.717,-1.498,0.4898
0.1400,0.000,-0.906,0.653,-1.559,0.4890
0.1450,0.000,-1.006,0.578,-1.585,0.4882
0.1500,0.000,-1.071,0.497,-1.569,0.4873
0.1550,0.000,-1.096,0.406,-1.503,0.4865
0.1600,0.000,-1.040,0.364,-1.404,0.4856
0.1650,0.000,-0.970,0.566,-1.536,0.4848
0.1700,0.000,-0.900,0.569,-1.469,0.4840
0.1750,0.000,-0.894,0.619,-1.514,0.4831
0.1800,0.000,-1.018,0.599,-1.616,0.4822
0.1850,0.000,-1.104,0.489,-1.593,0.4812
0.1900,0.000,-1.100,0.450,-1.550,0.4802
0.1950,0.000,-1.160,0.934,-2.094,0.4792
0.2000,0.000,-1.244,0.872,-2.116,0.4781
0.2050,0.000,-1.357,0.854,-2.210,0.4769
0.2100,0.000,-1.517,0.797,-2.314,0.4757
0.2150,0.000,-1.645,0.811,-2.456,0.4745
0.2200,0.000,-1.772,0.741,-2.513,0.4733
0.2250,0.000,-1.905,0.657,-2.562,0.4721
0.2300,0.000,-2.043,0.193,-2.236,0.4710
0.2350,0.000,-2.153,0.096,-2.249,0.4698
0.2400,0.000,-2.245,0.057,-2.302,0.4687
0.2450,0.000,-2.384,-0.053,-2.331,0.4675
0.2500,0.000,-2.460,-0.268,-2.192,0.4664
0.2550,0.000,-2.374,-0.633,-1.741,0.4653
0.2600,0.000,-2.214,-0.635,-1.579,0.4642
0.2650,0.000,-2.085,-0.424,-1.661,0.4631
0.2700,0.000,-2.084,-0.256,-1.828,0.4620
0.2750,0.000,-2.101,-0.246,-1.854,0.4609
0.2800,0.000,-2.135,-0.234,-1.901,0.4598
0.2850,0.000,-2.190,-0.214,-1.976,0.4588
0.2900,0.000,-2.285,-0.166,-2.120,0.4577
0.2950,0.000,-2.442,-0.542,-1.900,0.4568
0.3000,0.000,-2.547,-0.651,-1.895,0.4558
0.3050,0.000,-2.538,-0.688,-1.850,0.4549
0.3100,0.000,-2.477,-0.451,-2.027,0.4540
0.3150,0.000,-2.451,-0.369,-2.082,0.4531
0.3200,0.000,-2.524,-0.284,-2.241,0.4522
0.3250,0.000,-2.683,-0.264,-2.419,0.4514
0.3300,0.000,-2.843,-0.338,-2.505,0.4506
0.3350,0.000,-2.929,-0.492,-2.437,0.4498
0.3400,0.000,-2.881,-0.639,-2.242,0.4491
0.3450,0.000,-2.747,-0.711,-2.036,0.4484
0.3500,0.000,-2.576,-0.765,-1.811,0.4477
0.3550,0.000,-2.391,-0.811,-1.580,0.4471
0.3600,0.000,-2.210,-1.219,-0.991,0.4466
0.3650,0.000,-2.101,-1.169,-0.932,0.4461
0.3700,0.000,-2.026,-1.081,-0.945,0.4455
0.3750,0.000,-2.006,-0.981,-1.025,0.4449
0.3800,0.000,-1.979,-0.871,-1.107,0.4443
0.3850,0.000,-1.995,-0.802,-1.193,0.4436
0.3900,0.000,-2.045,0.605,-2.649,0.4428
0.3950,0.000,-2.117,0.613,-2.730,0.4419
0.4000,0.000,-2.229,0.607,-2.836,0.4409
0.4050,0.000,-2.412,0.574,-2.985,0.4399
0.4100,0.000,-2.633,0.468,-3.101,0.4389
0.4150,0.000,-2.806,0.338,-3.144,0.4379
0.4200,0.000,-2.916,0.341,-3.257,0.4370
0.4250,0.000,-2.975,-0.104,-2.871,0.4360
0.4300,0.000,-3.015,-0.190,-2.825,0.4351
0.4350,0.000,-3.002,-0.246,-2.756,0.4342
0.4400,0.000,-2.950,-0.277,-2.674,0.4334
0.4450,0.000,-2.820,-0.325,-2.495,0.4325
0.4500,0.000,-2.613,-0.224,-2.389,0.4317
0.4550,0.000,-2.382,0.271,-2.653,0.4309
0.4600,0.000,-2.099,0.507,-2.606,0.4301
0.4650,0.000,-1.909,0.707,-2.616,0.4293
0.4700,0.000,-1.779,0.897,-2.676,0.4285
0.4750,0.000,-1.763,1.057,-2.820,0.4278
0.4800,0.000,-1.865,1.138,-3.003,0.4270
0.4850,0.000,-2.008,1.073,-3.081,0.4263
0.4900,0.000,-2.100,1.121,-3.221,0.4256
0.4950,0.000,-2.146,1.053,-3.200,0.4248
0.5000,0.000,-2.201,1.036,-3.237,0.4241
0.5050,0.000,-2.324,0.973,-3.297,0.4235
0.5100,0.000,-2.476,0.956,-3.432,0.4228
0.5150,0.000,-2.712,0.892,-3.603,0.4222
0.5200,0.000,-2.956,0.805,-3.762,0.4215
0.5250,0.000,-3.140,0.169,-3.309,0.4209
0.5300,0.000,-3.251,0.047,-3.299,0.4203
0.5350,0.000,-3.325,-0.162,-3.164,0.4197
0.5400,0.000,-3.333,-0.225,-3.108,0.4191
0.5450,0.000,-3.304,-0.288,-3.016,0.4185
0.5500,0.000,-3.209,-0.310,-2.899,0.4179
0.5550,0.000,-3.087,-0.234,-2.853,0.4172
0.5600,0.000,-3.006,-0.149,-2.857,0.4166
0.5650,0.000,-3.002,0.119,-3.121,0.4160
0.5700,0.000,-3.069,0.308,-3.378,0.4155
0.5750,0.000,-3.152,0.316,-3.468,0.4149
0.5800,0.000,-3.210,0.292,-3.501,0.4143
0.5850,0.000,-3.258,0.217,-3.474,0.4138
0.5900,0.000,-3.349,0.204,-3.553,0.4132
0.5950,0.000,-3.402,0.157,-3.559,0.4127
0.6000,0.000,-3.348,0.144,-3.492,0.4121
0.6050,0.000,-3.264,0.091,-3.355,0.4116
0.6100,0.000,-3.153,0.118,-3.271,0.4111
0.6150,0.000,-3.056,0.126,-3.181,0.4106
0.6200,0.000,-2.944,0.172,-3.117,0.4101
0.6250,0.000,-2.862,0.193,-3.055,0.4096
0.6300,0.000,-2.736,0.209,-2.945,0.4091
0.6350,0.000,-2.580,0.290,-2.870,0.4086
0.6400,0.000,-2.508,0.404,-2.912,0.4081
0.6450,0.000,-2.545,0.464,-3.009,0.4076
0.6500,0.000,-2.616,0.257,-2.873,0.4071
0.6550,0.000,-2.711,0.279,-2.990,0.4066
0.6600,0.000,-2.846,0.186,-3.032,0.4062
0.6650,0.000,-2.956,-0.031,-2.925,0.4058
0.6700,0.000,-3.011,-0.147,-2.864,0.4054
0.6750,0.000,-2.967,-0.247,-2.720,0.4050
0.6800,0.000,-2.844,-0.266,-2.578,0.4047
0.6850,0.000,-2.727,-0.098,-2.628,0.4045
0.6900,0.000,-2.665,-0.006,-2.659,0.4043
0.6950,0.000,-2.630,0.031,-2.662,0.4042
0.7000,0.000,-2.574,0.053,-2.627,0.4041
0.7050,0.000,-2.505,0.101,-2.606,0.4040
0.7100,0.000,-2.440,0.116,-2.556,0.4039
0.7150,0.000,-2.323,0.014,-2.338,0.4039
0.7200,0.000,-2.129,0.053,-2.182,0.4038
0.7250,0.000,-1.970,0.143,-2.114,0.4038
0.7300,0.000,-1.875,0.143,-2.018,0.4038
0.7350,0.000,-1.790,0.170,-1.960,0.4037
0.7400,0.000,-1.727,0.197,-1.924,0.4038
0.7450,0.000,-1.709,0.236,-1.945,0.4038
0.7500,0.000,-1.760,0.399,-2.159,0.4039
0.7550,0.000,-1.857,0.327,-2.183,0.4040
0.7600,0.000,-1.819,0.281,-2.100,0.4042
0.7650,0.000,-1.792,0.242,-2.034,0.4043
0.7700,0.000,-1.773,0.245,-2.019,0.4044
0.7750,0.000,-1.821,0.216,-2.037,0.4045
0.7800,0.000,-1.879,0.241,-2.120,0.4047
0.7850,0.000,-1.943,0.207,-2.150,0.4048
0.7900,0.000,-2.009,0.229,-2.237,0.4049
0.7950,0.000,-2.140,0.205,-2.346,0.4049
0.8000,0.000,-2.230,0.110,-2.340,0.4050
0.8050,0.000,-2.192,0.022,-2.214,0.4050
0.8100,0.000,-2.086,0.034,-2.120,0.4050
0.8150,0.000,-2.069,-0.123,-1.946,0.4050
0.8200,0.000,-2.162,-0.192,-1.970,0.4050
0.8250,0.000,-2.264,-0.224,-2.039,0.4050
0.8300,0.000,-2.337,-0.278,-2.059,0.4050
0.8350,0.000,-2.394,-0.266,-2.128,0.4050
0.8400,0.000,-2.508,-0.241,-2.267,0.4051
0.8450,0.000,-2.652,-0.279,-2.373,0.4051
0.8500,0.000,-2.722,-0.402,-2.320,0.4052
0.8550,0.000,-2.663,-0.454,-2.209,0.4053
0.8600,0.000,-2.580,-0.464,-2.115,0.4055
0.8650,0.000,-2.506,-0.407,-2.099,0.4056
0.8700,0.000,-2.496,-0.384,-2.113,0.4058
0.8750,0.000,-2.479,-0.449,-2.030,0.4060
0.8800,0.000,-2.415,-0.372,-2.043,0.4062
0.8850,0.000,-2.405,-0.334,-2.071,0.4065
0.8900,0.000,-2.500,-0.358,-2.142,0.4067
0.8950,0.000,-2.559,-0.417,-2.142,0.4069
0.9000,0.000,-2.556,-0.393,-2.163,0.4070
0.9050,0.000,-2.598,-0.413,-2.184,0.4072
0.9100,0.000,-2.583,-0.546,-2.037,0.4072
0.9150,0.000,-2.490,-0.545,-1.945,0.4073
0.9200,0.000,-2.380,-0.503,-1.877,0.4073
0.9250,0.000,-2.284,-0.457,-1.826,0.4072
0.9300,0.000,-2.191,-0.395,-1.795,0.4072
0.9350,0.000,-2.115,-0.363,-1.752,0.4071
0.9400,0.000,-2.031,-0.322,-1.710,0.4070
0.9450,0.000,-1.955,-0.279,-1.676,0.4070
0.9500,0.000,-1.860,-0.242,-1.618,0.4068
0.9550,0.000,-1.749,-0.210,-1.539,0.4067
0.9600,0.000,-1.639,0.005,-1.644,0.4066
0.9650,0.000,-1.580,0.109,-1.689,0.4065
0.9700,0.000,-1.559,0.162,-1.720,0.4064
0.9750,0.000,-1.551,0.230,-1.781,0.4062
0.9800,0.000,-1.512,0.257,-1.770,0.4061
0.9850,0.000,-1.490,0.268,-1.758,0.4060
0.9900,0.000,-1.436,0.256,-1.692,0.4060
0.9950,0.000,-1.358,0.239,-1.597,0.4059
1.0000,0.000,-1.277,0.301,-1.577,0.4060
1.0050,0.000,-1.274,0.371,-1.646,0.4060
1.0100,0.000,-1.278,0.420,-1.698,0.4061
1.0150,0.000,-1.305,0.349,-1.654,0.4063
1.0200,0.000,-1.311,0.256,-1.567,0.4065
1.0250,0.000,-1.336,0.140,-1.476,0.4068
1.0300,0.000,-1.378,0.055,-1.434,0.4071
1.0350,0.000,-1.440,-0.007,-1.433,0.4074
1.0400,0.000,-1.507,-0.170,-1.336,0.4078
1.0450,0.000,-1.579,-0.247,-1.332,0.4083
1.0500,0.000,-1.631,-0.350,-1.280,0.4087
1.0550,0.000,-1.596,-0.432,-1.164,0.4092
1.0600,0.000,-1.526,-0.500,-1.026,0.4097
1.0650,0.000,-1.428,-0.551,-0.877,0.4101
1.0700,0.000,-1.236,-0.556,-0.680,0.4105
1.0750,0.000,-0.998,-0.484,-0.514,0.4109
1.0800,0.000,-0.865,-0.336,-0.529,0.4113
1.0850,0.000,-0.829,-0.266,-0.563,0.4116
1.0900,0.000,-0.762,-0.214,-0.548,0.4118
1.0950,0.000,-0.708,-0.170,-0.538,0.4121
1.1000,0.000,-0.659,-0.159,-0.500,0.4123
1.1050,0.000,-0.591,-0.056,-0.535,0.4125
1.1100,0.000,-0.563,0.006,-0.569,0.4126
1.1150,0.000,-0.622,0.011,-0.633,0.4127
1.1200,0.000,-0.684,0.033,-0.717,0.4128
1.1250,0.000,-0.770,-0.019,-0.750,0.4129
1.1300,0.000,-0.748,0.012,-0.760,0.4129
1.1350,0.000,-0.706,0.018,-0.724,0.4128
1.1400,0.000,-0.605,-0.035,-0.570,0.4127
1.1450,0.000,-0.462,0.039,-0.502,0.4126
1.1500,0.000,-0.303,0.128,-0.431,0.4124
1.1550,0.000,-0.162,0.244,-0.406,0.4122
1.1600,0.000,-0.058,0.341,-0.399,0.4120
1.1650,0.000,0.038,0.411,-0.373,0.4117
1.1700,0.000,0.111,0.536,-0.424,0.4115
1.1750,0.000,0.063,0.672,-0.608,0.4112
1.1800,0.000,-0.075,0.743,-0.819,0.4109
1.1850,0.000,-0.212,0.654,-0.866,0.4105
1.1900,0.000,-0.188,0.571,-0.759,0.4102
1.1950,0.000,-0.129,0.531,-0.661,0.4098
1.2000,0.000,-0.124,0.538,-0.662,0.4095
1.2050,0.000,-0.178,0.575,-0.753,0.4091
1.2100,0.000,-0.245,0.510,-0.755,0.4087
1.2150,0.000,-0.282,0.487,-0.768,0.4083
1.2200,0.000,-0.310,0.465,-0.774,0.4079
1.2250,0.000,-0.328,0.427,-0.754,0.4076
1.2300,0.000,-0.347,0.338,-0.685,0.4072
1.2350,0.000,-0.366,0.465,-0.832,0.4070
1.2400,0.000,-0.353,0.328,-0.681,0.4068
1.2450,0.000,-0.342,0.267,-0.609,0.4066
1.2500,0.000,-0.380,0.217,-0.597,0.4064
1.2550,0.000,-0.417,0.191,-0.608,0.4062
1.2600,0.000,-0.450,0.122,-0.572,0.4060
1.2650,0.000,-0.396,0.004,-0.399,0.4058
1.2700,0.000,-0.253,-0.066,-0.187,0.4056
1.2750,0.000,-0.104,-0.172,0.067,0.4055
1.2800,0.000,0.059,-0.173,0.232,0.4053
1.2850,0.000,0.193,-0.085,0.278,0.4051
1.2900,0.000,0.176,0.026,0.151,0.4048
1.2950,0.000,0.025,0.051,-0.026,0.4046
1.3000,0.000,-0.160,0.023,-0.182,0.4044
1.3050,0.000,-0.306,-0.104,-0.202,0.4041
1.3100,0.000,-0.305,-0.258,-0.047,0.4039
1.3150,0.000,-0.258,-0.297,0.039,0.4036
1.3200,0.000,-0.275,-0.309,0.034,0.4034
1.3250,0.000,-0.291,-0.365,0.074,0.4032
1.3300,0.000,-0.328,-0.386,0.057,0.4029
1.3350,0.000,-0.350,-0.407,0.057,0.4028
1.3400,0.000,-0.338,-0.438,0.099,0.4026
1.3450,0.000,-0.306,-0.460,0.154,0.4024
1.3500,0.000,-0.225,-0.515,0.290,0.4023
1.3550,0.000,-0.106,-0.494,0.388,0.4022
1.3600,0.000,-0.017,-0.471,0.454,0.4020
1.3650,0.000,0.103,-0.395,0.498,0.4019
1.3700,0.000,0.199,-0.320,0.519,0.4018
1.3750,0.000,0.225,-0.279,0.504,0.4018
1.3800,0.000,0.269,-0.288,0.557,0.4017
1.3850,0.000,0.354,-0.260,0.614,0.4016
1.3900,0.000,0.404,-0.203,0.606,0.4016
1.3950,0.000,0.394,-0.176,0.570,0.4016
1.4000,0.000,0.333,-0.186,0.519,0.4016
1.4050,0.000,0.240,-0.202,0.443,0.4017
1.4100,0.000,0.128,-0.260,0.389,0.4017
1.4150,0.000,0.038,-0.361,0.399,0.4019
1.4200,0.000,0.001,-0.418,0.419,0.4020
1.4250,0.000,-0.044,-0.363,0.319,0.4023
1.4300,0.000,-0.144,-0.050,-0.094,0.4026
1.4350,0.000,-0.295,-0.054,-0.241,0.4029
1.4400,0.000,-0.401,-0.212,-0.189,0.4033
1.4450,0.000,-0.303,-0.337,0.033,0.4037
1.4500,0.000,-0.051,-0.369,0.319,0.4040
1.4550,0.000,0.199,-0.337,0.536,0.4044
1.4600,0.000,0.414,-0.242,0.655,0.4047
1.4650,0.000,0.533,-0.244,0.776,0.4049
1.4700,0.000,0.533,-0.150,0.683,0.4051
1.4750,0.000,0.459,-0.120,0.579,0.4052
1.4800,0.000,0.397,-0.136,0.533,0.4054
1.4850,0.000,0.377,-0.186,0.562,0.4056
1.4900,0.000,0.451,-0.214,0.664,0.4057
1.4950,0.000,0.587,-0.182,0.770,0.4059
1.5000,0.000,0.678,-0.191,0.868,0.4060
1.5050,0.000,0.752,-0.228,0.980,0.4062
1.5100,0.000,0.809,-0.225,1.034,0.4063
1.5150,0.000,0.815,-0.247,1.061,0.4064
1.5200,0.000,0.853,-0.257,1.109,0.4065
1.5250,0.000,0.869,-0.213,1.082,0.4066
1.5300,0.000,0.789,-0.137,0.926,0.4067
1.5350,0.000,0.698,-0.201,0.898,0.4068
1.5400,0.000,0.660,-0.273,0.933,0.4069
1.5450,0.000,0.685,-0.381,1.065,0.4070
1.5500,0.000,0.801,-0.398,1.198,0.4072
1.5550,0.000,0.931,-0.413,1.344,0.4073
1.5600,0.000,1.144,-0.523,1.668,0.4076
1.5650,0.000,1.490,-0.513,2.003,0.4079
1.5700,0.000,1.901,-0.425,2.327,0.4081
1.5750,0.000,2.303,-0.351,2.654,0.4084
1.5800,0.000,2.621,-0.166,2.787,0.4087
1.5850,0.000,2.757,-0.068,2.825,0.4090
1.5900,0.000,2.887,-0.035,2.922,0.4093
1.5950,0.000,3.051,0.012,3.039,0.4096
1.6000,0.000,3.099,0.155,2.944,0.4099
1.6050,0.000,2.971,0.175,2.796,0.4101
1.6100,0.000,2.926,0.117,2.809,0.4103
1.6150,0.000,2.991,0.055,2.936,0.4105
1.6200,0.000,3.097,0.056,3.042,0.4106
1.6250,0.000,3.134,0.087,3.047,0.4107
1.6300,0.000,3.149,0.081,3.068,0.4108
1.6350,0.000,3.185,0.130,3.055,0.4109
1.6400,0.000,3.196,0.207,2.989,0.4109
1.6450,0.000,3.231,0.257,2.975,0.4110
1.6500,0.000,3.264,0.349,2.915,0.4110
1.6550,0.000,3.305,0.367,2.938,0.4110
1.6600,0.000,3.370,0.289,3.081,0.4111
1.6650,0.000,3.515,0.223,3.292,0.4112
1.6700,0.000,3.718,0.233,3.485,0.4113
1.6750,0.000,3.865,0.307,3.558,0.4115
1.6800,0.000,3.912,0.451,3.461,0.4116
1.6850,0.000,3.825,0.519,3.305,0.4118
1.6900,0.000,3.676,0.507,3.169,0.4120
1.6950,0.000,3.513,0.434,3.079,0.4123
1.7000,0.000,3.401,0.330,3.071,0.4126
1.7050,0.000,3.398,0.146,3.252,0.4129
1.7100,0.000,3.578,0.094,3.484,0.4132
1.7150,0.000,3.735,0.155,3.580,0.4135
1.7200,0.000,3.794,0.254,3.540,0.4139
1.7250,0.000,3.768,0.307,3.461,0.4142
1.7300,0.000,3.704,0.316,3.388,0.4145
1.7350,0.000,3.678,0.295,3.383,0.4149
1.7400,0.000,3.716,0.301,3.415,0.4152
1.7450,0.000,3.710,0.312,3.398,0.4155
1.7500,0.000,3.701,0.320,3.380,0.4158
1.7550,0.000,3.642,0.104,3.538,0.4161
1.7600,0.000,3.524,0.038,3.485,0.4164
1.7650,0.000,3.438,-0.117,3.555,0.4167
1.7700,0.000,3.398,-0.144,3.541,0.4170
1.7750,0.000,3.325,-0.154,3.479,0.4173
1.7800,0.000,3.234,-0.194,3.429,0.4177
1.7850,0.000,3.159,-0.201,3.360,0.4181
1.7900,0.000,3.085,0.109,2.977,0.4185
1.7950,0.000,3.006,0.081,2.925,0.4190
1.8000,0.000,2.944,0.073,2.871,0.4194
1.8050,0.000,2.841,0.065,2.776,0.4199
1.8100,0.000,2.680,-0.034,2.714,0.4203
1.8150,0.000,2.596,-0.131,2.728,0.4208
1.8200,0.000,2.602,-0.605,3.207,0.4211
1.8250,0.000,2.676,-0.598,3.275,0.4215
1.8300,0.000,2.755,-0.560,3.315,0.4219
1.8350,0.000,2.840,-0.463,3.303,0.4222
1.8400,0.000,2.900,-0.360,3.260,0.4226
1.8450,0.000,2.975,-0.371,3.346,0.4231
1.8500,0.000,3.115,-0.347,3.462,0.4236
1.8550,0.000,3.280,-0.221,3.501,0.4242
1.8600,0.000,3.419,-0.241,3.660,0.4248
1.8650,0.000,3.485,-0.210,3.694,0.4255
1.8700,0.000,3.474,-0.178,3.652,0.4262
1.8750,0.000,3.418,-0.152,3.570,0.4269
1.8800,0.000,3.386,-0.199,3.586,0.4277
1.8850,0.000,3.399,-0.272,3.672,0.4284
1.8900,0.000,3.539,-0.332,3.871,0.4293
1.8950,0.000,3.747,-0.347,4.094,0.4301
1.9000,0.000,3.922,-0.264,4.186,0.4310
1.9050,0.000,3.973,-0.173,4.146,0.4318
1.9100,0.000,3.951,-0.126,4.077,0.4327
1.9150,0.000,3.920,-0.122,4.042,0.4336
1.9200,0.000,3.948,-0.141,4.090,0.4345
1.9250,0.000,4.046,-0.173,4.219,0.4354
1.9300,0.000,4.187,-0.180,4.368,0.4362
1.9350,0.000,4.325,-0.125,4.450,0.4371
1.9400,0.000,4.374,-0.145,4.519,0.4379
1.9450,0.000,4.439,-0.143,4.581,0.4387
1.9500,0.000,4.461,-0.095,4.557,0.4395
1.9550,0.000,4.385,-0.066,4.450,0.4402
1.9600,0.000,4.264,-0.086,4.350,0.4410
1.9650,0.000,4.167,-0.179,4.345,0.4417
1.9700,0.000,4.143,-0.260,4.404,0.4425
1.9750,0.000,4.147,-0.340,4.487,0.4432
1.9800,0.000,4.152,-0.364,4.517,0.4440
1.9850,0.000,4.150,-0.294,4.443,0.4448
1.9900,0.000,4.126,-0.334,4.459,0.4455
1.9950,0.000,4.169,-0.368,4.537,0.4463
2.0000,0.000,4.253,-0.354,4.607,0.4471
2.0050,0.471,4.300,-0.234,4.534,0.4478
2.0100,0.942,4.309,-0.132,4.441,0.4484
2.0150,1.412,4.363,-0.138,4.500,0.4490
2.0200,1.880,4.464,-0.059,4.523,0.4496
2.0250,2.347,4.596,-0.061,4.658,0.4501
2.0300,2.811,4.846,0.078,4.768,0.4506
2.0350,3.272,5.103,0.287,4.816,0.4511
2.0400,3.731,5.346,0.511,4.835,0.4516
2.0450,4.185,5.584,0.734,4.850,0.4521
2.0500,4.636,5.886,0.915,4.971,0.4526
2.0550,5.081,6.257,1.141,5.116,0.4530
2.0600,5.522,6.679,1.419,5.260,0.4536
2.0650,5.958,7.108,1.729,5.378,0.4541
2.0700,6.387,7.488,1.998,5.490,0.4546
2.0750,6.810,7.799,2.286,5.513,0.4551
2.0800,7.227,8.149,2.656,5.493,0.4557
2.0850,7.636,8.470,2.981,5.490,0.4562
2.0900,8.038,8.794,3.283,5.511,0.4567
2.0950,8.432,9.138,3.631,5.508,0.4572
2.1000,8.817,9.412,3.979,5.433,0.4577
2.1050,9.194,9.655,4.329,5.326,0.4581
2.1100,9.562,9.884,4.626,5.258,0.4585
2.1150,9.920,10.154,4.955,5.198,0.4589
2.1200,10.269,10.460,5.221,5.239,0.4592
2.1250,10.607,10.845,5.519,5.325,0.4595
2.1300,10.935,11.263,5.646,5.617,0.4598
2.1350,11.252,11.707,5.889,5.818,0.4601
2.1400,11.559,12.080,6.222,5.858,0.4603
2.1450,11.853,12.470,6.278,6.191,0.4605
2.1500,12.136,12.913,6.486,6.428,0.4607
2.1550,12.407,13.392,6.687,6.704,0.4608
2.1600,12.666,13.881,7.122,6.759,0.4610
2.1650,12.912,14.323,7.541,6.782,0.4612
2.1700,13.146,14.757,7.863,6.894,0.4614
2.1750,13.366,15.243,8.186,7.057,0.4617
2.1800,13.573,15.708,9.005,6.703,0.4619
2.1850,13.767,16.095,9.418,6.678,0.4622
2.1900,13.948,16.437,9.817,6.620,0.4625
2.1950,14.114,16.760,10.091,6.669,0.4627
2.2000,14.267,17.206,10.207,6.999,0.4630
2.2050,14.405,17.646,10.491,7.155,0.4632
2.2100,14.530,17.979,10.716,7.263,0.4634
2.2150,14.640,18.231,10.941,7.290,0.4635
2.2200,14.735,18.489,11.109,7.380,0.4636
2.2250,14.816,18.717,11.379,7.338,0.4637
2.2300,14.883,18.869,11.609,7.259,0.4637
2.2350,14.935,19.060,11.814,7.246,0.4636
2.2400,14.972,19.285,12.037,7.249,0.4635
2.2450,14.994,19.531,11.856,7.676,0.4634
2.2500,15.001,19.785,12.088,7.697,0.4632
2.2550,14.994,20.082,12.260,7.822,0.4630
2.2600,14.972,20.456,12.498,7.958,0.4627
2.2650,14.935,20.785,12.768,8.017,0.4625
2.2700,14.883,21.055,12.998,8.057,0.4623
2.2750,14.816,21.284,13.308,7.976,0.4620
2.2800,14.735,21.419,13.484,7.935,0.4618
2.2850,14.640,21.552,13.487,8.065,0.4615
2.2900,14.530,21.708,13.603,8.105,0.4613
2.2950,14.405,21.850,13.479,8.371,0.4610
2.3000,14.267,21.983,13.583,8.400,0.4607
2.3050,14.114,22.096,13.678,8.418,0.4605
2.3100,13.948,22.176,13.552,8.624,0.4602
2.3150,13.767,22.285,13.551,8.734,0.4599
2.3200,13.573,22.399,13.620,8.779,0.4597
2.3250,13.366,22.430,13.661,8.769,0.4595
2.3300,13.146,22.394,13.829,8.565,0.4593
2.3350,12.912,22.184,13.877,8.307,0.4591
2.3400,12.666,21.918,14.099,7.819,0.4589
2.3450,12.407,21.633,14.023,7.610,0.4587
2.3500,12.136,21.377,13.909,7.468,0.4585
2.3550,11.853,21.147,13.769,7.379,0.4583
2.3600,11.559,20.993,13.540,7.454,0.4582
2.3650,11.252,20.954,13.471,7.483,0.4580
2.3700,10.935,20.853,13.421,7.432,0.4578
2.3750,10.607,20.702,12.718,7.985,0.4576
2.3800,10.269,20.516,12.360,8.156,0.4574
2.3850,9.920,20.292,12.160,8.132,0.4572
2.3900,9.562,20.083,11.832,8.251,0.4570
2.3950,9.194,19.911,11.660,8.251,0.4568
2.4000,8.817,19.767,11.429,8.338,0.4567
2.4050,8.432,19.654,11.861,7.793,0.4566
2.4100,8.038,19.509,11.727,7.782,0.4566
2.4150,7.636,19.415,11.533,7.882,0.4565
2.4200,7.227,19.367,11.165,8.202,0.4565
2.4250,6.810,19.281,10.848,8.433,0.4565
2.4300,6.387,19.113,10.662,8.452,0.4565
2.4350,5.958,18.863,10.307,8.556,0.4566
2.4400,5.522,18.537,10.865,7.672,0.4566
2.4450,5.081,18.096,10.374,7.722,0.4566
2.4500,4.636,17.646,9.893,7.754,0.4566
2.4550,4.185,17.306,9.541,7.765,0.4565
2.4600,3.731,17.027,9.248,7.779,0.4564
2.4650,3.272,16.656,8.937,7.719,0.4562
2.4700,2.811,16.231,6.669,9.562,0.4560
2.4750,2.347,15.836,6.274,9.562,0.4556
2.4800,1.880,15.483,5.908,9.575,0.4553
2.4850,1.412,15.152,5.560,9.593,0.4549
2.4900,0.942,14.870,5.213,9.657,0.4546
2.4950,0.471,14.599,4.940,9.659,0.4542
2.5000,-0.000,14.275,4.623,9.652,0.4539
2.5050,-0.471,13.951,5.238,8.713,0.4537
2.5100,-0.942,13.605,4.882,8.724,0.4535
2.5150,-1.412,13.229,4.561,8.669,0.4533
2.5200,-1.880,12.730,4.220,8.509,0.4531
2.5250,-2.347,12.170,3.760,8.409,0.4528
2.5300,-2.811,11.657,3.223,8.435,0.4526
2.5350,-3.272,11.269,2.308,8.961,0.4522
2.5400,-3.731,10.984,1.713,9.271,0.4519
2.5450,-4.185,10.779,1.332,9.447,0.4515
2.5500,-4.636,10.535,1.017,9.517,0.4511
2.5550,-5.081,10.216,0.691,9.525,0.4506
2.5600,-5.522,9.829,0.364,9.465,0.4501
2.5650,-5.958,9.361,-0.019,9.379,0.4496
2.5700,-6.387,8.910,-0.473,9.383,0.4490
2.5750,-6.810,8.448,-0.879,9.327,0.4485
2.5800,-7.227,8.006,-1.301,9.307,0.4479
2.5850,-7.636,7.617,-1.666,9.283,0.4474
2.5900,-8.038,7.245,-2.145,9.390,0.4468
2.5950,-8.432,6.928,-2.516,9.444,0.4463
2.6000,-8.817,6.568,-2.929,9.497,0.4458
2.6050,-9.194,6.222,-3.297,9.520,0.4453
2.6100,-9.562,5.917,-3.618,9.536,0.4448
2.6150,-9.920,5.656,-3.889,9.545,0.4444
2.6200,-10.269,5.402,-4.156,9.558,0.4440
2.6250,-10.607,5.159,-4.433,9.593,0.4437
2.6300,-10.935,4.912,-4.713,9.625,0.4434
2.6350,-11.252,4.664,-5.445,10.109,0.4433
2.6400,-11.559,4.434,-5.779,10.214,0.4432
2.6450,-11.853,4.208,-6.115,10.323,0.4432
2.6500,-12.136,3.931,-6.391,10.321,0.4432
2.6550,-12.407,3.501,-6.734,10.236,0.4432
2.6600,-12.666,3.007,-7.121,10.128,0.4432
2.6650,-12.912,2.462,-7.449,9.911,0.4433
2.6700,-13.146,1.895,-7.663,9.559,0.4434
2.6750,-13.366,1.293,-8.113,9.406,0.4435
2.6800,-13.573,0.718,-8.584,9.302,0.4436
2.6850,-13.767,0.259,-9.007,9.266,0.4437
2.6900,-13.948,-0.197,-9.290,9.093,0.4438
2.6950,-14.114,-0.560,-9.437,8.877,0.4440
2.7000,-14.267,-0.828,-10.029,9.201,0.4442
2.7050,-14.405,-1.104,-10.086,8.982,0.4443
2.7100,-14.530,-1.467,-10.386,8.919,0.4445
2.7150,-14.640,-1.806,-10.621,8.815,0.4446
2.7200,-14.735,-2.079,-10.715,8.636,0.4447
2.7250,-14.816,-2.344,-10.937,8.593,0.4448
2.7300,-14.883,-2.686,-10.771,8.084,0.4449
2.7350,-14.935,-3.015,-11.096,8.081,0.4449
2.7400,-14.972,-3.312,-11.446,8.134,0.4450
2.7450,-14.994,-3.534,-11.793,8.259,0.4450
2.7500,-15.001,-3.696,-11.842,8.146,0.4450
2.7550,-14.994,-3.789,-11.889,8.100,0.4450
2.7600,-14.972,-3.896,-11.742,7.846,0.4451
2.7650,-14.935,-4.043,-11.792,7.749,0.4451
2.7700,-14.883,-4.264,-11.942,7.678,0.4451
2.7750,-14.816,-4.476,-12.122,7.645,0.4452
2.7800,-14.735,-4.639,-12.258,7.619,0.4453
2.7850,-14.640,-4.887,-12.485,7.599,0.4453
2.7900,-14.530,-5.132,-12.429,7.296,0.4454
2.7950,-14.405,-5.341,-12.182,6.841,0.4455
2.8000,-14.267,-5.573,-12.373,6.800,0.4456
2.8050,-14.114,-5.833,-12.428,6.595,0.4457
2.8100,-13.948,-6.145,-12.632,6.488,0.4459
2.8150,-13.767,-6.450,-12.863,6.413,0.4461
2.8200,-13.573,-6.743,-13.171,6.428,0.4463
2.8250,-13.366,-6.915,-13.497,6.583,0.4465
2.8300,-13.146,-6.989,-14.684,7.695,0.4468
2.8350,-12.912,-7.037,-14.817,7.780,0.4472
2.8400,-12.666,-7.040,-14.957,7.917,0.4475
2.8450,-12.407,-7.017,-15.025,8.008,0.4479
2.8500,-12.136,-6.960,-15.063,8.103,0.4482
2.8550,-11.853,-6.850,-15.046,8.196,0.4485
2.8600,-11.559,-6.616,-13.868,7.252,0.4488
2.8650,-11.252,-6.287,-13.525,7.238,0.4491
2.8700,-10.935,-5.927,-13.275,7.348,0.4494
2.8750,-10.607,-5.554,-12.896,7.341,0.4496
2.8800,-10.269,-5.207,-12.608,7.401,0.4499
2.8850,-9.920,-4.942,-12.340,7.397,0.4502
2.8900,-9.562,-4.691,-12.107,7.416,0.4506
2.8950,-9.194,-4.474,-12.951,8.477,0.4509
2.9000,-8.817,-4.317,-12.705,8.388,0.4514
2.9050,-8.432,-4.179,-12.517,8.339,0.4518
2.9100,-8.038,-3.948,-12.329,8.381,0.4522
2.9150,-7.636,-3.641,-12.117,8.476,0.4526
2.9200,-7.227,-3.253,-11.734,8.480,0.4530
2.9250,-6.810,-2.858,-10.799,7.941,0.4534
2.9300,-6.387,-2.473,-10.470,7.997,0.4538
2.9350,-5.958,-2.157,-10.149,7.992,0.4542
2.9400,-5.522,-1.870,-9.868,7.998,0.4546
2.9450,-5.081,-1.579,-9.585,8.005,0.4551
2.9500,-4.636,-1.278,-9.107,7.829,0.4555
2.9550,-4.185,-1.015,-8.771,7.756,0.4559
2.9600,-3.731,-0.779,-8.290,7.511,0.4563
2.9650,-3.272,-0.483,-8.069,7.587,0.4568
2.9700,-2.811,-0.097,-7.806,7.709,0.4572
2.9750,-2.347,0.284,-7.490,7.774,0.4577
2.9800,-1.880,0.638,-7.127,7.765,0.4583
2.9850,-1.412,0.944,-6.815,7.759,0.4589
2.9900,-0.942,1.306,-6.594,7.899,0.4595
2.9950,-0.471,1.645,-6.211,7.856,0.4602
3.0000,0.000,2.005,-5.861,7.866,0.4609
3.0050,0.471,2.454,-5.493,7.946,0.4616
3.0100,0.942,2.936,-5.072,8.008,0.4624
3.0150,1.412,3.419,-4.686,8.105,0.4632
3.0200,1.880,3.913,-4.205,8.118,0.4640
3.0250,2.347,4.331,-3.572,7.903,0.4649
3.0300,2.811,4.738,-3.009,7.748,0.4658
3.0350,3.272,5.148,-2.565,7.713,0.4667
3.0400,3.731,5.576,-2.123,7.698,0.4676
3.0450,4.185,5.991,-1.648,7.639,0.4686
3.0500,4.636,6.355,-1.193,7.548,0.4695
3.0550,5.081,6.732,-1.410,8.142,0.4706
3.0600,5.522,7.284,-1.081,8.365,0.4716
3.0650,5.958,7.912,-0.683,8.595,0.4727
3.0700,6.387,8.517,-0.240,8.757,0.4737
3.0750,6.810,9.077,0.207,8.869,0.4747
3.0800,7.227,9.585,0.705,8.880,0.4757
3.0850,7.636,9.960,1.225,8.735,0.4766
3.0900,8.038,10.272,1.835,8.437,0.4774
3.0950,8.432,10.609,2.281,8.328,0.4781
3.1000,8.817,10.957,2.759,8.198,0.4788
3.1050,9.194,11.279,3.227,8.052,0.4795
3.1100,9.562,11.584,3.665,7.920,0.4801
3.1150,9.920,11.886,4.072,7.813,0.4807
3.1200,10.269,12.232,4.532,7.700,0.4812
3.1250,10.607,12.603,4.960,7.643,0.4817
3.1300,10.935,12.978,5.406,7.572,0.4821
3.1350,11.252,13.293,5.872,7.420,0.4825
3.1400,11.559,13.592,6.255,7.337,0.4829
3.1450,11.853,13.935,6.645,7.290,0.4833
3.1500,12.136,14.283,7.025,7.259,0.4836
3.1550,12.407,14.612,7.383,7.229,0.4840
3.1600,12.666,14.931,7.687,7.244,0.4843
3.1650,12.912,15.278,7.971,7.307,0.4847
3.1700,13.146,15.648,8.241,7.407,0.4850
3.1750,13.366,16.050,8.454,7.596,0.4854
3.1800,13.573,16.489,8.822,7.667,0.4857
3.1850,13.767,16.882,9.056,7.826,0.4861
3.1900,13.948,17.246,9.460,7.787,0.4864
3.1950,14.114,17.489,9.820,7.669,0.4868
3.2000,14.267,17.692,10.097,7.595,0.4871
3.2050,14.405,17.837,10.313,7.524,0.4874
3.2100,14.530,17.991,10.543,7.447,0.4878
3.2150,14.640,18.158,10.494,7.663,0.4881
3.2200,14.735,18.348,10.821,7.527,0.4884
3.2250,14.816,18.521,11.052,7.469,0.4887
3.2300,14.883,18.720,11.293,7.426,0.4890
3.2350,14.935,18.972,11.527,7.445,0.4893
3.2400,14.972,19.265,11.775,7.491,0.4896
3.2450,14.994,19.541,11.986,7.556,0.4899
3.2500,15.001,19.889,12.030,7.859,0.4901
3.2550,14.994,20.321,12.152,8.169,0.4903
3.2600,14.972,20.768,12.515,8.253,0.4905
3.2650,14.935,21.016,12.690,8.326,0.4906
3.2700,14.883,21.131,12.737,8.394,0.4908
3.2750,14.816,21.227,12.895,8.332,0.4909
3.2800,14.735,21.327,13.064,8.264,0.4909
3.2850,14.640,21.412,12.526,8.886,0.4910
3.2900,14.530,21.571,12.594,8.977,0.4911
3.2950,14.405,21.746,12.621,9.125,0.4911
3.3000,14.267,21.915,12.753,9.162,0.4912
3.3050,14.114,22.082,12.876,9.206,0.4912
3.3100,13.948,22.252,13.011,9.241,0.4913
3.3150,13.767,22.384,13.137,9.247,0.4914
3.3200,13.573,22.570,13.168,9.402,0.4916
3.3250,13.366,22.789,13.270,9.519,0.4917
3.3300,13.146,22.946,13.348,9.598,0.4919
3.3350,12.912,23.073,13.473,9.601,0.4920
3.3400,12.666,23.112,13.559,9.553,0.4922
3.3450,12.407,23.167,13.613,9.555,0.4925
3.3500,12.136,23.218,14.987,8.231,0.4927
3.3550,11.853,23.147,14.976,8.171,0.4930
3.3600,11.559,22.987,14.869,8.117,0.4932
3.3650,11.252,22.839,14.715,8.125,0.4933
3.3700,10.935,22.738,14.549,8.189,0.4934
3.3750,10.607,22.600,14.412,8.188,0.4934
3.3800,10.269,22.368,12.694,9.674,0.4934
3.3850,9.920,22.076,12.528,9.548,0.4932
3.3900,9.562,21.761,12.313,9.448,0.4930
3.3950,9.194,21.460,12.065,9.394,0.4928
3.4000,8.817,21.184,11.776,9.408,0.4926
3.4050,8.432,20.957,11.520,9.436,0.4923
3.4100,8.038,20.752,11.291,9.460,0.4921
3.4150,7.636,20.545,11.702,8.843,0.4920
3.4200,7.227,20.334,11.365,8.969,0.4918
3.4250,6.810,20.088,10.925,9.163,0.4917
3.4300,6.387,19.795,10.692,9.103,0.4915
3.4350,5.958,19.520,10.436,9.084,0.4914
3.4400,5.522,19.212,10.197,9.015,0.4913
3.4450,5.081,18.853,9.680,9.174,0.4912
3.4500,4.636,18.502,9.363,9.139,0.4910
3.4550,4.185,18.124,8.983,9.141,0.4909
3.4600,3.731,17.762,8.469,9.292,0.4907
3.4650,3.272,17.335,8.024,9.310,0.4906
3.4700,2.811,16.887,7.552,9.335,0.4904
3.4750,2.347,16.513,7.133,9.381,0.4903
3.4800,1.880,16.174,6.634,9.540,0.4901
3.4850,1.412,15.853,6.190,9.663,0.4900
3.4900,0.942,15.437,5.912,9.526,0.4899
3.4950,0.471,14.934,5.570,9.365,0.4898
3.5000,-0.000,14.426,5.237,9.189,0.4896
3.5050,-0.471,13.874,4.919,8.955,0.4895
3.5100,-0.942,13.286,4.457,8.829,0.4894
3.5150,-1.412,12.709,4.019,8.689,0.4893
3.5200,-1.880,12.205,3.513,8.692,0.4893
3.5250,-2.347,11.819,2.983,8.835,0.4892
3.5300,-2.811,11.548,2.506,9.041,0.4892
3.5350,-3.272,11.328,2.143,9.184,0.4892
3.5400,-3.731,11.043,1.801,9.242,0.4893
3.5450,-4.185,10.712,1.506,9.206,0.4894
3.5500,-4.636,10.249,1.144,9.106,0.4895
3.5550,-5.081,9.735,0.768,8.967,0.4896
3.5600,-5.522,9.171,0.275,8.896,0.4898
3.5650,-5.958,8.727,-0.229,8.956,0.4899
3.5700,-6.387,8.344,-0.597,8.941,0.4900
3.5750,-6.810,7.975,-0.803,8.778,0.4900
3.5800,-7.227,7.597,-1.133,8.730,0.4901
3.5850,-7.636,7.184,-1.544,8.728,0.4901
3.5900,-8.038,6.714,-1.903,8.617,0.4901
3.5950,-8.432,6.179,-2.288,8.467,0.4902
3.6000,-8.817,5.603,-2.718,8.321,0.4903
3.6050,-9.194,5.069,-3.243,8.312,0.4905
3.6100,-9.562,4.586,-3.749,8.335,0.4907
3.6150,-9.920,4.146,-4.279,8.425,0.4909
3.6200,-10.269,3.780,-4.801,8.581,0.4912
3.6250,-10.607,3.531,-5.280,8.812,0.4915
3.6300,-10.935,3.346,-5.685,9.030,0.4918
3.6350,-11.252,3.139,-6.008,9.146,0.4922
3.6400,-11.559,2.845,-6.897,9.742,0.4926
3.6450,-11.853,2.572,-7.242,9.814,0.4930
3.6500,-12.136,2.370,-7.395,9.765,0.4934
3.6550,-12.407,2.109,-7.672,9.781,0.4938
3.6600,-12.666,1.840,-7.853,9.693,0.4942
3.6650,-12.912,1.518,-8.117,9.636,0.4945
3.6700,-13.146,1.145,-8.422,9.567,0.4947
3.6750,-13.366,0.782,-7.645,8.427,0.4949
3.6800,-13.573,0.426,-7.974,8.400,0.4950
3.6850,-13.767,0.054,-8.339,8.394,0.4951
3.6900,-13.948,-0.312,-8.710,8.398,0.4952
3.6950,-14.114,-0.641,-8.908,8.267,0.4953
3.7000,-14.267,-0.947,-9.257,8.310,0.4954
3.7050,-14.405,-1.268,-8.569,7.301,0.4955
3.7100,-14.530,-1.687,-8.877,7.190,0.4957
3.7150,-14.640,-2.171,-8.790,6.620,0.4959
3.7200,-14.735,-2.673,-9.089,6.416,0.4962
3.7250,-14.816,-3.139,-9.558,6.419,0.4965
3.7300,-14.883,-3.531,-9.969,6.439,0.4970
3.7350,-14.935,-3.879,-10.362,6.483,0.4975
3.7400,-14.972,-4.205,-12.917,8.712,0.4981
3.7450,-14.994,-4.500,-13.212,8.712,0.4988
3.7500,-15.001,-4.814,-13.536,8.722,0.4995
3.7550,-14.994,-5.033,-13.804,8.772,0.5002
3.7600,-14.972,-5.224,-13.981,8.757,0.5010
3.7650,-14.935,-5.378,-14.131,8.753,0.5017
3.7700,-14.883,-5.474,-13.159,7.685,0.5024
3.7750,-14.816,-5.509,-13.172,7.663,0.5031
3.7800,-14.735,-5.552,-13.252,7.699,0.5038
3.7850,-14.640,-5.618,-13.372,7.754,0.5044
3.7900,-14.530,-5.670,-13.454,7.783,0.5051
3.7950,-14.405,-5.748,-13.315,7.567,0.5058
3.8000,-14.267,-5.910,-13.326,7.416,0.5064
3.8050,-14.114,-6.116,-13.033,6.917,0.5071
3.8100,-13.948,-6.286,-12.845,6.559,0.5078
3.8150,-13.767,-6.369,-12.538,6.169,0.5085
3.8200,-13.573,-6.371,-12.711,6.340,0.5092
3.8250,-13.366,-6.328,-12.764,6.436,0.5099
3.8300,-13.146,-6.397,-12.855,6.458,0.5107
3.8350,-12.912,-6.454,-14.013,7.559,0.5114
3.8400,-12.666,-6.458,-14.028,7.569,0.5122
3.8450,-12.407,-6.384,-13.915,7.531,0.5129
3.8500,-12.136,-6.265,-13.672,7.407,0.5136
3.8550,-11.853,-6.080,-13.560,7.479,0.5143
3.8600,-11.559,-5.822,-13.111,7.289,0.5149
3.8650,-11.252,-5.521,-12.828,7.307,0.5154
3.8700,-10.935,-5.235,-12.609,7.374,0.5159
3.8750,-10.607,-5.051,-12.445,7.393,0.5163
3.8800,-10.269,-4.929,-12.326,7.397,0.5166
3.8850,-9.920,-4.825,-12.194,7.368,0.5169
3.8900,-9.562,-4.729,-12.130,7.401,0.5171
3.8950,-9.194,-4.499,-12.060,7.561,0.5172
3.9000,-8.817,-4.157,-10.093,5.936,0.5172
3.9050,-8.432,-3.783,-9.868,6.085,0.5172
3.9100,-8.038,-3.415,-9.564,6.148,0.5172
3.9150,-7.636,-3.115,-9.272,6.157,0.5171
3.9200,-7.227,-2.852,-8.990,6.139,0.5171
3.9250,-6.810,-2.622,-8.454,5.832,0.5171
3.9300,-6.387,-2.472,-8.095,5.624,0.5171
3.9350,-5.958,-2.422,-10.066,7.645,0.5172
3.9400,-5.522,-2.357,-9.816,7.459,0.5173
3.9450,-5.081,-2.232,-9.617,7.386,0.5175
3.9500,-4.636,-1.996,-9.200,7.204,0.5176
3.9550,-4.185,-1.620,-8.699,7.079,0.5176
3.9600,-3.731,-1.208,-8.391,7.183,0.5175
3.9650,-3.272,-0.809,-6.829,6.020,0.5174
3.9700,-2.811,-0.485,-6.514,6.029,0.5173
3.9750,-2.347,-0.240,-6.226,5.986,0.5170
3.9800,-1.880,-0.049,-5.958,5.910,0.5168
3.9850,-1.412,0.141,-5.705,5.846,0.5165
3.9900,-0.942,0.344,-5.484,5.828,0.5162
3.9950,-0.471,0.593,-5.231,5.824,0.5159
4.0000,0.000,0.889,-5.198,6.087,0.5155
4.0050,0.471,1.284,-4.893,6.177,0.5152
4.0100,0.942,1.699,-4.507,6.206,0.5149
4.0150,1.412,2.098,-4.089,6.186,0.5146
4.0200,1.880,2.489,-3.540,6.030,0.5142
4.0250,2.347,2.878,-3.165,6.043,0.5139
4.0300,2.811,3.290,-1.890,5.179,0.5135
4.0350,3.272,3.598,-1.481,5.078,0.5132
4.0400,3.731,3.865,-1.132,4.996,0.5128
4.0450,4.185,4.134,-0.859,4.993,0.5124
4.0500,4.636,4.484,-0.584,5.068,0.5121
4.0550,5.081,4.867,-0.238,5.105,0.5119
4.0600,5.522,5.199,0.107,5.092,0.5117
4.0650,5.958,5.499,0.120,5.379,0.5115
4.0700,6.387,5.774,0.423,5.351,0.5114
4.0750,6.810,6.083,0.787,5.296,0.5113
4.0800,7.227,6.320,1.154,5.166,0.5112
4.0850,7.636,6.557,1.473,5.084,0.5111
4.0900,8.038,6.944,1.749,5.194,0.5111
4.0950,8.432,7.508,2.094,5.415,0.5110
4.1000,8.817,8.079,2.552,5.527,0.5108
4.1050,9.194,8.600,3.049,5.551,0.5107
4.1100,9.562,9.036,3.547,5.489,0.5106
4.1150,9.920,9.375,4.025,5.351,0.5104
4.1200,10.269,9.680,4.434,5.246,0.5102
4.1250,10.607,10.002,4.762,5.240,0.5100
4.1300,10.935,10.399,5.087,5.312,0.5098
4.1350,11.252,10.850,5.502,5.348,0.5095
4.1400,11.559,11.346,5.985,5.361,0.5093
4.1450,11.853,11.808,6.360,5.448,0.5091
4.1500,12.136,12.264,6.723,5.541,0.5089
4.1550,12.407,12.799,7.111,5.688,0.5087
4.1600,12.666,13.315,7.673,5.642,0.5085
4.1650,12.912,13.788,8.093,5.695,0.5084
4.1700,13.146,14.206,8.509,5.697,0.5084
4.1750,13.366,14.574,8.774,5.800,0.5083
4.1800,13.573,15.007,9.093,5.914,0.5083
4.1850,13.767,15.391,9.493,5.898,0.5082
4.1900,13.948,15.625,9.825,5.800,0.5082
4.1950,14.114,15.799,9.967,5.832,0.5082
4.2000,14.267,15.954,10.251,5.703,0.5082
4.2050,14.405,16.070,10.477,5.593,0.5083
4.2100,14.530,16.201,10.659,5.542,0.5083
4.2150,14.640,16.411,10.844,5.568,0.5084
4.2200,14.735,16.766,11.108,5.658,0.5085
4.2250,14.816,17.210,12.066,5.144,0.5087
4.2300,14.883,17.644,12.443,5.201,0.5088
4.2350,14.935,17.998,12.846,5.151,0.5089
4.2400,14.972,18.196,13.171,5.025,0.5091
4.2450,14.994,18.321,13.362,4.959,0.5092
4.2500,15.001,18.415,13.496,4.919,0.5093
4.2550,14.994,18.417,13.661,4.756,0.5093
4.2600,14.972,18.450,12.475,5.976,0.5093
4.2650,14.935,18.599,12.479,6.120,0.5093
4.2700,14.883,18.794,12.651,6.142,0.5093
4.2750,14.816,19.016,12.616,6.401,0.5093
4.2800,14.735,19.280,12.842,6.437,0.5093
4.2850,14.640,19.519,13.089,6.430,0.5094
4.2900,14.530,19.685,13.649,6.036,0.5095
4.2950,14.405,19.747,13.854,5.893,0.5096
4.3000,14.267,19.756,13.938,5.818,0.5098
4.3050,14.114,19.807,13.991,5.816,0.5101
4.3100,13.948,19.863,14.037,5.826,0.5104
4.3150,13.767,19.934,14.104,5.831,0.5107
4.3200,13.573,19.983,14.248,5.735,0.5110
4.3250,13.366,19.918,15.451,4.467,0.5115
4.3300,13.146,19.887,15.389,4.498,0.5119
4.3350,12.912,19.935,15.036,4.899,0.5123
4.3400,12.666,20.019,14.782,5.237,0.5127
4.3450,12.407,20.049,14.783,5.266,0.5131
4.3500,12.136,19.999,14.635,5.364,0.5135
4.3550,11.853,19.881,13.952,5.930,0.5138
4.3600,11.559,19.682,13.807,5.875,0.5141
4.3650,11.253,19.491,13.611,5.879,0.5143
4.3700,10.935,19.320,13.399,5.920,0.5144
4.3750,10.607,19.140,13.108,6.032,0.5146
4.3800,10.269,19.010,12.851,6.159,0.5147
4.3850,9.920,18.917,12.644,6.272,0.5148
4.3900,9.562,18.788,12.427,6.361,0.5148
4.3950,9.194,18.637,12.272,6.365,0.5148
4.4000,8.817,18.405,12.110,6.295,0.5148
4.4050,8.432,18.170,11.882,6.288,0.5148
4.4100,8.038,17.977,11.543,6.434,0.5147
4.4150,7.636,17.816,11.164,6.652,0.5146
4.4200,7.227,17.652,10.960,6.691,0.5145
4.4250,6.810,17.404,10.621,6.783,0.5144
4.4300,6.387,17.068,10.099,6.969,0.5143
4.4350,5.958,16.782,9.716,7.066,0.5141
4.4400,5.522,16.515,9.333,7.182,0.5139
4.4450,5.081,16.237,8.997,7.240,0.5137
4.4500,4.636,15.949,8.623,7.325,0.5134
4.4550,4.185,15.701,8.229,7.472,0.5132
4.4600,3.731,15.431,7.937,7.494,0.5129
4.4650,3.272,15.122,7.657,7.465,0.5125
4.4700,2.811,14.766,7.337,7.429,0.5122
4.4750,2.347,14.393,7.024,7.369,0.5118
4.4800,1.880,13.976,6.737,7.239,0.5115
4.4850,1.412,13.449,6.255,7.194,0.5111
4.4900,0.942,12.904,5.846,7.058,0.5107
4.4950,0.471,12.384,5.375,7.009,0.5102
4.5000,0.000,11.940,4.923,7.017,0.5098
4.5050,-0.471,11.600,4.550,7.050,0.5094
4.5100,-0.942,11.226,4.246,6.980,0.5090
4.5150,-1.412,10.799,3.920,6.879,0.5085
4.5200,-1.880,10.353,3.648,6.705,0.5081
4.5250,-2.347,9.850,3.270,6.580,0.5077
4.5300,-2.811,9.313,2.842,6.470,0.5073
4.5350,-3.272,8.800,2.346,6.454,0.5069
4.5400,-3.731,8.328,1.828,6.500,0.5065
4.5450,-4.185,7.956,1.360,6.596,0.5061
4.5500,-4.636,7.601,0.941,6.661,0.5057
4.5550,-5.081,7.247,0.477,6.770,0.5053
4.5600,-5.522,6.952,0.186,6.767,0.5049
4.5650,-5.958,6.618,-0.163,6.781,0.5045
4.5700,-6.387,6.248,-0.556,6.804,0.5041
4.5750,-6.810,5.892,-0.918,6.810,0.5038
4.5800,-7.227,5.504,-1.334,6.839,0.5034
4.5850,-7.636,5.106,-1.713,6.819,0.5031
4.5900,-8.038,4.671,-2.092,6.763,0.5029
4.5950,-8.432,4.149,-2.472,6.622,0.5027
4.6000,-8.817,3.540,-2.944,6.485,0.5025
4.6050,-9.194,2.958,-3.472,6.430,0.5024
4.6100,-9.562,2.430,-3.985,6.416,0.5023
4.6150,-9.920,1.899,-4.950,6.849,0.5023
4.6200,-10.269,1.375,-5.396,6.772,0.5024
4.6250,-10.607,0.930,-5.806,6.736,0.5025
4.6300,-10.935,0.599,-6.206,6.805,0.5026
4.6350,-11.252,0.300,-6.513,6.812,0.5027
4.6400,-11.559,-0.043,-6.817,6.774,0.5028
4.6450,-11.853,-0.392,-7.130,6.738,0.5029
4.6500,-12.136,-0.740,-7.004,6.264,0.5030
4.6550,-12.407,-1.125,-7.285,6.159,0.5030
4.6600,-12.666,-1.588,-7.651,6.064,0.5031
4.6650,-12.912,-2.052,-7.937,5.885,0.5032
4.6700,-13.146,-2.466,-8.377,5.911,0.5033
4.6750,-13.366,-2.836,-8.752,5.916,0.5034
4.6800,-13.573,-3.236,-10.277,7.040,0.5036
4.6850,-13.767,-3.664,-10.564,6.900,0.5037
4.6900,-13.948,-4.011,-10.950,6.939,0.5039
4.6950,-14.114,-4.158,-11.294,7.136,0.5040
4.7000,-14.267,-4.224,-11.569,7.345,0.5040
4.7050,-14.405,-4.296,-11.804,7.508,0.5040
4.7100,-14.530,-4.366,-11.997,7.631,0.5040
4.7150,-14.640,-4.479,-10.107,5.628,0.5038
4.7200,-14.735,-4.695,-10.299,5.604,0.5036
4.7250,-14.816,-4.992,-10.512,5.520,0.5033
4.7300,-14.883,-5.353,-10.738,5.385,0.5031
4.7350,-14.935,-5.764,-10.696,4.932,0.5028
4.7400,-14.972,-6.192,-10.977,4.784,0.5026
4.7450,-14.994,-6.627,-12.576,5.950,0.5025
4.7500,-15.001,-7.034,-12.923,5.889,0.5024
4.7550,-14.994,-7.373,-13.271,5.898,0.5023
4.7600,-14.972,-7.548,-13.412,5.864,0.5022
4.7650,-14.935,-7.711,-13.396,5.685,0.5022
4.7700,-14.883,-7.807,-13.573,5.766,0.5021
4.7750,-14.816,-7.909,-13.518,5.609,0.5021
4.7800,-14.735,-8.102,-12.843,4.740,0.5020
4.7850,-14.640,-8.292,-12.843,4.551,0.5020
4.7900,-14.530,-8.450,-13.022,4.572,0.5020
4.7950,-14.405,-8.608,-13.074,4.466,0.5020
4.8000,-14.267,-8.754,-13.235,4.481,0.5020
4.8050,-14.114,-8.923,-13.344,4.421,0.5021
4.8100,-13.948,-9.138,-13.592,4.454,0.5022
4.8150,-13.767,-9.329,-13.729,4.400,0.5024
4.8200,-13.573,-9.451,-13.881,4.430,0.5026
4.8250,-13.366,-9.502,-14.001,4.499,0.5028
4.8300,-13.146,-9.472,-14.197,4.725,0.5031
4.8350,-12.912,-9.302,-14.223,4.922,0.5033
4.8400,-12.666,-9.115,-14.121,5.006,0.5037
4.8450,-12.407,-8.940,-13.372,4.432,0.5040
4.8500,-12.136,-8.787,-13.290,4.504,0.5044
4.8550,-11.853,-8.657,-13.122,4.465,0.5048
4.8600,-11.559,-8.647,-12.988,4.341,0.5053
4.8650,-11.253,-8.733,-12.975,4.242,0.5058
4.8700,-10.935,-8.853,-12.877,4.024,0.5064
4.8750,-10.607,-9.082,-15.824,6.742,0.5070
4.8800,-10.269,-9.164,-15.863,6.699,0.5076
4.8850,-9.920,-8.886,-15.779,6.892,0.5082
4.8900,-9.562,-8.427,-15.228,6.800,0.5088
4.8950,-9.194,-7.912,-14.916,7.005,0.5093
4.9000,-8.817,-7.389,-14.574,7.185,0.5098
4.9050,-8.432,-6.867,-14.154,7.287,0.5101
4.9100,-8.038,-6.431,-12.247,5.816,0.5103
4.9150,-7.636,-6.079,-11.831,5.752,0.5104
4.9200,-7.227,-5.806,-11.475,5.668,0.5105
4.9250,-6.810,-5.544,-11.151,5.607,0.5105
4.9300,-6.387,-5.317,-10.851,5.534,0.5104
4.9350,-5.958,-5.112,-10.579,5.467,0.5103
4.9400,-5.522,-4.854,-9.326,4.472,0.5101
4.9450,-5.081,-4.535,-9.070,4.535,0.5099
4.9500,-4.636,-4.149,-8.772,4.624,0.5098
4.9550,-4.185,-3.716,-8.413,4.697,0.5096
4.9600,-3.731,-3.235,-8.047,4.811,0.5095
4.9650,-3.272,-2.760,-7.578,4.818,0.5094
4.9700,-2.811,-2.375,-7.023,4.647,0.5093
4.9750,-2.347,-2.095,-7.077,4.982,0.5094
4.9800,-1.880,-1.747,-6.778,5.030,0.5094
4.9850,-1.412,-1.275,-6.429,5.154,0.5095
4.9900,-0.942,-0.806,-6.087,5.281,0.5096
4.9950,-0.471,-0.340,-5.737,5.396,0.5098
5.0000,0.000,0.062,-5.347,5.410,0.5100
5.0050,0.000,0.339,-5.662,6.002,0.5103
5.0100,0.000,0.523,-5.297,5.820,0.5105
5.0150,0.000,0.699,-5.054,5.753,0.5108
5.0200,0.000,1.038,-4.762,5.800,0.5111
5.0250,0.000,1.455,-4.111,5.566,0.5114
5.0300,0.000,1.762,-3.733,5.495,0.5116
5.0350,0.000,1.966,-3.378,5.344,0.5118
5.0400,0.000,2.072,-2.099,4.171,0.5120
5.0450,0.000,2.057,-1.839,3.896,0.5121
5.0500,0.000,1.940,-1.740,3.680,0.5122
5.0550,0.000,1.835,-1.743,3.578,0.5124
5.0600,0.000,1.815,-1.733,3.549,0.5125
5.0650,0.000,1.880,-1.703,3.584,0.5126
5.0700,0.000,1.981,-2.060,4.042,0.5128
5.0750,0.000,2.107,-2.049,4.156,0.5130
5.0800,0.000,2.342,-1.982,4.324,0.5132
5.0850,0.000,2.561,-1.821,4.382,0.5134
5.0900,0.000,2.696,-1.652,4.347,0.5136
5.0950,0.000,2.758,-1.479,4.237,0.5138
5.1000,0.000,2.811,-1.212,4.023,0.5140
5.1050,0.000,2.857,-1.192,4.049,0.5143
5.1100,0.000,2.884,-0.989,3.872,0.5145
5.1150,0.000,2.999,-0.934,3.933,0.5146
5.1200,0.000,3.205,-0.731,3.936,0.5148
5.1250,0.000,3.397,-0.611,4.008,0.5149
5.1300,0.000,3.521,-0.516,4.037,0.5150
5.1350,0.000,3.636,0.201,3.435,0.5151
5.1400,0.000,3.731,0.350,3.382,0.5151
5.1450,0.000,3.759,0.445,3.315,0.5152
5.1500,0.000,3.760,0.473,3.287,0.5152
5.1550,0.000,3.743,0.452,3.291,0.5153
5.1600,0.000,3.753,0.454,3.299,0.5154
5.1650,0.000,3.771,0.401,3.369,0.5156
5.1700,0.000,3.843,0.054,3.789,0.5158
5.1750,0.000,3.932,0.089,3.843,0.5161
5.1800,0.000,3.927,0.083,3.844,0.5164
5.1850,0.000,3.964,0.054,3.909,0.5167
5.1900,0.000,4.046,0.050,3.996,0.5171
5.1950,0.000,4.116,0.138,3.978,0.5174
5.2000,0.000,4.060,0.433,3.627,0.5178
5.2050,0.000,3.990,0.415,3.575,0.5181
5.2100,0.000,3.929,0.369,3.559,0.5185
5.2150,0.000,3.866,0.335,3.531,0.5188
5.2200,0.000,3.800,0.371,3.430,0.5192
5.2250,0.000,3.732,0.355,3.377,0.5196
5.2300,0.000,3.687,0.344,3.343,0.5200
5.2350,0.000,3.677,0.207,3.470,0.5205
5.2400,0.000,3.576,0.225,3.351,0.5210
5.2450,0.000,3.386,0.180,3.206,0.5214
5.2500,0.000,3.221,0.095,3.125,0.5219
5.2550,0.000,3.093,0.059,3.034,0.5223
5.2600,0.000,2.946,-0.002,2.948,0.5226
5.2650,0.000,2.821,0.259,2.562,0.5230
5.2700,0.000,2.640,0.228,2.412,0.5232
5.2750,0.000,2.391,0.059,2.332,0.5235
5.2800,0.000,2.173,-0.129,2.301,0.5237
5.2850,0.000,2.015,-0.379,2.394,0.5239
5.2900,0.000,2.011,-0.596,2.608,0.5242
5.2950,0.000,2.128,-0.661,2.790,0.5245
5.3000,0.000,2.240,-0.721,2.961,0.5248
5.3050,0.000,2.383,-0.732,3.115,0.5251
5.3100,0.000,2.594,-0.703,3.297,0.5255
5.3150,0.000,2.824,-0.632,3.455,0.5259
5.3200,0.000,3.016,-0.464,3.481,0.5263
5.3250,0.000,3.077,-0.297,3.374,0.5268
5.3300,0.000,3.048,-0.659,3.706,0.5273
5.3350,0.000,2.902,-0.617,3.519,0.5279
5.3400,0.000,2.776,-0.608,3.383,0.5285
5.3450,0.000,2.656,-0.595,3.251,0.5290
5.3500,0.000,2.579,-0.626,3.205,0.5295
5.3550,0.000,2.622,-0.599,3.221,0.5298
5.3600,0.000,2.622,-0.518,3.140,0.5302
5.3650,0.000,2.545,-0.093,2.638,0.5304
5.3700,0.000,2.483,-0.123,2.607,0.5305
5.3750,0.000,2.489,-0.149,2.638,0.5306
5.3800,0.000,2.525,-0.172,2.697,0.5306
5.3850,0.000,2.592,-0.169,2.761,0.5307
5.3900,0.000,2.673,-0.028,2.700,0.5307
5.3950,0.000,2.773,0.121,2.652,0.5307
5.4000,0.000,2.810,0.184,2.625,0.5307
5.4050,0.000,2.803,0.196,2.607,0.5307
5.4100,0.000,2.797,0.163,2.634,0.5308
5.4150,0.000,2.812,0.163,2.649,0.5308
5.4200,0.000,2.810,0.177,2.633,0.5309
5.4250,0.000,2.815,0.125,2.690,0.5311
5.4300,0.000,2.887,-0.101,2.988,0.5312
5.4350,0.000,2.899,-0.052,2.951,0.5314
5.4400,0.000,2.862,-0.071,2.933,0.5316
5.4450,0.000,2.822,-0.047,2.870,0.5317
5.4500,0.000,2.735,-0.027,2.761,0.5319
5.4550,0.000,2.624,0.089,2.536,0.5320
5.4600,0.000,2.541,0.299,2.242,0.5321
5.4650,0.000,2.529,0.271,2.258,0.5321
5.4700,0.000,2.563,0.308,2.255,0.5322
5.4750,0.000,2.553,0.414,2.138,0.5322
5.4800,0.000,2.499,0.499,2.000,0.5322
5.4850,0.000,2.455,0.521,1.933,0.5322
5.4900,0.000,2.394,0.506,1.889,0.5323
5.4950,0.000,2.320,0.470,1.850,0.5323
5.5000,0.000,2.276,0.419,1.857,0.5324
5.5050,0.000,2.231,0.339,1.892,0.5325
5.5100,0.000,2.223,0.313,1.910,0.5326
5.5150,0.000,2.209,0.329,1.879,0.5327
5.5200,0.000,2.161,0.291,1.870,0.5328
5.5250,0.000,2.133,0.426,1.707,0.5329
5.5300,0.000,2.150,0.341,1.809,0.5330
5.5350,0.000,2.159,0.372,1.787,0.5332
5.5400,0.000,2.096,0.420,1.676,0.5334
5.5450,0.000,1.975,0.387,1.589,0.5336
5.5500,0.000,1.887,0.307,1.580,0.5339
5.5550,0.000,1.785,0.247,1.538,0.5343
5.5600,0.000,1.667,0.064,1.604,0.5347
5.5650,0.000,1.614,-0.017,1.630,0.5352
5.5700,0.000,1.516,-0.052,1.568,0.5357
5.5750,0.000,1.394,-0.166,1.561,0.5363
5.5800,0.000,1.317,-0.209,1.526,0.5369
5.5850,0.000,1.191,-0.230,1.421,0.5375
5.5900,0.000,1.041,-0.548,1.589,0.5381
5.5950,0.000,1.023,-0.670,1.693,0.5387
5.6000,0.000,1.181,-0.740,1.921,0.5393
5.6050,0.000,1.407,-0.623,2.030,0.5399
5.6100,0.000,1.606,-0.532,2.138,0.5405
5.6150,0.000,1.752,-0.416,2.168,0.5410
5.6200,0.000,1.867,-0.364,2.231,0.5415
5.6250,0.000,2.024,-0.161,2.185,0.5419
5.6300,0.000,2.136,-0.095,2.230,0.5422
5.6350,0.000,2.213,-0.006,2.219,0.5425
5.6400,0.000,2.221,0.080,2.140,0.5428
5.6450,0.000,2.174,0.120,2.054,0.5430
5.6500,0.000,2.137,0.128,2.009,0.5432
5.6550,0.000,2.121,0.265,1.856,0.5434
5.6600,0.000,2.082,0.287,1.795,0.5435
5.6650,0.000,1.980,0.299,1.680,0.5436
5.6700,0.000,1.856,0.241,1.615,0.5437
5.6750,0.000,1.795,0.148,1.647,0.5438
5.6800,0.000,1.837,0.079,1.759,0.5439
5.6850,0.000,1.961,0.035,1.926,0.5439
5.6900,0.000,2.145,0.105,2.040,0.5440
5.6950,0.000,2.377,0.139,2.238,0.5441
5.7000,0.000,2.575,0.257,2.318,0.5442
5.7050,0.000,2.626,0.388,2.239,0.5443
5.7100,0.000,2.569,0.492,2.077,0.5444
5.7150,0.000,2.483,0.445,2.038,0.5445
5.7200,0.000,2.432,0.248,2.184,0.5446
5.7250,0.000,2.436,0.151,2.285,0.5447
5.7300,0.000,2.496,0.159,2.337,0.5449
5.7350,0.000,2.512,0.320,2.192,0.5450
5.7400,0.000,2.449,0.319,2.130,0.5451
5.7450,0.000,2.371,0.438,1.932,0.5452
5.7500,0.000,2.255,0.509,1.746,0.5452
5.7550,0.000,2.099,0.707,1.392,0.5452
5.7600,0.000,1.989,0.590,1.399,0.5452
5.7650,0.000,1.992,0.506,1.486,0.5451
5.7700,0.000,2.025,0.452,1.573,0.5451
5.7750,0.000,2.036,0.462,1.573,0.5450
5.7800,0.000,1.981,0.509,1.472,0.5449
5.7850,0.000,1.888,0.489,1.398,0.5447
5.7900,0.000,1.810,0.477,1.334,0.5446
5.7950,0.000,1.752,0.396,1.356,0.5444
5.8000,0.000,1.766,0.375,1.391,0.5442
5.8050,0.000,1.765,0.486,1.279,0.5439
5.8100,0.000,1.704,0.413,1.291,0.5437
5.8150,0.000,1.732,0.359,1.373,0.5435
5.8200,0.000,1.773,0.403,1.370,0.5432
5.8250,0.000,1.784,0.421,1.363,0.5429
5.8300,0.000,1.779,0.365,1.414,0.5426
5.8350,0.000,1.850,0.288,1.562,0.5423
5.8400,0.000,2.009,0.239,1.770,0.5420
5.8450,0.000,2.208,0.252,1.956,0.5417
5.8500,0.000,2.351,0.357,1.995,0.5414
5.8550,0.000,2.372,0.462,1.910,0.5411
5.8600,0.000,2.314,0.437,1.877,0.5408
5.8650,0.000,2.301,0.487,1.814,0.5405
5.8700,0.000,2.268,0.465,1.804,0.5402
5.8750,0.000,2.323,0.470,1.852,0.5399
5.8800,0.000,2.403,0.519,1.884,0.5397
5.8850,0.000,2.532,0.490,2.043,0.5394
5.8900,0.000,2.706,0.506,2.200,0.5392
5.8950,0.000,2.864,0.533,2.331,0.5390
5.9000,0.000,2.947,0.575,2.372,0.5388
5.9050,0.000,2.955,0.559,2.396,0.5386
5.9100,0.000,2.977,0.588,2.389,0.5384
5.9150,0.000,2.948,0.609,2.339,0.5382
5.9200,0.000,2.881,0.609,2.273,0.5380
5.9250,0.000,2.806,0.641,2.164,0.5379
5.9300,0.000,2.684,0.568,2.116,0.5378
5.9350,0.000,2.638,0.495,2.144,0.5377
5.9400,0.000,2.613,0.496,2.117,0.5376
5.9450,0.000,2.537,0.470,2.067,0.5375
5.9500,0.000,2.461,0.476,1.985,0.5375
5.9550,0.000,2.327,0.414,1.913,0.5374
5.9600,0.000,2.267,0.362,1.906,0.5374
5.9650,0.000,2.266,0.308,1.958,0.5374
5.9700,0.000,2.300,0.326,1.974,0.5374
5.9750,0.000,2.305,0.325,1.981,0.5374
5.9800,0.000,2.257,0.363,1.893,0.5375
5.9850,0.000,2.175,0.279,1.896,0.5375
5.9900,0.000,2.133,0.281,1.852,0.5376
5.9950,0.000,2.076,0.216,1.860,0.5377
6.0000,0.000,2.109,0.132,1.977,0.5378
6.0050,0.000,2.189,0.156,2.033,0.5379
6.0100,0.000,2.268,0.174,2.095,0.5380
6.0150,0.000,2.379,0.062,2.316,0.5382
6.0200,0.000,2.592,0.118,2.474,0.5383
6.0250,0.000,2.772,0.192,2.580,0.5385
6.0300,0.000,2.877,0.297,2.580,0.5386
6.0350,0.000,2.851,0.364,2.488,0.5386
6.0400,0.000,2.763,0.374,2.389,0.5386
6.0450,0.000,2.688,0.701,1.987,0.5386
6.0500,0.000,2.629,0.664,1.964,0.5384
6.0550,0.000,2.587,0.648,1.939,0.5383
6.0600,0.000,2.536,0.633,1.904,0.5381
6.0650,0.000,2.504,0.547,1.957,0.5379
6.0700,0.000,2.562,0.597,1.965,0.5377
6.0750,0.000,2.661,0.630,2.031,0.5375
6.0800,0.000,2.717,0.626,2.091,0.5374
6.0850,0.000,2.685,0.717,1.968,0.5373
6.0900,0.000,2.584,0.721,1.863,0.5372
6.0950,0.000,2.498,0.693,1.805,0.5371
6.1000,0.000,2.413,0.654,1.759,0.5371
6.1050,0.000,2.309,0.576,1.733,0.5372
6.1100,0.000,2.250,0.494,1.756,0.5372
6.1150,0.000,2.271,0.412,1.859,0.5372
6.1200,0.000,2.318,0.449,1.869,0.5373
6.1250,0.000,2.346,0.396,1.950,0.5374
6.1300,0.000,2.392,0.365,2.027,0.5376
6.1350,0.000,2.431,0.357,2.074,0.5378
6.1400,0.000,2.479,0.456,2.023,0.5380
6.1450,0.000,2.517,0.150,2.368,0.5382
6.1500,0.000,2.575,0.149,2.426,0.5385
6.1550,0.000,2.689,0.293,2.396,0.5388
6.1600,0.000,2.713,0.324,2.389,0.5390
6.1650,0.000,2.676,0.358,2.318,0.5392
6.1700,0.000,2.596,0.328,2.268,0.5393
6.1750,0.000,2.574,0.908,1.665,0.5394
6.1800,0.000,2.579,0.860,1.719,0.5394
6.1850,0.000,2.602,0.866,1.736,0.5394
6.1900,0.000,2.574,0.891,1.683,0.5394
6.1950,0.000,2.521,0.842,1.679,0.5394
6.2000,0.000,2.479,0.840,1.639,0.5395
6.2050,0.000,2.429,0.884,1.546,0.5395
6.2100,0.000,2.375,0.643,1.731,0.5396
6.2150,0.000,2.275,0.602,1.673,0.5398
6.2200,0.000,2.180,0.555,1.625,0.5399
6.2250,0.000,2.023,0.533,1.491,0.5401
6.2300,0.000,1.810,0.410,1.400,0.5404
6.2350,0.000,1.650,0.290,1.361,0.5406
6.2400,0.000,1.518,0.084,1.433,0.5408
6.2450,0.000,1.484,-0.028,1.512,0.5411
6.2500,0.000,1.468,-0.155,1.623,0.5414
6.2550,0.000,1.484,-0.194,1.678,0.5417
6.2600,0.000,1.469,-0.209,1.679,0.5420
6.2650,0.000,1.397,-0.181,1.579,0.5422
6.2700,0.000,1.359,-0.144,1.503,0.5425
6.2750,0.000,1.351,-0.080,1.430,0.5427
6.2800,0.000,1.281,-0.143,1.424,0.5429
6.2850,0.000,1.218,-0.236,1.454,0.5431
6.2900,0.000,1.144,-0.230,1.374,0.5433
6.2950,0.000,1.065,-0.298,1.363,0.5435
6.3000,0.000,1.055,-0.316,1.371,0.5437
6.3050,0.000,1.103,-0.286,1.389,0.5439
6.3100,0.000,1.156,-0.324,1.480,0.5441
6.3150,0.000,1.237,-0.286,1.523,0.5443
6.3200,0.000,1.336,-0.201,1.538,0.5446
6.3250,0.000,1.441,-0.180,1.620,0.5448
6.3300,0.000,1.540,-0.106,1.646,0.5451
6.3350,0.000,1.645,-0.024,1.669,0.5454
6.3400,0.000,1.752,0.030,1.721,0.5457
6.3450,0.000,1.795,0.266,1.529,0.5460
6.3500,0.000,1.682,0.293,1.390,0.5464
6.3550,0.000,1.578,0.287,1.290,0.5468
6.3600,0.000,1.476,0.269,1.207,0.5472
6.3650,0.000,1.363,0.232,1.131,0.5475
6.3700,0.000,1.264,0.136,1.129,0.5480
6.3750,0.000,1.134,0.193,0.941,0.5484
6.3800,0.000,0.988,0.132,0.856,0.5488
6.3850,0.000,0.979,0.089,0.890,0.5492
6.3900,0.000,0.955,0.066,0.889,0.5495
6.3950,0.000,0.938,0.030,0.908,0.5498
6.4000,0.000,0.962,-0.007,0.969,0.5500
6.4050,0.000,1.017,0.132,0.884,0.5501
6.4100,0.000,1.077,0.147,0.930,0.5502
6.4150,0.000,1.116,0.182,0.935,0.5502
6.4200,0.000,1.166,0.153,1.013,0.5502
6.4250,0.000,1.327,0.110,1.217,0.5501
6.4300,0.000,1.556,0.117,1.438,0.5500
6.4350,0.000,1.762,0.019,1.744,0.5499
6.4400,0.000,1.920,0.098,1.822,0.5498
6.4450,0.000,2.003,0.181,1.822,0.5496
6.4500,0.000,2.002,0.274,1.728,0.5494
6.4550,0.000,1.921,0.282,1.640,0.5491
6.4600,0.000,1.901,0.245,1.656,0.5488
6.4650,0.000,1.929,0.241,1.689,0.5484
6.4700,0.000,1.919,0.490,1.429,0.5479
6.4750,0.000,1.870,0.461,1.410,0.5474
6.4800,0.000,1.830,0.383,1.446,0.5469
6.4850,0.000,1.844,0.389,1.454,0.5463
6.4900,0.000,1.835,0.393,1.442,0.5457
6.4950,0.000,1.821,0.419,1.402,0.5452
6.5000,0.000,1.802,0.344,1.458,0.5446
6.5050,0.000,1.782,0.386,1.396,0.5440
6.5100,0.000,1.699,0.401,1.298,0.5435
6.5150,0.000,1.604,0.430,1.174,0.5429
6.5200,0.000,1.441,0.465,0.976,0.5424
6.5250,0.000,1.226,0.452,0.774,0.5419
6.5300,0.000,0.997,0.374,0.624,0.5413
6.5350,0.000,0.833,0.306,0.527,0.5408
6.5400,0.000,0.698,0.248,0.450,0.5403
6.5450,0.000,0.610,0.290,0.321,0.5398
6.5500,0.000,0.613,0.287,0.327,0.5393
6.5550,0.000,0.618,0.327,0.291,0.5388
6.5600,0.000,0.549,0.352,0.197,0.5382
6.5650,0.000,0.478,0.571,-0.093,0.5377
6.5700,0.000,0.378,0.581,-0.203,0.5372
6.5750,0.000,0.229,0.549,-0.320,0.5367
6.5800,0.000,0.079,0.493,-0.413,0.5363
6.5850,0.000,-0.081,0.525,-0.606,0.5358
6.5900,0.000,-0.355,0.404,-0.759,0.5355
6.5950,0.000,-0.688,0.260,-0.948,0.5351
6.6000,0.000,-1.025,-0.110,-0.915,0.5348
6.6050,0.000,-1.361,-0.219,-1.142,0.5346
6.6100,0.000,-1.509,-0.367,-1.143,0.5343
6.6150,0.000,-1.462,-0.463,-0.999,0.5341
6.6200,0.000,-1.308,-0.460,-0.848,0.5339
6.6250,0.000,-1.148,-0.228,-0.920,0.5337
6.6300,0.000,-1.095,0.090,-1.185,0.5335
6.6350,0.000,-1.071,0.230,-1.301,0.5333
6.6400,0.000,-1.031,0.238,-1.269,0.5332
6.6450,0.000,-0.985,0.264,-1.249,0.5331
6.6500,0.000,-0.957,0.335,-1.291,0.5330
6.6550,0.000,-0.940,0.379,-1.318,0.5329
6.6600,0.000,-0.997,0.427,-1.424,0.5329
6.6650,0.000,-1.128,0.169,-1.297,0.5330
6.6700,0.000,-1.269,0.030,-1.299,0.5331
6.6750,0.000,-1.332,-0.082,-1.250,0.5333
6.6800,0.000,-1.391,-0.160,-1.230,0.5334
6.6850,0.000,-1.476,-0.277,-1.200,0.5336
6.6900,0.000,-1.502,-0.373,-1.129,0.5338
6.6950,0.000,-1.478,-0.572,-0.906,0.5340
6.7000,0.000,-1.436,-0.585,-0.851,0.5343
6.7050,0.000,-1.430,-0.579,-0.851,0.5345
6.7100,0.000,-1.402,-0.576,-0.826,0.5346
6.7150,0.000,-1.301,-0.569,-0.732,0.5348
6.7200,0.000,-1.183,-0.568,-0.615,0.5349
6.7250,0.000,-1.079,-0.526,-0.553,0.5350
6.7300,0.000,-1.052,-0.305,-0.748,0.5350
6.7350,0.000,-1.100,-0.249,-0.851,0.5349
6.7400,0.000,-1.205,-0.233,-0.973,0.5349
6.7450,0.000,-1.310,-0.294,-1.016,0.5348
6.7500,0.000,-1.347,-0.329,-1.018,0.5347
6.7550,0.000,-1.386,-0.251,-1.135,0.5346
6.7600,0.000,-1.448,-0.159,-1.289,0.5345
6.7650,0.000,-1.536,-0.173,-1.363,0.5344
6.7700,0.000,-1.595,-0.267,-1.328,0.5343
6.7750,0.000,-1.546,-0.270,-1.276,0.5342
6.7800,0.000,-1.518,-0.233,-1.285,0.5342
6.7850,0.000,-1.516,-0.231,-1.285,0.5342
6.7900,0.000,-1.489,-0.247,-1.242,0.5342
6.7950,0.000,-1.436,-0.711,-0.725,0.5342
6.8000,0.000,-1.468,-0.655,-0.813,0.5342
6.8050,0.000,-1.529,-0.574,-0.955,0.5342
6.8100,0.000,-1.584,-0.466,-1.119,0.5342
6.8150,0.000,-1.575,-0.429,-1.146,0.5340
6.8200,0.000,-1.588,-0.380,-1.207,0.5338
6.8250,0.000,-1.613,0.082,-1.695,0.5335
6.8300,0.000,-1.632,0.106,-1.738,0.5331
6.8350,0.000,-1.663,0.140,-1.803,0.5326
6.8400,0.000,-1.727,0.181,-1.908,0.5320
6.8450,0.000,-1.831,0.187,-2.018,0.5314
6.8500,0.000,-1.911,0.093,-2.004,0.5308
6.8550,0.000,-1.899,0.034,-1.933,0.5302
6.8600,0.000,-1.878,0.245,-2.122,0.5295
6.8650,0.000,-1.835,0.211,-2.047,0.5289
6.8700,0.000,-1.756,0.139,-1.895,0.5283
6.8750,0.000,-1.699,0.141,-1.840,0.5277
6.8800,0.000,-1.713,0.218,-1.931,0.5272
6.8850,0.000,-1.821,0.237,-2.059,0.5267
6.8900,0.000,-1.994,0.183,-2.177,0.5262
6.8950,0.000,-2.280,0.232,-2.512,0.5258
6.9000,0.000,-2.638,0.028,-2.665,0.5255
6.9050,0.000,-2.954,-0.202,-2.752,0.5252
6.9100,0.000,-3.212,-0.528,-2.684,0.5249
6.9150,0.000,-3.316,-0.798,-2.518,0.5246
6.9200,0.000,-3.322,-0.946,-2.376,0.5244
6.9250,0.000,-3.293,-1.110,-2.184,0.5242
6.9300,0.000,-3.135,-1.150,-1.985,0.5241
6.9350,0.000,-2.969,-1.078,-1.892,0.5240
6.9400,0.000,-2.851,-0.991,-1.860,0.5239
6.9450,0.000,-2.723,-0.882,-1.842,0.5238
6.9500,0.000,-2.602,-0.770,-1.832,0.5238
6.9550,0.000,-2.500,-0.671,-1.829,0.5238
6.9600,0.000,-2.422,-0.559,-1.863,0.5238
6.9650,0.000,-2.362,-0.486,-1.876,0.5239
6.9700,0.000,-2.256,-0.478,-1.778,0.5240
6.9750,0.000,-2.116,-0.475,-1.641,0.5241
6.9800,0.000,-1.975,-0.458,-1.517,0.5242
6.9850,0.000,-1.845,-0.429,-1.416,0.5243
6.9900,0.000,-1.716,-0.455,-1.261,0.5244
6.9950,0.000,-1.588,-0.384,-1.203,0.5245
7.0000,0.000,-1.568,-0.316,-1.251,0.5246
7.0050,0.000,-1.656,-0.281,-1.374,0.5246
7.0100,0.000,-1.687,-0.325,-1.362,0.5247
7.0150,0.000,-1.614,-0.269,-1.345,0.5247
7.0200,0.000,-1.533,-0.093,-1.440,0.5246
7.0250,0.000,-1.483,0.086,-1.568,0.5245
7.0300,0.000,-1.543,0.219,-1.762,0.5244
7.0350,0.000,-1.637,0.219,-1.856,0.5242
7.0400,0.000,-1.707,0.223,-1.930,0.5240
7.0450,0.000,-1.792,0.205,-1.997,0.5238
7.0500,0.000,-1.897,0.215,-2.112,0.5236
7.0550,0.000,-1.964,0.261,-2.224,0.5233
7.0600,0.000,-2.005,0.197,-2.202,0.5230
7.0650,0.000,-2.025,0.123,-2.148,0.5227
7.0700,0.000,-2.018,0.142,-2.160,0.5225
7.0750,0.000,-1.987,0.121,-2.109,0.5222
7.0800,0.000,-1.948,0.180,-2.127,0.5220
7.0850,0.000,-1.927,0.072,-2.000,0.5218
7.0900,0.000,-1.866,0.049,-1.915,0.5216
7.0950,0.000,-1.750,0.113,-1.863,0.5214
7.1000,0.000,-1.713,0.264,-1.977,0.5211
7.1050,0.000,-1.763,0.334,-2.096,0.5209
7.1100,0.000,-1.803,0.407,-2.210,0.5206
7.1150,0.000,-1.870,0.408,-2.277,0.5204
7.1200,0.000,-1.879,0.329,-2.208,0.5201
7.1250,0.000,-1.837,0.270,-2.107,0.5197
7.1300,0.000,-1.791,0.264,-2.055,0.5194
7.1350,0.000,-1.760,0.225,-1.986,0.5190
7.1400,0.000,-1.706,0.238,-1.943,0.5186
7.1450,0.000,-1.682,0.225,-1.906,0.5181
7.1500,0.000,-1.641,0.438,-2.079,0.5177
7.1550,0.000,-1.679,0.433,-2.112,0.5172
7.1600,0.000,-1.790,0.444,-2.234,0.5167
7.1650,0.000,-1.943,0.315,-2.258,0.5162
7.1700,0.000,-2.082,0.188,-2.270,0.5158
7.1750,0.000,-2.219,0.024,-2.243,0.5154
7.1800,0.000,-2.285,-0.051,-2.234,0.5151
7.1850,0.000,-2.343,-0.259,-2.084,0.5148
7.1900,0.000,-2.265,-0.314,-1.951,0.5146
7.1950,0.000,-2.175,-0.345,-1.830,0.5144
7.2000,0.000,-2.032,-0.299,-1.734,0.5142
7.2050,0.000,-1.843,-0.194,-1.649,0.5141
7.2100,0.000,-1.677,-0.052,-1.625,0.5140
7.2150,0.000,-1.560,0.050,-1.610,0.5139
7.2200,0.000,-1.482,0.108,-1.591,0.5138
7.2250,0.000,-1.419,0.235,-1.655,0.5138
7.2300,0.000,-1.405,0.232,-1.637,0.5137
7.2350,0.000,-1.472,0.216,-1.688,0.5135
7.2400,0.000,-1.582,0.132,-1.714,0.5133
7.2450,0.000,-1.628,0.055,-1.683,0.5130
7.2500,0.000,-1.624,0.104,-1.728,0.5127
7.2550,0.000,-1.596,0.075,-1.671,0.5123
7.2600,0.000,-1.556,0.078,-1.635,0.5118
7.2650,0.000,-1.543,0.078,-1.621,0.5113
7.2700,0.000,-1.506,0.079,-1.585,0.5108
7.2750,0.000,-1.466,0.134,-1.600,0.5102
7.2800,0.000,-1.455,0.098,-1.553,0.5097
7.2850,0.000,-1.399,0.064,-1.463,0.5091
7.2900,0.000,-1.331,0.059,-1.390,0.5084
7.2950,0.000,-1.258,0.057,-1.315,0.5078
7.3000,0.000,-1.201,0.071,-1.273,0.5071
7.3050,0.000,-1.175,0.121,-1.296,0.5064
7.3100,0.000,-1.194,0.235,-1.429,0.5058
7.3150,0.000,-1.222,0.515,-1.737,0.5051
7.3200,0.000,-1.214,0.657,-1.871,0.5044
7.3250,0.000,-1.229,0.705,-1.934,0.5037
7.3300,0.000,-1.232,0.714,-1.946,0.5031
7.3350,0.000,-1.250,0.743,-1.993,0.5025
7.3400,0.000,-1.263,0.666,-1.930,0.5020
7.3450,0.000,-1.284,0.375,-1.659,0.5015
7.3500,0.000,-1.358,0.365,-1.723,0.5011
7.3550,0.000,-1.410,0.375,-1.785,0.5008
7.3600,0.000,-1.397,0.377,-1.775,0.5004
7.3650,0.000,-1.322,0.360,-1.681,0.5000
7.3700,0.000,-1.189,0.446,-1.635,0.4996
7.3750,0.000,-1.200,0.549,-1.749,0.4991
7.3800,0.000,-1.330,0.892,-2.222,0.4985
7.3850,0.000,-1.520,0.838,-2.358,0.4979
7.3900,0.000,-1.653,0.739,-2.392,0.4973
7.3950,0.000,-1.743,0.646,-2.389,0.4967
7.4000,0.000,-1.826,0.582,-2.408,0.4960
7.4050,0.000,-1.942,0.523,-2.465,0.4954
7.4100,0.000,-2.034,0.616,-2.650,0.4947
7.4150,0.000,-2.034,0.600,-2.634,0.4941
7.4200,0.000,-1.980,0.605,-2.585,0.4935
7.4250,0.000,-1.814,0.674,-2.488,0.4929
7.4300,0.000,-1.599,0.800,-2.399,0.4924
7.4350,0.000,-1.367,0.972,-2.339,0.4919
7.4400,0.000,-1.172,1.085,-2.257,0.4914
7.4450,0.000,-0.974,1.257,-2.231,0.4909
7.4500,0.000,-0.869,1.320,-2.189,0.4905
7.4550,0.000,-0.838,1.375,-2.213,0.4902
7.4600,0.000,-0.896,1.394,-2.290,0.4899
7.4650,0.000,-1.004,1.383,-2.387,0.4896
7.4700,0.000,-1.144,1.352,-2.496,0.4894
7.4750,0.000,-1.315,1.179,-2.494,0.4893
7.4800,0.000,-1.446,1.099,-2.545,0.4892
7.4850,0.000,-1.573,1.071,-2.644,0.4891
7.4900,0.000,-1.775,0.974,-2.749,0.4891
7.4950,0.000,-1.940,0.838,-2.778,0.4890
7.5000,0.000,-2.006,0.710,-2.716,0.4890
7.5050,0.000,-2.004,0.629,-2.633,0.4889
7.5100,0.000,-2.016,0.543,-2.559,0.4888
7.5150,0.000,-2.043,0.491,-2.534,0.4886
7.5200,0.000,-2.053,0.437,-2.490,0.4885
7.5250,0.000,-2.071,0.419,-2.490,0.4883
7.5300,0.000,-2.128,0.412,-2.540,0.4881
7.5350,0.000,-2.212,0.370,-2.582,0.4879
7.5400,0.000,-2.280,0.502,-2.781,0.4877
7.5450,0.000,-2.304,0.422,-2.726,0.4875
7.5500,0.000,-2.289,0.372,-2.661,0.4873
7.5550,0.000,-2.255,0.314,-2.569,0.4871
7.5600,0.000,-2.155,0.239,-2.395,0.4870
7.5650,0.000,-2.016,0.225,-2.240,0.4870
7.5700,0.000,-1.901,0.447,-2.348,0.4869
7.5750,0.000,-1.817,0.058,-1.875,0.4870
7.5800,0.000,-1.720,0.100,-1.820,0.4871
7.5850,0.000,-1.626,0.072,-1.697,0.4873
7.5900,0.000,-1.529,0.167,-1.697,0.4874
7.5950,0.000,-1.526,0.241,-1.767,0.4876
7.6000,0.000,-1.548,0.325,-1.873,0.4877
7.6050,0.000,-1.578,0.458,-2.035,0.4878
7.6100,0.000,-1.557,0.424,-1.981,0.4880
7.6150,0.000,-1.452,0.468,-1.920,0.4881
7.6200,0.000,-1.344,0.444,-1.789,0.4882
7.6250,0.000,-1.230,0.439,-1.668,0.4883
7.6300,0.000,-1.175,0.480,-1.655,0.4884
7.6350,0.000,-1.215,0.498,-1.713,0.4885
7.6400,0.000,-1.274,0.428,-1.702,0.4886
7.6450,0.000,-1.309,0.350,-1.659,0.4887
7.6500,0.000,-1.342,0.262,-1.604,0.4888
7.6550,0.000,-1.309,0.103,-1.411,0.4889
7.6600,0.000,-1.146,0.027,-1.173,0.4889
7.6650,0.000,-0.921,0.125,-1.047,0.4890
7.6700,0.000,-0.743,0.277,-1.020,0.4890
7.6750,0.000,-0.620,0.522,-1.142,0.4891
7.6800,0.000,-0.579,0.609,-1.187,0.4891
7.6850,0.000,-0.598,0.711,-1.309,0.4892
7.6900,0.000,-0.716,0.678,-1.394,0.4893
7.6950,0.000,-0.889,0.635,-1.524,0.4894
7.7000,0.000,-1.109,0.536,-1.645,0.4896
7.7050,0.000,-1.275,0.315,-1.591,0.4898
7.7100,0.000,-1.405,0.213,-1.619,0.4901
7.7150,0.000,-1.531,0.130,-1.661,0.4903
7.7200,0.000,-1.598,0.023,-1.621,0.4906
7.7250,0.000,-1.584,-0.005,-1.579,0.4909
7.7300,0.000,-1.584,-0.009,-1.575,0.4912
7.7350,0.000,-1.585,-0.038,-1.546,0.4916
7.7400,0.000,-1.573,0.025,-1.597,0.4919
7.7450,0.000,-1.595,0.025,-1.621,0.4923
7.7500,0.000,-1.646,-0.003,-1.643,0.4927
7.7550,0.000,-1.699,-0.069,-1.630,0.4930
7.7600,0.000,-1.696,-0.108,-1.589,0.4934
7.7650,0.000,-1.705,-0.149,-1.556,0.4937
7.7700,0.000,-1.689,-0.329,-1.360,0.4941
7.7750,0.000,-1.669,-0.369,-1.299,0.4944
7.7800,0.000,-1.623,-0.441,-1.182,0.4947
7.7850,0.000,-1.506,-0.465,-1.041,0.4949
7.7900,0.000,-1.392,-0.423,-0.969,0.4951
7.7950,0.000,-1.354,-0.396,-0.958,0.4951
7.8000,0.000,-1.322,-0.042,-1.280,0.4951
7.8050,0.000,-1.252,-0.015,-1.237,0.4951
7.8100,0.000,-1.197,-0.000,-1.197,0.4949
7.8150,0.000,-1.125,-0.037,-1.088,0.4948
7.8200,0.000,-0.987,-0.035,-0.952,0.4947
7.8250,0.000,-0.833,0.051,-0.885,0.4945
7.8300,0.000,-0.707,0.128,-0.835,0.4944
7.8350,0.000,-0.612,0.189,-0.802,0.4943
7.8400,0.000,-0.587,0.313,-0.900,0.4942
7.8450,0.000,-0.668,0.383,-1.051,0.4942
7.8500,0.000,-0.820,0.396,-1.216,0.4942
7.8550,0.000,-0.949,0.347,-1.295,0.4943
7.8600,0.000,-1.066,0.320,-1.386,0.4944
7.8650,0.000,-1.199,0.239,-1.438,0.4945
7.8700,0.000,-1.329,0.204,-1.533,0.4947
7.8750,0.000,-1.471,0.163,-1.635,0.4949
7.8800,0.000,-1.585,0.072,-1.656,0.4951
7.8850,0.000,-1.605,-0.004,-1.602,0.4954
7.8900,0.000,-1.584,-0.060,-1.524,0.4956
7.8950,0.000,-1.514,-0.057,-1.456,0.4959
7.9000,0.000,-1.450,-0.081,-1.369,0.4961
7.9050,0.000,-1.359,-0.083,-1.276,0.4964
7.9100,0.000,-1.297,-0.050,-1.247,0.4966
7.9150,0.000,-1.281,-0.074,-1.207,0.4969
7.9200,0.000,-1.252,-0.099,-1.152,0.4971
7.9250,0.000,-1.234,-0.066,-1.168,0.4973
7.9300,0.000,-1.209,-0.044,-1.165,0.4975
7.9350,0.000,-1.220,-0.108,-1.112,0.4977
7.9400,0.000,-1.207,-0.214,-0.993,0.4978
7.9450,0.000,-1.125,-0.270,-0.855,0.4980
7.9500,0.000,-1.035,-0.336,-0.700,0.4982
7.9550,0.000,-0.901,-0.360,-0.541,0.4983
7.9600,0.000,-0.769,-0.349,-0.419,0.4984
7.9650,0.000,-0.630,-0.363,-0.267,0.4986
7.9700,0.000,-0.462,-0.296,-0.166,0.4987
7.9750,0.000,-0.351,-0.266,-0.084,0.4988
7.9800,0.000,-0.223,-0.233,0.010,0.4989
7.9850,0.000,-0.108,-0.095,-0.013,0.4990
7.9900,0.000,-0.030,0.124,-0.155,0.4991
7.9950,0.000,0.059,0.223,-0.163,0.4992
8.0000,0.000,0.131,0.336,-0.204,0.4993
8.0050,0.000,0.171,0.393,-0.222,0.4993
8.0100,0.000,0.274,0.374,-0.101,0.4994
8.0150,0.000,0.420,0.267,0.153,0.4995
8.0200,0.000,0.565,0.303,0.261,0.4995
8.0250,0.000,0.631,0.389,0.242,0.4996
8.0300,0.000,0.614,0.382,0.233,0.4997
8.0350,0.000,0.620,0.383,0.237,0.4998
8.0400,0.000,0.637,0.436,0.201,0.4999
8.0450,0.000,0.509,0.474,0.036,0.4999
8.0500,0.000,0.298,0.408,-0.109,0.5000
8.0550,0.000,0.111,0.212,-0.101,0.5000
8.0600,0.000,0.014,0.107,-0.092,0.5000
8.0650,0.000,-0.046,-0.040,-0.006,0.5000
8.0700,0.000,-0.072,-0.133,0.061,0.5000
8.0750,0.000,-0.089,-0.147,0.059,0.5000
8.0800,0.000,-0.077,-0.225,0.149,0.5000
8.0850,0.000,-0.016,-0.261,0.245,0.5000
8.0900,0.000,0.083,-0.198,0.281,0.5000
8.0950,0.000,0.225,-0.233,0.458,0.5000
8.1000,0.000,0.352,-0.185,0.537,0.5001
8.1050,0.000,0.464,-0.137,0.601,0.5001
8.1100,0.000,0.556,-0.080,0.636,0.5002
8.1150,0.000,0.566,-0.008,0.574,0.5003
8.1200,0.000,0.515,-0.048,0.563,0.5003
8.1250,0.000,0.544,0.079,0.465,0.5004
8.1300,0.000,0.600,0.035,0.565,0.5005
8.1350,0.000,0.663,0.044,0.619,0.5006
8.1400,0.000,0.706,0.006,0.700,0.5007
8.1450,0.000,0.799,0.117,0.682,0.5008
8.1500,0.000,0.906,0.163,0.743,0.5010
8.1550,0.000,0.967,0.184,0.783,0.5013
8.1600,0.000,1.046,-0.033,1.078,0.5016
8.1650,0.000,1.146,-0.087,1.233,0.5019
8.1700,0.000,1.241,-0.102,1.343,0.5022
8.1750,0.000,1.325,-0.122,1.448,0.5026
8.1800,0.000,1.403,-0.104,1.506,0.5030
8.1850,0.000,1.439,-0.073,1.513,0.5033
8.1900,0.000,1.484,-0.059,1.543,0.5037
8.1950,0.000,1.539,-0.032,1.571,0.5041
8.2000,0.000,1.589,-0.021,1.611,0.5044
8.2050,0.000,1.615,-0.016,1.631,0.5048
8.2100,0.000,1.654,0.083,1.571,0.5051
8.2150,0.000,1.709,0.126,1.583,0.5055
8.2200,0.000,1.704,0.192,1.512,0.5059
8.2250,0.000,1.614,0.134,1.480,0.5063
8.2300,0.000,1.516,0.152,1.364,0.5067
8.2350,0.000,1.413,0.152,1.261,0.5071
8.2400,0.000,1.355,0.135,1.221,0.5075
8.2450,0.000,1.297,0.207,1.090,0.5079
8.2500,0.000,1.171,0.292,0.879,0.5082
8.2550,0.000,1.022,0.275,0.747,0.5085
8.2600,0.000,0.927,0.276,0.650,0.5088
8.2650,0.000,0.836,0.263,0.573,0.5090
8.2700,0.000,0.780,0.207,0.573,0.5092
8.2750,0.000,0.794,0.196,0.597,0.5094
8.2800,0.000,0.827,0.188,0.639,0.5095
8.2850,0.000,0.859,0.266,0.593,0.5096
8.2900,0.000,0.793,0.318,0.475,0.5096
8.2950,0.000,0.716,0.343,0.373,0.5096
8.3000,0.000,0.641,0.401,0.240,0.5096
8.3050,0.000,0.522,0.364,0.157,0.5095
8.3100,0.000,0.487,0.328,0.159,0.5094
8.3150,0.000,0.458,0.257,0.201,0.5093
8.3200,0.000,0.509,0.368,0.141,0.5091
8.3250,0.000,0.622,0.366,0.256,0.5088
8.3300,0.000,0.734,0.414,0.320,0.5086
8.3350,0.000,0.863,0.529,0.334,0.5084
8.3400,0.000,0.956,0.695,0.261,0.5082
8.3450,0.000,0.993,0.842,0.151,0.5080
8.3500,0.000,1.028,0.940,0.088,0.5079
8.3550,0.000,1.069,1.007,0.062,0.5078
8.3600,0.000,1.071,1.058,0.013,0.5078
8.3650,0.000,1.032,1.159,-0.127,0.5078
8.3700,0.000,0.938,1.237,-0.299,0.5078
8.3750,0.000,0.832,1.268,-0.436,0.5078
8.3800,0.000,0.727,1.233,-0.506,0.5077
8.3850,0.000,0.644,1.177,-0.534,0.5077
8.3900,0.000,0.573,1.057,-0.484,0.5077
8.3950,0.000,0.594,0.970,-0.376,0.5076
8.4000,0.000,0.645,0.914,-0.269,0.5076
8.4050,0.000,0.668,0.881,-0.213,0.5075
8.4100,0.000,0.662,0.829,-0.168,0.5075
8.4150,0.000,0.636,0.820,-0.184,0.5075
8.4200,0.000,0.544,0.802,-0.258,0.5075
8.4250,0.000,0.429,0.794,-0.365,0.5076
8.4300,0.000,0.226,0.751,-0.525,0.5076
8.4350,0.000,0.030,0.615,-0.585,0.5076
8.4400,0.000,-0.026,0.483,-0.508,0.5076
8.4450,0.000,0.007,0.401,-0.394,0.5075
8.4500,0.000,0.028,0.406,-0.377,0.5074
8.4550,0.000,0.001,0.337,-0.336,0.5072
8.4600,0.000,-0.046,0.281,-0.327,0.5070
8.4650,0.000,-0.112,0.244,-0.356,0.5067
8.4700,0.000,-0.220,0.232,-0.453,0.5064
8.4750,0.000,-0.371,0.176,-0.546,0.5060
8.4800,0.000,-0.491,0.056,-0.547,0.5057
8.4850,0.000,-0.505,-0.063,-0.442,0.5053
8.4900,0.000,-0.422,-0.166,-0.255,0.5050
8.4950,0.000,-0.271,-0.215,-0.056,0.5046
8.5000,0.000,-0.140,-0.132,-0.008,0.5043
8.5050,0.000,-0.129,-0.121,-0.007,0.5039
8.5100,0.000,-0.137,-0.189,0.051,0.5036
8.5150,0.000,-0.090,-0.215,0.125,0.5032
8.5200,0.000,-0.082,-0.184,0.103,0.5029
8.5250,0.000,-0.084,-0.169,0.085,0.5026
8.5300,0.000,-0.034,-0.073,0.038,0.5023
8.5350,0.000,-0.068,0.036,-0.103,0.5020
8.5400,0.000,-0.143,0.077,-0.220,0.5017
8.5450,0.000,-0.210,0.095,-0.305,0.5014
8.5500,0.000,-0.246,0.194,-0.440,0.5012
8.5550,0.000,-0.264,0.219,-0.483,0.5009
8.5600,0.000,-0.299,0.190,-0.489,0.5007
8.5650,0.000,-0.309,0.234,-0.542,0.5005
8.5700,0.000,-0.334,0.289,-0.623,0.5004
8.5750,0.000,-0.448,0.287,-0.735,0.5003
8.5800,0.000,-0.596,-0.062,-0.534,0.5003
8.5850,0.000,-0.683,-0.146,-0.537,0.5003
8.5900,0.000,-0.768,-0.211,-0.557,0.5004
8.5950,0.000,-0.835,-0.294,-0.542,0.5004
8.6000,0.000,-0.876,-0.333,-0.542,0.5004
8.6050,0.000,-0.945,-0.400,-0.545,0.5004
8.6100,0.000,-0.935,-0.454,-0.481,0.5004
8.6150,0.000,-0.887,-0.379,-0.508,0.5004
8.6200,0.000,-0.859,-0.425,-0.434,0.5003
8.6250,0.000,-0.789,-0.469,-0.320,0.5002
8.6300,0.000,-0.651,-0.482,-0.169,0.5001
8.6350,0.000,-0.471,-0.448,-0.023,0.5000
8.6400,0.000,-0.315,-0.344,0.029,0.4999
8.6450,0.000,-0.206,-0.217,0.011,0.4997
8.6500,0.000,-0.153,-0.133,-0.020,0.4995
8.6550,0.000,-0.197,-0.099,-0.098,0.4994
8.6600,0.000,-0.276,-0.112,-0.163,0.4992
8.6650,0.000,-0.388,-0.117,-0.271,0.4990
8.6700,0.000,-0.547,-0.153,-0.393,0.4988
8.6750,0.000,-0.633,-0.239,-0.394,0.4986
8.6800,0.000,-0.647,-0.280,-0.367,0.4984
8.6850,0.000,-0.620,-0.310,-0.310,0.4982
8.6900,0.000,-0.494,-0.327,-0.167,0.4980
8.6950,0.000,-0.271,-0.207,-0.064,0.4978
8.7000,0.000,-0.015,-0.078,0.062,0.4975
8.7050,0.000,0.249,0.160,0.089,0.4973
8.7100,0.000,0.390,0.337,0.053,0.4971
8.7150,0.000,0.413,0.492,-0.079,0.4969
8.7200,0.000,0.357,0.579,-0.222,0.4966
8.7250,0.000,0.229,0.582,-0.352,0.4963
8.7300,0.000,0.115,0.535,-0.420,0.4960
8.7350,0.000,0.071,0.447,-0.376,0.4957
8.7400,0.000,0.050,0.430,-0.380,0.4954
8.7450,0.000,-0.020,0.328,-0.349,0.4951
8.7500,0.000,-0.053,0.232,-0.285,0.4947
8.7550,0.000,-0.068,0.137,-0.205,0.4944
8.7600,0.000,-0.079,0.115,-0.195,0.4940
8.7650,0.000,-0.133,0.119,-0.252,0.4936
8.7700,0.000,-0.248,0.112,-0.359,0.4932
8.7750,0.000,-0.339,-0.076,-0.263,0.4928
8.7800,0.000,-0.400,-0.117,-0.283,0.4924
8.7850,0.000,-0.427,-0.194,-0.233,0.4919
8.7900,0.000,-0.390,-0.200,-0.190,0.4914
8.7950,0.000,-0.404,-0.181,-0.222,0.4908
8.8000,0.000,-0.431,-0.184,-0.247,0.4902
8.8050,0.000,-0.447,-0.175,-0.272,0.4894
8.8100,0.000,-0.475,0.160,-0.635,0.4886
8.8150,0.000,-0.527,0.167,-0.693,0.4877
8.8200,0.000,-0.600,0.172,-0.772,0.4867
8.8250,0.000,-0.679,0.165,-0.845,0.4858
8.8300,0.000,-0.747,0.177,-0.924,0.4848
8.8350,0.000,-0.830,0.202,-1.032,0.4840
8.8400,0.000,-0.919,-0.008,-0.911,0.4831
8.8450,0.000,-0.981,-0.017,-0.964,0.4823
8.8500,0.000,-1.070,-0.015,-1.055,0.4816
8.8550,0.000,-1.164,0.022,-1.186,0.4809
8.8600,0.000,-1.297,0.036,-1.334,0.4802
8.8650,0.000,-1.373,0.021,-1.394,0.4796
8.8700,0.000,-1.351,-0.003,-1.348,0.4790
8.8750,0.000,-1.274,0.026,-1.300,0.4784
8.8800,0.000,-1.260,0.110,-1.370,0.4778
8.8850,0.000,-1.315,0.123,-1.438,0.4773
8.8900,0.000,-1.360,0.094,-1.454,0.4767
8.8950,0.000,-1.392,0.059,-1.451,0.4762
8.9000,0.000,-1.424,0.019,-1.443,0.4758
8.9050,0.000,-1.424,-0.077,-1.347,0.4753
8.9100,0.000,-1.369,-0.109,-1.261,0.4749
8.9150,0.000,-1.313,-0.071,-1.243,0.4744
8.9200,0.000,-1.297,0.062,-1.359,0.4741
8.9250,0.000,-1.362,0.361,-1.723,0.4737
8.9300,0.000,-1.485,0.524,-2.009,0.4734
8.9350,0.000,-1.589,0.520,-2.109,0.4732
8.9400,0.000,-1.618,0.233,-1.851,0.4730
8.9450,0.000,-1.600,0.242,-1.843,0.4728
8.9500,0.000,-1.685,0.231,-1.916,0.4727
8.9550,0.000,-1.772,0.225,-1.997,0.4726
8.9600,0.000,-1.899,0.237,-2.135,0.4724
8.9650,0.000,-2.066,0.147,-2.213,0.4723
8.9700,0.000,-2.098,0.173,-2.270,0.4721
8.9750,0.000,-2.029,0.126,-2.155,0.4719
8.9800,0.000,-1.969,0.080,-2.049,0.4717
8.9850,0.000,-1.933,0.055,-1.988,0.4715
8.9900,0.000,-1.908,0.034,-1.942,0.4713
8.9950,0.000,-1.889,0.099,-1.989,0.4711
9.0000,0.000,-1.898,0.154,-2.053,0.4711
9.0050,0.000,-1.950,0.076,-2.027,0.4710
9.0100,0.000,-1.967,0.055,-2.022,0.4710
9.0150,0.000,-1.960,-0.009,-1.951,0.4711
9.0200,0.000,-1.852,-0.097,-1.755,0.4712
9.0250,0.000,-1.672,-0.075,-1.598,0.4712
9.0300,0.000,-1.585,0.029,-1.614,0.4713
9.0350,0.000,-1.655,0.103,-1.758,0.4714
9.0400,0.000,-1.702,0.129,-1.831,0.4715
9.0450,0.000,-1.699,0.104,-1.804,0.4716
9.0500,0.000,-1.700,0.111,-1.811,0.4717
9.0550,0.000,-1.768,0.099,-1.867,0.4718
9.0600,0.000,-1.841,0.052,-1.894,0.4720
9.0650,0.000,-1.905,0.017,-1.922,0.4722
9.0700,0.000,-1.964,-0.112,-1.852,0.4724
9.0750,0.000,-1.945,-0.146,-1.799,0.4726
9.0800,0.000,-1.966,-0.144,-1.823,0.4729
9.0850,0.000,-2.004,-0.124,-1.881,0.4732
9.0900,0.000,-2.075,-0.178,-1.896,0.4735
9.0950,0.000,-2.082,-0.252,-1.830,0.4739
9.1000,0.000,-1.993,-0.335,-1.658,0.4742
9.1050,0.000,-1.864,-0.335,-1.530,0.4746
9.1100,0.000,-1.826,-0.288,-1.538,0.4749
9.1150,0.000,-1.866,-0.254,-1.613,0.4753
9.1200,0.000,-1.905,-0.250,-1.655,0.4757
9.1250,0.000,-1.890,-0.309,-1.581,0.4761
9.1300,0.000,-1.835,-0.322,-1.513,0.4766
9.1350,0.000,-1.792,-0.465,-1.326,0.4770
9.1400,0.000,-1.746,-0.468,-1.278,0.4775
9.1450,0.000,-1.753,-0.483,-1.269,0.4779
9.1500,0.000,-1.771,-0.491,-1.280,0.4783
9.1550,0.000,-1.824,-0.520,-1.304,0.4787
9.1600,0.000,-1.881,-0.544,-1.337,0.4790
9.1650,0.000,-1.911,-0.387,-1.523,0.4793
9.1700,0.000,-1.910,-0.375,-1.535,0.4796
9.1750,0.000,-1.925,-0.370,-1.556,0.4798
9.1800,0.000,-1.948,-0.389,-1.559,0.4800
9.1850,0.000,-1.937,-0.400,-1.537,0.4801
9.1900,0.000,-1.873,-0.394,-1.478,0.4803
9.1950,0.000,-1.790,-0.290,-1.500,0.4806
9.2000,0.000,-1.728,-0.267,-1.461,0.4808
9.2050,0.000,-1.628,-0.162,-1.466,0.4810
9.2100,0.000,-1.548,-0.099,-1.450,0.4813
9.2150,0.000,-1.566,-0.097,-1.468,0.4815
9.2200,0.000,-1.582,-0.128,-1.455,0.4818
9.2250,0.000,-1.519,-0.163,-1.356,0.4820
9.2300,0.000,-1.470,-0.155,-1.315,0.4822
9.2350,0.000,-1.393,-0.051,-1.342,0.4824
9.2400,0.000,-1.388,0.108,-1.496,0.4826
9.2450,0.000,-1.397,0.170,-1.567,0.4827
9.2500,0.000,-1.413,0.262,-1.674,0.4829
9.2550,0.000,-1.485,0.324,-1.808,0.4831
9.2600,0.000,-1.551,0.330,-1.880,0.4833
9.2650,0.000,-1.600,0.275,-1.875,0.4835
9.2700,0.000,-1.637,0.235,-1.872,0.4837
9.2750,0.000,-1.671,0.122,-1.793,0.4840
9.2800,0.000,-1.699,0.076,-1.775,0.4842
9.2850,0.000,-1.784,-0.002,-1.782,0.4845
9.2900,0.000,-1.854,-0.052,-1.802,0.4848
9.2950,0.000,-1.859,-0.045,-1.814,0.4851
9.3000,0.000,-1.824,-0.089,-1.735,0.4854
9.3050,0.000,-1.771,-0.124,-1.647,0.4857
9.3100,0.000,-1.716,-0.056,-1.661,0.4860
9.3150,0.000,-1.715,-0.039,-1.676,0.4864
9.3200,0.000,-1.742,-0.004,-1.738,0.4868
9.3250,0.000,-1.816,-0.041,-1.775,0.4872
9.3300,0.000,-1.879,-0.294,-1.585,0.4876
9.3350,0.000,-1.961,-0.314,-1.647,0.4881
9.3400,0.000,-2.046,-0.322,-1.725,0.4886
9.3450,0.000,-2.114,-0.326,-1.788,0.4890
9.3500,0.000,-2.111,-0.394,-1.718,0.4894
9.3550,0.000,-1.969,-0.450,-1.520,0.4897
9.3600,0.000,-1.740,-0.363,-1.377,0.4900
9.3650,0.000,-1.561,-0.286,-1.275,0.4903
9.3700,0.000,-1.461,-0.178,-1.283,0.4905
9.3750,0.000,-1.487,-0.111,-1.376,0.4906
9.3800,0.000,-1.533,-0.104,-1.429,0.4907
9.3850,0.000,-1.541,-0.094,-1.448,0.4908
9.3900,0.000,-1.605,-0.039,-1.566,0.4908
9.3950,0.000,-1.757,0.011,-1.768,0.4908
9.4000,0.000,-1.851,-0.028,-1.823,0.4907
9.4050,0.000,-1.935,-0.047,-1.888,0.4906
9.4100,0.000,-1.972,-0.077,-1.894,0.4906
9.4150,0.000,-1.970,-0.034,-1.937,0.4905
9.4200,0.000,-1.942,-0.052,-1.890,0.4904
9.4250,0.000,-1.845,0.023,-1.868,0.4903
9.4300,0.000,-1.718,0.004,-1.722,0.4902
9.4350,0.000,-1.542,-0.005,-1.536,0.4901
9.4400,0.000,-1.368,0.040,-1.408,0.4901
9.4450,0.000,-1.280,0.159,-1.438,0.4900
9.4500,0.000,-1.255,0.201,-1.456,0.4900
9.4550,0.000,-1.229,0.235,-1.464,0.4900
9.4600,0.000,-1.239,0.161,-1.400,0.4901
9.4650,0.000,-1.257,0.171,-1.428,0.4901
9.4700,0.000,-1.317,0.148,-1.465,0.4902
9.4750,0.000,-1.327,0.077,-1.404,0.4902
9.4800,0.000,-1.240,0.015,-1.255,0.4902
9.4850,0.000,-1.152,0.028,-1.180,0.4902
9.4900,0.000,-1.167,-0.010,-1.157,0.4902
9.4950,0.000,-1.182,-0.040,-1.142,0.4902
9.5000,0.000,-1.249,-0.149,-1.100,0.4901
9.5050,0.000,-1.337,-0.099,-1.238,0.4900
9.5100,0.000,-1.490,-0.174,-1.316,0.4899
9.5150,0.000,-1.597,-0.251,-1.345,0.4898
9.5200,0.000,-1.633,-0.354,-1.279,0.4896
9.5250,0.000,-1.638,-0.318,-1.319,0.4894
9.5300,0.000,-1.635,-0.365,-1.270,0.4891
9.5350,0.000,-1.670,-0.434,-1.236,0.4889
9.5400,0.000,-1.670,-0.520,-1.150,0.4886
9.5450,0.000,-1.616,-0.594,-1.022,0.4884
9.5500,0.000,-1.499,-0.624,-0.875,0.4881
9.5550,0.000,-1.398,-0.670,-0.728,0.4879
9.5600,0.000,-1.291,-0.616,-0.675,0.4877
9.5650,0.000,-1.188,-0.631,-0.557,0.4876
9.5700,0.000,-1.088,-0.644,-0.444,0.4874
9.5750,0.000,-1.011,-0.616,-0.395,0.4873
9.5800,0.000,-1.051,-0.559,-0.492,0.4872
9.5850,0.000,-1.142,-0.564,-0.578,0.4871
9.5900,0.000,-1.163,-0.567,-0.596,0.4870
9.5950,0.000,-1.096,-0.515,-0.581,0.4870
9.6000,0.000,-0.998,-0.512,-0.487,0.4869
9.6050,0.000,-0.904,-0.424,-0.480,0.4869
9.6100,0.000,-0.884,-0.436,-0.448,0.4869
9.6150,0.000,-0.824,-0.542,-0.282,0.4870
9.6200,0.000,-0.741,-0.514,-0.227,0.4870
9.6250,0.000,-0.731,-0.459,-0.272,0.4871
9.6300,0.000,-0.692,-0.457,-0.235,0.4873
9.6350,0.000,-0.627,-0.366,-0.261,0.4874
9.6400,0.000,-0.714,-0.316,-0.398,0.4875
9.6450,0.000,-0.815,-0.332,-0.483,0.4876
9.6500,0.000,-0.843,-0.386,-0.457,0.4876
9.6550,0.000,-0.805,-0.418,-0.388,0.4877
9.6600,0.000,-0.758,-0.443,-0.315,0.4877
9.6650,0.000,-0.687,-0.449,-0.237,0.4878
9.6700,0.000,-0.609,-0.445,-0.164,0.4878
9.6750,0.000,-0.510,-0.467,-0.042,0.4879
9.6800,0.000,-0.371,-0.448,0.077,0.4879
9.6850,0.000,-0.234,-0.573,0.339,0.4880
9.6900,0.000,-0.109,-0.560,0.451,0.4881
9.6950,0.000,0.013,-0.521,0.533,0.4882
9.7000,0.000,0.107,-0.486,0.593,0.4883
9.7050,0.000,0.126,-0.423,0.549,0.4884
9.7100,0.000,0.029,-0.407,0.436,0.4884
9.7150,0.000,-0.050,-0.435,0.385,0.4885
9.7200,0.000,-0.024,-0.517,0.493,0.4885
9.7250,0.000,0.112,-0.528,0.640,0.4885
9.7300,0.000,0.253,-0.467,0.720,0.4884
9.7350,0.000,0.327,-0.416,0.743,0.4883
9.7400,0.000,0.371,-0.338,0.708,0.4882
9.7450,0.000,0.374,-0.279,0.654,0.4881
9.7500,0.000,0.359,-0.218,0.577,0.4879
9.7550,0.000,0.373,-0.245,0.618,0.4876
9.7600,0.000,0.445,-0.287,0.731,0.4874
9.7650,0.000,0.547,-0.296,0.843,0.4871
9.7700,0.000,0.619,-0.295,0.915,0.4868
9.7750,0.000,0.644,-0.278,0.922,0.4865
9.7800,0.000,0.616,-0.283,0.899,0.4862
9.7850,0.000,0.568,-0.378,0.945,0.4859
9.7900,0.000,0.587,-0.386,0.973,0.4855
9.7950,0.000,0.616,-0.390,1.006,0.4852
9.8000,0.000,0.624,-0.283,0.906,0.4848
9.8050,0.000,0.579,-0.231,0.810,0.4845
9.8100,0.000,0.555,-0.233,0.788,0.4841
9.8150,0.000,0.531,-0.109,0.640,0.4837
9.8200,0.000,0.467,-0.087,0.554,0.4832
9.8250,0.000,0.368,-0.096,0.464,0.4828
9.8300,0.000,0.260,0.070,0.190,0.4823
9.8350,0.000,0.100,0.169,-0.069,0.4819
9.8400,0.000,-0.077,0.038,-0.115,0.4815
9.8450,0.000,-0.214,-0.122,-0.092,0.4811
9.8500,0.000,-0.298,-0.353,0.054,0.4808
9.8550,0.000,-0.355,-0.467,0.112,0.4805
9.8600,0.000,-0.494,-0.579,0.085,0.4802
9.8650,0.000,-0.612,-0.696,0.084,0.4800
9.8700,0.000,-0.665,-0.799,0.134,0.4798
9.8750,0.000,-0.691,-0.909,0.218,0.4796
9.8800,0.000,-0.654,-0.957,0.303,0.4795
9.8850,0.000,-0.599,-0.923,0.323,0.4793
9.8900,0.000,-0.538,-0.892,0.354,0.4792
9.8950,0.000,-0.468,-0.827,0.359,0.4790
9.9000,0.000,-0.392,-0.739,0.347,0.4790
9.9050,0.000,-0.359,-0.759,0.401,0.4789
9.9100,0.000,-0.213,-0.794,0.581,0.4788
9.9150,0.000,-0.018,-1.093,1.075,0.4788
9.9200,0.000,0.121,-0.980,1.101,0.4788
9.9250,0.000,0.236,-0.761,0.997,0.4788
9.9300,0.000,0.331,-0.542,0.874,0.4787
9.9350,0.000,0.340,-0.372,0.713,0.4785
9.9400,0.000,0.238,-0.307,0.545,0.4783
9.9450,0.000,0.126,0.116,0.010,0.4781
9.9500,0.000,0.017,0.127,-0.111,0.4778
9.9550,0.000,-0.070,0.090,-0.161,0.4774
9.9600,0.000,-0.097,0.048,-0.144,0.4771
9.9650,0.000,-0.057,0.000,-0.058,0.4767
9.9700,0.000,0.037,0.041,-0.004,0.4763
9.9750,0.000,0.085,0.070,0.015,0.4760
9.9800,0.000,0.132,-0.012,0.144,0.4757
9.9850,0.000,0.165,0.010,0.155,0.4754
9.9900,0.000,0.090,-0.028,0.118,0.4751
9.9950,0.000,0.014,-0.179,0.193,0.4749
