time,cmd_roll,true_roll,eskf_roll,error,altitude
0.0000,0.000,0.000,0.021,0.000,0.5000
0.0050,0.000,0.005,-0.042,0.005,0.5000
0.0100,0.000,0.018,-0.176,0.018,0.5000
0.0150,0.000,0.037,-0.280,0.037,0.5001
0.0200,0.000,0.105,-0.317,0.105,0.5002
0.0250,0.000,0.217,-0.327,0.217,0.5003
0.0300,0.000,0.334,-0.323,0.334,0.5005
0.0350,0.000,0.460,-0.031,0.460,0.5007
0.0400,0.000,0.562,0.010,0.562,0.5010
0.0450,0.000,0.643,0.064,0.643,0.5014
0.0500,0.000,0.694,0.047,0.694,0.5018
0.0550,0.000,0.744,-0.131,0.744,0.5023
0.0600,0.000,0.805,-0.135,0.805,0.5029
0.0650,0.000,0.855,0.049,0.855,0.5035
0.0700,0.000,0.874,0.116,0.874,0.5043
0.0750,0.000,0.875,-0.429,0.875,0.5051
0.0800,0.000,0.939,-0.473,0.939,0.5059
0.0850,0.000,1.002,-0.750,1.002,0.5069
0.0900,0.000,0.977,-0.743,0.977,0.5079
0.0950,0.000,0.957,-0.784,0.957,0.5089
0.1000,0.000,0.883,-0.049,0.883,0.5100
0.1050,0.000,0.777,-0.018,0.777,0.5112
0.1100,0.000,0.720,-0.058,0.720,0.5123
0.1150,0.000,0.770,-0.090,0.770,0.5135
0.1200,0.000,0.864,-0.054,0.864,0.5147
0.1250,0.000,0.935,-0.024,0.935,0.5158
0.1300,0.000,0.983,0.177,0.983,0.5169
0.1350,0.000,0.963,0.252,0.963,0.5180
0.1400,0.000,0.869,0.259,0.869,0.5191
0.1450,0.000,0.779,0.233,0.779,0.5203
0.1500,0.000,0.711,0.182,0.711,0.5214
0.1550,0.000,0.681,0.151,0.681,0.5226
0.1600,0.000,0.744,0.145,0.744,0.5238
0.1650,0.000,0.827,0.098,0.827,0.5250
0.1700,0.000,0.926,0.116,0.926,0.5263
0.1750,0.000,0.963,0.310,0.963,0.5275
0.1800,0.000,0.854,0.358,0.854,0.5288
0.1850,0.000,0.782,0.259,0.782,0.5300
0.1900,0.000,0.804,0.237,0.804,0.5312
0.1950,0.000,0.753,0.662,0.753,0.5324
0.2000,0.000,0.682,0.622,0.682,0.5335
0.2050,0.000,0.592,0.771,0.592,0.5347
0.2100,0.000,0.460,0.764,0.460,0.5358
0.2150,0.000,0.358,0.771,0.358,0.5369
0.2200,0.000,0.251,0.776,0.251,0.5381
0.2250,0.000,0.129,0.675,0.129,0.5392
0.2300,0.000,-0.009,0.384,-0.009,0.5405
0.2350,0.000,-0.142,0.291,-0.142,0.5417
0.2400,0.000,-0.270,0.255,-0.270,0.5430
0.2450,0.000,-0.449,0.168,-0.449,0.5443
0.2500,0.000,-0.564,-0.068,-0.564,0.5456
0.2550,0.000,-0.514,-0.251,-0.514,0.5469
0.2600,0.000,-0.390,-0.299,-0.390,0.5482
0.2650,0.000,-0.294,-0.223,-0.294,0.5496
0.2700,0.000,-0.320,-0.131,-0.320,0.5510
0.2750,0.000,-0.361,-0.145,-0.361,0.5524
0.2800,0.000,-0.422,-0.130,-0.422,0.5539
0.2850,0.000,-0.506,-0.142,-0.506,0.5553
0.2900,0.000,-0.629,-0.138,-0.629,0.5569
0.2950,0.000,-0.808,-0.293,-0.808,0.5584
0.3000,0.000,-0.932,-0.419,-0.932,0.5600
0.3050,0.000,-0.939,-0.409,-0.939,0.5616
0.3100,0.000,-0.893,-0.389,-0.893,0.5633
0.3150,0.000,-0.880,-0.325,-0.880,0.5649
0.3200,0.000,-0.965,-0.250,-0.965,0.5666
0.3250,0.000,-1.137,-0.250,-1.137,0.5684
0.3300,0.000,-1.308,-0.341,-1.308,0.5701
0.3350,0.000,-1.401,-0.507,-1.401,0.5719
0.3400,0.000,-1.356,-0.664,-1.356,0.5737
0.3450,0.000,-1.225,-0.740,-1.225,0.5756
0.3500,0.000,-1.057,-0.800,-1.057,0.5775
0.3550,0.000,-0.871,-0.851,-0.871,0.5795
0.3600,0.000,-0.682,-1.221,-0.682,0.5816
0.3650,0.000,-0.555,-1.165,-0.555,0.5836
0.3700,0.000,-0.460,-1.066,-0.460,0.5856
0.3750,0.000,-0.428,-0.957,-0.428,0.5876
0.3800,0.000,-0.395,-0.855,-0.395,0.5895
0.3850,0.000,-0.409,-0.782,-0.409,0.5914
0.3900,0.000,-0.459,0.465,-0.459,0.5931
0.3950,0.000,-0.540,0.473,-0.540,0.5948
0.4000,0.000,-0.653,0.466,-0.653,0.5963
0.4050,0.000,-0.818,0.435,-0.818,0.5979
0.4100,0.000,-0.992,0.349,-0.992,0.5994
0.4150,0.000,-1.115,0.249,-1.115,0.6008
0.4200,0.000,-1.187,0.228,-1.187,0.6023
0.4250,0.000,-1.213,-0.303,-1.213,0.6038
0.4300,0.000,-1.217,-0.502,-1.217,0.6052
0.4350,0.000,-1.176,-0.575,-1.176,0.6066
0.4400,0.000,-1.132,-0.577,-1.132,0.6080
0.4450,0.000,-1.029,-0.573,-1.029,0.6094
0.4500,0.000,-0.845,-0.448,-0.845,0.6107
0.4550,0.000,-0.676,-0.339,-0.676,0.6120
0.4600,0.000,-0.481,-0.183,-0.481,0.6132
0.4650,0.000,-0.387,-0.053,-0.387,0.6143
0.4700,0.000,-0.343,0.057,-0.343,0.6154
0.4750,0.000,-0.350,0.151,-0.350,0.6165
0.4800,0.000,-0.397,0.205,-0.397,0.6174
0.4850,0.000,-0.444,0.201,-0.444,0.6184
0.4900,0.000,-0.428,0.209,-0.428,0.6193
0.4950,0.000,-0.362,0.217,-0.362,0.6202
0.5000,0.000,-0.329,0.271,-0.329,0.6210
0.5050,0.000,-0.372,0.280,-0.372,0.6218
0.5100,0.000,-0.448,0.312,-0.448,0.6225
0.5150,0.000,-0.610,0.280,-0.610,0.6232
0.5200,0.000,-0.773,0.221,-0.773,0.6239
0.5250,0.000,-0.889,0.140,-0.889,0.6245
0.5300,0.000,-0.967,0.078,-0.967,0.6251
0.5350,0.000,-1.052,0.005,-1.052,0.6257
0.5400,0.000,-1.116,-0.057,-1.116,0.6262
0.5450,0.000,-1.144,-0.140,-1.144,0.6266
0.5500,0.000,-1.086,-0.185,-1.086,0.6270
0.5550,0.000,-0.989,-0.229,-0.989,0.6273
0.5600,0.000,-0.914,-0.172,-0.914,0.6276
0.5650,0.000,-0.896,-0.096,-0.896,0.6279
0.5700,0.000,-0.927,-0.043,-0.927,0.6281
0.5750,0.000,-0.984,-0.029,-0.984,0.6282
0.5800,0.000,-1.030,-0.027,-1.030,0.6284
0.5850,0.000,-1.072,0.000,-1.072,0.6284
0.5900,0.000,-1.150,0.009,-1.150,0.6285
0.5950,0.000,-1.189,-0.024,-1.189,0.6285
0.6000,0.000,-1.134,-0.025,-1.134,0.6285
0.6050,0.000,-1.052,-0.014,-1.052,0.6284
0.6100,0.000,-0.954,0.019,-0.954,0.6283
0.6150,0.000,-0.899,0.024,-0.899,0.6282
0.6200,0.000,-0.838,0.036,-0.838,0.6280
0.6250,0.000,-0.792,-0.083,-0.792,0.6278
0.6300,0.000,-0.692,-0.086,-0.692,0.6275
0.6350,0.000,-0.552,-0.031,-0.552,0.6272
0.6400,0.000,-0.474,0.068,-0.474,0.6269
0.6450,0.000,-0.479,0.127,-0.479,0.6265
0.6500,0.000,-0.507,-0.015,-0.507,0.6261
0.6550,0.000,-0.559,0.027,-0.559,0.6256
0.6600,0.000,-0.653,0.021,-0.653,0.6252
0.6650,0.000,-0.726,-0.012,-0.726,0.6247
0.6700,0.000,-0.756,-0.100,-0.756,0.6243
0.6750,0.000,-0.698,-0.169,-0.698,0.6239
0.6800,0.000,-0.573,-0.188,-0.573,0.6235
0.6850,0.000,-0.460,-0.081,-0.460,0.6232
0.6900,0.000,-0.403,0.004,-0.403,0.6229
0.6950,0.000,-0.374,0.042,-0.374,0.6227
0.7000,0.000,-0.319,0.066,-0.319,0.6224
0.7050,0.000,-0.255,0.114,-0.255,0.6222
0.7100,0.000,-0.213,0.171,-0.213,0.6219
0.7150,0.000,-0.133,0.136,-0.133,0.6216
0.7200,0.000,0.018,0.109,0.018,0.6213
0.7250,0.000,0.130,0.184,0.130,0.6210
0.7300,0.000,0.184,0.177,0.184,0.6207
0.7350,0.000,0.237,0.172,0.237,0.6203
0.7400,0.000,0.279,0.173,0.279,0.6200
0.7450,0.000,0.294,0.174,0.294,0.6197
0.7500,0.000,0.255,0.289,0.255,0.6194
0.7550,0.000,0.178,0.205,0.178,0.6192
0.7600,0.000,0.234,0.052,0.234,0.6189
0.7650,0.000,0.277,-0.101,0.277,0.6185
0.7700,0.000,0.322,-0.208,0.322,0.6182
0.7750,0.000,0.317,-0.205,0.317,0.6178
0.7800,0.000,0.310,-0.149,0.310,0.6174
0.7850,0.000,0.300,-0.142,0.300,0.6170
0.7900,0.000,0.286,-0.085,0.286,0.6165
0.7950,0.000,0.213,-0.064,0.213,0.6160
0.8000,0.000,0.173,-0.105,0.173,0.6154
0.8050,0.000,0.240,-0.145,0.240,0.6148
0.8100,0.000,0.358,-0.102,0.358,0.6141
0.8150,0.000,0.392,-0.179,0.392,0.6134
0.8200,0.000,0.320,-0.156,0.320,0.6126
0.8250,0.000,0.232,-0.167,0.232,0.6118
0.8300,0.000,0.162,-0.207,0.162,0.6110
0.8350,0.000,0.102,-0.192,0.102,0.6102
0.8400,0.000,-0.013,-0.171,-0.013,0.6095
0.8450,0.000,-0.161,-0.223,-0.161,0.6087
0.8500,0.000,-0.236,-0.353,-0.236,0.6080
0.8550,0.000,-0.185,-0.388,-0.185,0.6073
0.8600,0.000,-0.110,-0.387,-0.110,0.6066
0.8650,0.000,-0.037,-0.337,-0.037,0.6059
0.8700,0.000,-0.021,-0.313,-0.021,0.6053
0.8750,0.000,0.014,-0.425,0.014,0.6046
0.8800,0.000,0.105,-0.370,0.105,0.6040
0.8850,0.000,0.149,-0.359,0.149,0.6033
0.8900,0.000,0.096,-0.332,0.096,0.6026
0.8950,0.000,0.077,-0.351,0.077,0.6019
0.9000,0.000,0.112,-0.299,0.112,0.6012
0.9050,0.000,0.097,-0.290,0.097,0.6004
0.9100,0.000,0.126,-0.384,0.126,0.5995
0.9150,0.000,0.221,-0.363,0.221,0.5985
0.9200,0.000,0.323,-0.312,0.323,0.5976
0.9250,0.000,0.408,-0.264,0.408,0.5965
0.9300,0.000,0.489,-0.205,0.489,0.5955
0.9350,0.000,0.555,-0.177,0.555,0.5944
0.9400,0.000,0.630,-0.141,0.630,0.5933
0.9450,0.000,0.703,-0.109,0.703,0.5921
0.9500,0.000,0.794,-0.084,0.794,0.5910
0.9550,0.000,0.899,-0.065,0.899,0.5898
0.9600,0.000,1.002,0.019,1.002,0.5886
0.9650,0.000,1.059,0.172,1.059,0.5874
0.9700,0.000,1.080,0.234,1.080,0.5862
0.9750,0.000,1.088,0.409,1.088,0.5849
0.9800,0.000,1.119,0.416,1.119,0.5837
0.9850,0.000,1.132,0.421,1.132,0.5825
0.9900,0.000,1.175,0.403,1.175,0.5813
0.9950,0.000,1.244,0.379,1.244,0.5802
1.0000,0.000,1.319,0.435,1.319,0.5791
1.0050,0.471,1.320,0.509,0.849,0.5781
1.0100,0.942,1.325,0.558,0.383,0.5771
1.0150,1.412,1.322,0.496,-0.090,0.5762
1.0200,1.880,1.354,0.421,-0.526,0.5753
1.0250,2.347,1.402,0.341,-0.945,0.5744
1.0300,2.811,1.476,0.321,-1.335,0.5737
1.0350,3.272,1.572,0.358,-1.700,0.5729
1.0400,3.731,1.698,0.277,-2.033,0.5722
1.0450,4.185,1.846,0.367,-2.339,0.5716
1.0500,4.636,2.049,0.462,-2.587,0.5710
1.0550,5.081,2.361,0.606,-2.721,0.5704
1.0600,5.522,2.723,0.758,-2.799,0.5698
1.0650,5.958,3.133,0.942,-2.825,0.5692
1.0700,6.387,3.662,1.234,-2.725,0.5685
1.0750,6.810,4.250,1.621,-2.560,0.5678
1.0800,7.227,4.739,2.097,-2.488,0.5670
1.0850,7.636,5.135,2.508,-2.501,0.5662
1.0900,8.038,5.569,2.911,-2.469,0.5654
1.0950,8.432,5.996,3.316,-2.436,0.5645
1.1000,8.817,6.421,3.693,-2.396,0.5636
1.1050,9.194,6.862,4.207,-2.332,0.5626
1.1100,9.562,7.256,4.637,-2.306,0.5616
1.1150,9.920,7.552,5.003,-2.368,0.5605
1.1200,10.269,7.844,5.383,-2.425,0.5594
1.1250,10.607,8.114,5.690,-2.493,0.5583
1.1300,10.935,8.492,6.075,-2.444,0.5571
1.1350,11.252,8.891,6.442,-2.361,0.5558
1.1400,11.559,9.348,6.487,-2.210,0.5545
1.1450,11.853,9.844,6.914,-2.009,0.5531
1.1500,12.136,10.355,7.351,-1.781,0.5517
1.1550,12.407,10.851,7.809,-1.556,0.5503
1.1600,12.666,11.316,8.263,-1.350,0.5488
1.1650,12.912,11.777,8.687,-1.135,0.5473
1.1700,13.146,12.211,9.237,-0.935,0.5458
1.1750,13.366,12.520,9.735,-0.846,0.5442
1.1800,13.573,12.730,10.107,-0.843,0.5427
1.1850,13.767,12.931,10.363,-0.837,0.5411
1.1900,13.948,13.277,10.528,-0.671,0.5395
1.1950,14.114,13.639,10.773,-0.475,0.5379
1.2000,14.267,13.933,11.081,-0.334,0.5363
1.2050,14.405,14.161,10.708,-0.245,0.5346
1.2100,14.530,14.381,10.946,-0.149,0.5330
1.2150,14.640,14.631,11.218,-0.009,0.5313
1.2200,14.735,14.890,11.489,0.154,0.5297
1.2250,14.816,15.153,11.745,0.336,0.5281
1.2300,14.883,15.388,11.925,0.506,0.5265
1.2350,14.935,15.596,13.379,0.661,0.5250
1.2400,14.972,15.812,13.214,0.840,0.5236
1.2450,14.994,15.997,13.351,1.003,0.5221
1.2500,15.001,16.112,13.493,1.111,0.5207
1.2550,14.994,16.221,13.642,1.227,0.5193
1.2600,14.972,16.328,13.736,1.357,0.5179
1.2650,14.935,16.516,13.768,1.581,0.5165
1.2700,14.883,16.773,13.740,1.890,0.5151
1.2750,14.816,17.016,13.560,2.199,0.5137
1.2800,14.735,17.263,13.527,2.527,0.5123
1.2850,14.640,17.470,13.697,2.830,0.5108
1.2900,14.530,17.494,13.861,2.964,0.5094
1.2950,14.405,17.363,13.611,2.957,0.5079
1.3000,14.267,17.217,13.194,2.950,0.5065
1.3050,14.114,17.140,13.053,3.026,0.5050
1.3100,13.948,17.235,12.671,3.288,0.5035
1.3150,13.767,17.363,12.445,3.596,0.5021
1.3200,13.573,17.412,12.365,3.839,0.5006
1.3250,13.366,17.451,12.315,4.085,0.4992
1.3300,13.146,17.453,12.349,4.307,0.4977
1.3350,12.912,17.455,12.579,4.543,0.4963
1.3400,12.666,17.434,12.202,4.768,0.4949
1.3450,12.407,17.390,12.078,4.983,0.4935
1.3500,12.136,17.387,11.739,5.251,0.4921
1.3550,11.853,17.429,11.406,5.575,0.4907
1.3600,11.559,17.429,11.159,5.870,0.4893
1.3650,11.252,17.439,11.242,6.187,0.4879
1.3700,10.935,17.410,11.218,6.475,0.4866
1.3750,10.607,17.327,11.140,6.719,0.4852
1.3800,10.269,17.286,11.021,7.017,0.4838
1.3850,9.920,17.300,10.930,7.380,0.4825
1.3900,9.562,17.296,10.820,7.734,0.4811
1.3950,9.194,17.234,10.775,8.040,0.4798
1.4000,8.817,17.131,10.104,8.313,0.4785
1.4050,8.432,17.002,10.039,8.570,0.4772
1.4100,8.038,16.844,9.934,8.806,0.4759
1.4150,7.636,16.678,9.774,9.042,0.4747
1.4200,7.227,16.525,9.638,9.298,0.4736
1.4250,6.810,16.332,9.592,9.522,0.4725
1.4300,6.387,16.058,11.257,9.671,0.4714
1.4350,5.958,15.696,11.087,9.739,0.4704
1.4400,5.522,15.334,10.715,9.812,0.4694
1.4450,5.081,15.119,10.332,10.037,0.4684
1.4500,4.636,15.000,10.010,10.365,0.4674
1.4550,4.185,14.824,9.553,10.638,0.4664
1.4600,3.731,14.588,9.110,10.857,0.4654
1.4650,3.272,14.273,7.859,11.000,0.4643
1.4700,2.811,13.878,7.553,11.067,0.4631
1.4750,2.347,13.441,7.095,11.094,0.4620
1.4800,1.880,13.044,6.659,11.164,0.4608
1.4850,1.412,12.701,6.256,11.289,0.4597
1.4900,0.942,12.448,5.872,11.506,0.4586
1.4950,0.471,12.253,5.715,11.781,0.4575
1.5000,-0.000,12.003,5.280,12.003,0.4564
1.5050,-0.471,11.727,4.845,12.199,0.4553
1.5100,-0.942,11.450,4.504,12.392,0.4542
1.5150,-1.412,11.120,4.141,12.532,0.4531
1.5200,-1.880,10.811,3.783,12.691,0.4520
1.5250,-2.347,10.462,3.475,12.809,0.4509
1.5300,-2.811,10.001,2.956,12.812,0.4498
1.5350,-3.272,9.507,2.510,12.780,0.4487
1.5400,-3.731,9.053,2.029,12.784,0.4476
1.5450,-4.185,8.654,1.522,12.840,0.4466
1.5500,-4.636,8.339,1.090,12.974,0.4456
1.5550,-5.081,8.036,0.644,13.117,0.4447
1.5600,-5.522,7.812,0.193,13.334,0.4438
1.5650,-5.958,7.712,-0.242,13.669,0.4430
1.5700,-6.387,7.673,-0.613,14.060,0.4422
1.5750,-6.810,7.629,-0.948,14.439,0.4415
1.5800,-7.227,7.513,-1.188,14.740,0.4408
1.5850,-7.636,7.216,-1.439,14.852,0.4401
1.5900,-8.038,6.918,-1.750,14.956,0.4394
1.5950,-8.432,6.669,-2.098,15.101,0.4387
1.6000,-8.817,6.302,-2.372,15.119,0.4380
1.6050,-9.194,5.757,-2.774,14.951,0.4373
1.6100,-9.562,5.300,-3.250,14.863,0.4366
1.6150,-9.920,4.962,-3.633,14.883,0.4359
1.6200,-10.269,4.669,-3.903,14.938,0.4352
1.6250,-10.607,4.297,-4.084,14.904,0.4344
1.6300,-10.935,3.892,-4.505,14.828,0.4337
1.6350,-11.252,3.502,-4.862,14.755,0.4329
1.6400,-11.559,3.084,-5.188,14.643,0.4322
1.6450,-11.853,2.695,-5.516,14.548,0.4314
1.6500,-12.136,2.309,-5.879,14.445,0.4307
1.6550,-12.407,1.937,-6.280,14.344,0.4301
1.6600,-12.666,1.594,-6.579,14.260,0.4294
1.6650,-12.912,1.335,-7.072,14.247,0.4289
1.6700,-13.146,1.134,-7.479,14.279,0.4283
1.6750,-13.366,0.895,-7.801,14.261,0.4278
1.6800,-13.573,0.586,-7.892,14.159,0.4274
1.6850,-13.767,0.161,-8.191,13.929,0.4270
1.6900,-13.948,-0.321,-8.889,13.627,0.4267
1.6950,-14.114,-0.800,-9.300,13.315,0.4264
1.7000,-14.267,-1.209,-9.730,13.058,0.4262
1.7050,-14.405,-1.501,-10.239,12.904,0.4260
1.7100,-14.530,-1.605,-10.601,12.925,0.4258
1.7150,-14.640,-1.715,-10.830,12.925,0.4257
1.7200,-14.735,-1.916,-11.006,12.820,0.4257
1.7250,-14.816,-2.193,-11.453,12.624,0.4256
1.7300,-14.883,-2.486,-11.671,12.397,0.4256
1.7350,-14.935,-2.724,-11.937,12.211,0.4256
1.7400,-14.972,-2.889,-12.067,12.083,0.4257
1.7450,-14.994,-3.091,-12.269,11.902,0.4257
1.7500,-15.001,-3.282,-12.322,11.719,0.4258
1.7550,-14.994,-3.494,-11.581,11.499,0.4259
1.7600,-14.972,-3.774,-11.784,11.198,0.4259
1.7650,-14.935,-4.049,-12.042,10.885,0.4261
1.7700,-14.883,-4.300,-12.172,10.583,0.4262
1.7750,-14.816,-4.593,-12.270,10.224,0.4264
1.7800,-14.735,-4.896,-12.493,9.839,0.4266
1.7850,-14.640,-5.184,-12.699,9.456,0.4270
1.7900,-14.530,-5.452,-13.998,9.078,0.4273
1.7950,-14.405,-5.644,-14.193,8.761,0.4277
1.8000,-14.267,-5.758,-14.320,8.509,0.4281
1.8050,-14.114,-5.885,-14.344,8.229,0.4286
1.8100,-13.948,-6.060,-14.364,7.888,0.4290
1.8150,-13.767,-6.144,-14.400,7.623,0.4294
1.8200,-13.573,-6.124,-12.412,7.449,0.4297
1.8250,-13.366,-6.043,-12.374,7.323,0.4301
1.8300,-13.146,-5.987,-12.310,7.159,0.4304
1.8350,-12.912,-5.950,-12.238,6.962,0.4308
1.8400,-12.666,-5.946,-12.171,6.720,0.4312
1.8450,-12.407,-5.931,-12.229,6.476,0.4317
1.8500,-12.136,-5.850,-12.257,6.287,0.4322
1.8550,-11.853,-5.728,-13.320,6.125,0.4328
1.8600,-11.559,-5.562,-13.036,5.997,0.4335
1.8650,-11.252,-5.415,-12.673,5.837,0.4342
1.8700,-10.935,-5.335,-12.451,5.600,0.4349
1.8750,-10.607,-5.294,-12.212,5.313,0.4357
1.8800,-10.269,-5.219,-12.097,5.050,0.4365
1.8850,-9.920,-5.083,-12.310,4.838,0.4373
1.8900,-9.562,-4.815,-12.172,4.748,0.4382
1.8950,-9.194,-4.465,-11.910,4.729,0.4391
1.9000,-8.817,-4.130,-11.411,4.687,0.4400
1.9050,-8.432,-3.908,-11.173,4.523,0.4409
1.9100,-8.038,-3.752,-10.895,4.286,0.4418
1.9150,-7.636,-3.596,-10.711,4.040,0.4428
1.9200,-7.227,-3.361,-10.310,3.866,0.4437
1.9250,-6.810,-3.049,-10.125,3.762,0.4447
1.9300,-6.387,-2.689,-9.860,3.698,0.4456
1.9350,-5.958,-2.330,-9.589,3.628,0.4465
1.9400,-5.522,-2.051,-9.342,3.471,0.4474
1.9450,-5.081,-1.748,-9.024,3.333,0.4483
1.9500,-4.636,-1.478,-8.263,3.157,0.4491
1.9550,-4.185,-1.302,-7.941,2.884,0.4500
1.9600,-3.731,-1.163,-7.701,2.568,0.4508
1.9650,-3.272,-0.992,-7.540,2.280,0.4516
1.9700,-2.811,-0.736,-7.350,2.075,0.4524
1.9750,-2.347,-0.439,-7.089,1.908,0.4532
1.9800,-1.880,-0.128,-6.812,1.753,0.4541
1.9850,-1.412,0.189,-7.034,1.601,0.4550
1.9900,-0.942,0.508,-6.550,1.449,0.4558
1.9950,-0.471,0.911,-6.228,1.382,0.4567
2.0000,0.000,1.371,-5.727,1.371,0.4575
2.0050,0.471,1.804,-5.233,1.333,0.4583
2.0100,0.942,2.190,-4.759,1.248,0.4590
2.0150,1.412,2.592,-3.865,1.180,0.4597
2.0200,1.880,2.997,-3.440,1.117,0.4604
2.0250,2.347,3.389,-3.054,1.042,0.4610
2.0300,2.811,3.869,-2.631,1.058,0.4615
2.0350,3.272,4.328,-2.170,1.056,0.4621
2.0400,3.731,4.751,-1.719,1.020,0.4627
2.0450,4.185,5.173,-1.284,0.988,0.4632
2.0500,4.636,5.655,-0.914,1.020,0.4638
2.0550,5.081,6.196,-0.430,1.115,0.4643
2.0600,5.522,6.773,0.039,1.251,0.4649
2.0650,5.958,7.338,0.513,1.381,0.4654
2.0700,6.387,7.834,1.038,1.447,0.4660
2.0750,6.810,8.227,1.457,1.417,0.4665
2.0800,7.227,8.624,1.783,1.398,0.4671
2.0850,7.636,8.973,2.179,1.337,0.4676
2.0900,8.038,9.320,2.536,1.282,0.4681
2.0950,8.432,9.692,2.927,1.260,0.4686
2.1000,8.817,10.003,3.316,1.186,0.4691
2.1050,9.194,10.289,3.714,1.095,0.4695
2.1100,9.562,10.562,4.079,1.000,0.4699
2.1150,9.920,10.877,4.459,0.957,0.4702
2.1200,10.269,11.227,4.765,0.958,0.4705
2.1250,10.607,11.647,5.118,1.040,0.4708
2.1300,10.935,12.094,5.390,1.159,0.4710
2.1350,11.252,12.554,5.780,1.302,0.4712
2.1400,11.559,12.936,6.091,1.378,0.4714
2.1450,11.853,13.331,6.235,1.477,0.4715
2.1500,12.136,13.776,6.508,1.640,0.4716
2.1550,12.407,14.251,6.839,1.844,0.4718
2.1600,12.666,14.733,7.264,2.067,0.4719
2.1650,12.912,15.170,7.675,2.258,0.4720
2.1700,13.146,15.599,7.985,2.454,0.4722
2.1750,13.366,16.078,8.302,2.712,0.4723
2.1800,13.573,16.535,9.040,2.962,0.4725
2.1850,13.767,16.919,9.448,3.152,0.4727
2.1900,13.948,17.260,9.845,3.312,0.4729
2.1950,14.114,17.585,10.117,3.471,0.4731
2.2000,14.267,18.033,10.271,3.766,0.4733
2.2050,14.405,18.468,10.567,4.063,0.4734
2.2100,14.530,18.792,10.810,4.263,0.4735
2.2150,14.640,19.032,11.029,4.392,0.4736
2.2200,14.735,19.276,11.201,4.540,0.4737
2.2250,14.816,19.495,11.466,4.679,0.4736
2.2300,14.883,19.641,11.688,4.758,0.4736
2.2350,14.935,19.829,11.886,4.895,0.4735
2.2400,14.972,20.053,12.104,5.081,0.4733
2.2450,14.994,20.296,11.966,5.302,0.4731
2.2500,15.001,20.543,12.193,5.542,0.4729
2.2550,14.994,20.833,12.359,5.839,0.4726
2.2600,14.972,21.198,12.590,6.227,0.4723
2.2650,14.935,21.521,12.853,6.587,0.4720
2.2700,14.883,21.786,13.077,6.904,0.4717
2.2750,14.816,22.012,13.374,7.195,0.4714
2.2800,14.735,22.145,13.551,7.410,0.4711
2.2850,14.640,22.278,13.577,7.639,0.4708
2.2900,14.530,22.439,13.688,7.909,0.4705
2.2950,14.405,22.587,13.604,8.181,0.4702
2.3000,14.267,22.723,13.717,8.456,0.4699
2.3050,14.114,22.834,13.821,8.720,0.4696
2.3100,13.948,22.909,13.699,8.961,0.4693
2.3150,13.767,23.008,13.694,9.241,0.4690
2.3200,13.573,23.111,13.756,9.538,0.4687
2.3250,13.366,23.134,13.790,9.767,0.4684
2.3300,13.146,23.092,13.952,9.946,0.4682
2.3350,12.912,22.885,14.001,9.973,0.4680
2.3400,12.666,22.628,14.239,9.962,0.4678
2.3450,12.407,22.352,14.168,9.945,0.4675
2.3500,12.136,22.101,14.059,9.964,0.4674
2.3550,11.853,21.870,13.922,10.017,0.4672
2.3600,11.559,21.711,13.698,10.152,0.4670
2.3650,11.252,21.662,13.626,10.410,0.4668
2.3700,10.935,21.550,13.571,10.615,0.4665
2.3750,10.607,21.388,12.890,10.781,0.4663
2.3800,10.269,21.190,12.538,10.921,0.4661
2.3850,9.920,20.956,12.332,11.035,0.4659
2.3900,9.562,20.740,12.014,11.178,0.4657
2.3950,9.194,20.562,11.834,11.367,0.4655
2.4000,8.817,20.411,11.609,11.593,0.4654
2.4050,8.432,20.289,12.005,11.857,0.4652
2.4100,8.038,20.135,11.863,12.097,0.4652
2.4150,7.636,20.032,11.660,12.395,0.4651
2.4200,7.227,19.975,11.321,12.748,0.4651
2.4250,6.810,19.880,11.005,13.070,0.4651
2.4300,6.387,19.704,10.820,13.316,0.4651
2.4350,5.958,19.439,10.526,13.482,0.4651
2.4400,5.522,19.094,11.034,13.572,0.4651
2.4450,5.081,18.635,10.544,13.554,0.4651
2.4500,4.636,18.171,10.058,13.535,0.4651
2.4550,4.185,17.819,9.694,13.634,0.4651
2.4600,3.731,17.525,9.388,13.795,0.4649
2.4650,3.272,17.137,9.061,13.865,0.4647
2.4700,2.811,16.695,6.926,13.884,0.4645
2.4750,2.347,16.287,6.516,13.940,0.4641
2.4800,1.880,15.920,6.135,14.040,0.4638
2.4850,1.412,15.578,5.775,14.167,0.4634
2.4900,0.942,15.280,5.416,14.338,0.4630
2.4950,0.471,14.988,5.127,14.516,0.4627
2.5000,-0.000,14.642,4.792,14.642,0.4624
2.5050,-0.471,14.297,5.220,14.768,0.4622
2.5100,-0.942,13.941,4.847,14.883,0.4620
2.5150,-1.412,13.560,4.514,14.971,0.4617
2.5200,-1.880,13.057,4.165,14.937,0.4615
2.5250,-2.347,12.497,3.710,14.844,0.4613
2.5300,-2.811,11.987,3.172,14.798,0.4610
2.5350,-3.272,11.603,2.322,14.875,0.4607
2.5400,-3.731,11.323,1.746,15.054,0.4604
2.5450,-4.185,11.122,1.370,15.308,0.4600
2.5500,-4.636,10.878,1.056,15.514,0.4595
2.5550,-5.081,10.557,0.729,15.639,0.4591
2.5600,-5.522,10.166,0.401,15.688,0.4586
2.5650,-5.958,9.692,0.016,15.650,0.4581
2.5700,-6.387,9.237,-0.415,15.624,0.4575
2.5750,-6.810,8.771,-0.824,15.582,0.4570
2.5800,-7.227,8.326,-1.242,15.553,0.4564
2.5850,-7.636,7.935,-1.583,15.571,0.4559
2.5900,-8.038,7.560,-2.059,15.598,0.4553
2.5950,-8.432,7.240,-2.432,15.672,0.4548
2.6000,-8.817,6.877,-2.763,15.694,0.4543
2.6050,-9.194,6.523,-3.136,15.718,0.4538
2.6100,-9.562,6.206,-3.464,15.768,0.4533
2.6150,-9.920,5.929,-3.744,15.849,0.4529
2.6200,-10.269,5.658,-4.023,15.927,0.4525
2.6250,-10.607,5.397,-4.315,16.004,0.4522
2.6300,-10.935,5.133,-4.610,16.068,0.4520
2.6350,-11.252,4.871,-5.461,16.123,0.4519
2.6400,-11.559,4.635,-5.807,16.193,0.4518
2.6450,-11.853,4.408,-6.150,16.262,0.4517
2.6500,-12.136,4.135,-6.428,16.271,0.4517
2.6550,-12.407,3.709,-6.772,16.116,0.4518
2.6600,-12.666,3.219,-7.155,15.885,0.4518
2.6650,-12.912,2.680,-7.461,15.592,0.4519
2.6700,-13.146,2.117,-7.654,15.262,0.4520
2.6750,-13.366,1.515,-8.100,14.882,0.4521
2.6800,-13.573,0.939,-8.557,14.513,0.4522
2.6850,-13.767,0.477,-8.977,14.245,0.4524
2.6900,-13.948,0.019,-9.201,13.966,0.4525
2.6950,-14.114,-0.351,-9.259,13.763,0.4527
2.7000,-14.267,-0.628,-9.867,13.639,0.4528
2.7050,-14.405,-0.915,-9.908,13.490,0.4530
2.7100,-14.530,-1.292,-10.214,13.238,0.4532
2.7150,-14.640,-1.645,-10.433,12.995,0.4533
2.7200,-14.735,-1.932,-10.551,12.803,0.4535
2.7250,-14.816,-2.210,-10.779,12.606,0.4536
2.7300,-14.883,-2.566,-10.580,12.317,0.4537
2.7350,-14.935,-2.908,-10.919,12.027,0.4537
2.7400,-14.972,-3.219,-11.282,11.753,0.4538
2.7450,-14.994,-3.454,-11.641,11.540,0.4538
2.7500,-15.001,-3.628,-11.677,11.374,0.4538
2.7550,-14.994,-3.732,-11.713,11.261,0.4539
2.7600,-14.972,-3.851,-11.559,11.121,0.4539
2.7650,-14.935,-4.010,-11.620,10.925,0.4540
2.7700,-14.883,-4.244,-11.782,10.639,0.4540
2.7750,-14.816,-4.467,-11.972,10.349,0.4541
2.7800,-14.735,-4.641,-12.118,10.094,0.4541
2.7850,-14.640,-4.899,-12.356,9.741,0.4542
2.7900,-14.530,-5.155,-12.327,9.375,0.4543
2.7950,-14.405,-5.372,-12.048,9.034,0.4544
2.8000,-14.267,-5.611,-12.255,8.656,0.4545
2.8050,-14.114,-5.878,-12.327,8.237,0.4547
2.8100,-13.948,-6.195,-12.538,7.753,0.4548
2.8150,-13.767,-6.505,-12.775,7.262,0.4550
2.8200,-13.573,-6.803,-13.090,6.770,0.4553
2.8250,-13.366,-6.981,-13.423,6.385,0.4555
2.8300,-13.146,-7.061,-14.687,6.085,0.4559
2.8350,-12.912,-7.113,-14.826,5.799,0.4562
2.8400,-12.666,-7.117,-14.969,5.549,0.4566
2.8450,-12.407,-7.092,-15.039,5.315,0.4569
2.8500,-12.136,-7.034,-15.078,5.102,0.4573
2.8550,-11.853,-6.922,-15.058,4.931,0.4576
2.8600,-11.559,-6.687,-13.788,4.871,0.4579
2.8650,-11.252,-6.357,-13.440,4.895,0.4582
2.8700,-10.935,-5.997,-13.176,4.938,0.4585
2.8750,-10.607,-5.625,-12.819,4.982,0.4587
2.8800,-10.269,-5.281,-12.532,4.988,0.4590
2.8850,-9.920,-5.020,-12.263,4.900,0.4594
2.8900,-9.562,-4.774,-12.033,4.788,0.4597
2.8950,-9.194,-4.561,-12.985,4.633,0.4601
2.9000,-8.817,-4.406,-12.742,4.412,0.4605
2.9050,-8.432,-4.266,-12.556,4.165,0.4609
2.9100,-8.038,-4.033,-12.368,4.005,0.4614
2.9150,-7.636,-3.723,-12.153,3.913,0.4618
2.9200,-7.227,-3.333,-11.773,3.894,0.4622
2.9250,-6.810,-2.936,-10.772,3.875,0.4626
2.9300,-6.387,-2.550,-10.441,3.837,0.4630
2.9350,-5.958,-2.235,-10.119,3.723,0.4635
2.9400,-5.522,-1.950,-9.838,3.572,0.4639
2.9450,-5.081,-1.663,-9.555,3.418,0.4643
2.9500,-4.636,-1.366,-9.070,3.270,0.4647
2.9550,-4.185,-1.107,-8.737,3.078,0.4651
2.9600,-3.731,-0.877,-8.245,2.854,0.4656
2.9650,-3.272,-0.586,-8.029,2.686,0.4660
2.9700,-2.811,-0.205,-7.770,2.605,0.4665
2.9750,-2.347,0.171,-7.459,2.517,0.4670
2.9800,-1.880,0.522,-7.100,2.402,0.4675
2.9850,-1.412,0.824,-6.792,2.236,0.4681
2.9900,-0.942,1.184,-6.590,2.126,0.4688
2.9950,-0.471,1.521,-6.209,1.992,0.4694
3.0000,0.000,1.879,-5.860,1.879,0.4702
3.0050,0.471,2.326,-5.494,1.855,0.4709
3.0100,0.942,2.807,-5.075,1.865,0.4717
3.0150,1.412,3.289,-4.689,1.877,0.4725
3.0200,1.880,3.782,-4.209,1.902,0.4733
3.0250,2.347,4.199,-3.533,1.853,0.4742
3.0300,2.811,4.605,-2.956,1.794,0.4750
3.0350,3.272,5.012,-2.514,1.740,0.4759
3.0400,3.731,5.435,-2.075,1.705,0.4769
3.0450,4.185,5.845,-1.604,1.660,0.4778
3.0500,4.636,6.204,-1.153,1.569,0.4788
3.0550,5.081,6.576,-1.470,1.495,0.4799
3.0600,5.522,7.126,-1.144,1.604,0.4809
3.0650,5.958,7.755,-0.748,1.797,0.4820
3.0700,6.387,8.363,-0.305,1.976,0.4830
3.0750,6.810,8.928,0.151,2.117,0.4840
3.0800,7.227,9.440,0.674,2.213,0.4850
3.0850,7.636,9.815,1.194,2.179,0.4858
3.0900,8.038,10.126,1.847,2.088,0.4867
3.0950,8.432,10.460,2.293,2.028,0.4874
3.1000,8.817,10.803,2.769,1.986,0.4881
3.1050,9.194,11.122,3.234,1.928,0.4888
3.1100,9.562,11.425,3.668,1.863,0.4894
3.1150,9.920,11.725,4.074,1.805,0.4899
3.1200,10.269,12.071,4.569,1.802,0.4904
3.1250,10.607,12.440,4.995,1.832,0.4909
3.1300,10.935,12.811,5.439,1.876,0.4913
3.1350,11.252,13.122,5.903,1.869,0.4918
3.1400,11.559,13.418,6.282,1.859,0.4921
3.1450,11.853,13.758,6.671,1.905,0.4925
3.1500,12.136,14.104,7.049,1.968,0.4929
3.1550,12.407,14.432,7.403,2.025,0.4932
3.1600,12.666,14.749,7.716,2.083,0.4935
3.1650,12.912,15.094,7.997,2.182,0.4939
3.1700,13.146,15.461,8.260,2.315,0.4942
3.1750,13.366,15.859,8.461,2.493,0.4945
3.1800,13.573,16.295,8.827,2.722,0.4949
3.1850,13.767,16.685,9.046,2.918,0.4952
3.1900,13.948,17.047,9.438,3.099,0.4956
3.1950,14.114,17.290,9.797,3.175,0.4959
3.2000,14.267,17.493,10.102,3.226,0.4962
3.2050,14.405,17.639,10.338,3.234,0.4966
3.2100,14.530,17.792,10.571,3.263,0.4969
3.2150,14.640,17.957,10.411,3.318,0.4972
3.2200,14.735,18.148,10.718,3.412,0.4975
3.2250,14.816,18.325,10.947,3.508,0.4978
3.2300,14.883,18.530,11.191,3.647,0.4981
3.2350,14.935,18.787,11.429,3.853,0.4984
3.2400,14.972,19.085,11.679,4.114,0.4987
3.2450,14.994,19.365,11.891,4.372,0.4989
3.2500,15.001,19.718,11.955,4.717,0.4991
3.2550,14.994,20.154,12.115,5.161,0.4993
3.2600,14.972,20.605,12.484,5.633,0.4995
3.2650,14.935,20.854,12.739,5.920,0.4996
3.2700,14.883,20.967,12.831,6.084,0.4997
3.2750,14.816,21.058,12.991,6.241,0.4998
3.2800,14.735,21.149,13.160,6.414,0.4999
3.2850,14.640,21.224,12.673,6.584,0.4999
3.2900,14.530,21.371,12.740,6.841,0.5000
3.2950,14.405,21.533,12.795,7.128,0.5000
3.3000,14.267,21.688,12.916,7.421,0.5001
3.3050,14.114,21.840,13.026,7.726,0.5001
3.3100,13.948,21.996,13.147,8.049,0.5002
3.3150,13.767,22.114,13.261,8.347,0.5003
3.3200,13.573,22.288,13.279,8.714,0.5004
3.3250,13.366,22.494,13.369,9.128,0.5005
3.3300,13.146,22.641,13.435,9.495,0.5007
3.3350,12.912,22.759,13.550,9.847,0.5009
3.3400,12.666,22.792,13.626,10.126,0.5010
3.3450,12.407,22.841,13.672,10.434,0.5013
3.3500,12.136,22.886,14.935,10.750,0.5015
3.3550,11.853,22.812,14.918,10.959,0.5017
3.3600,11.559,22.651,14.816,11.093,0.5019
3.3650,11.252,22.505,14.661,11.253,0.5021
3.3700,10.935,22.406,14.497,11.471,0.5022
3.3750,10.607,22.269,14.360,11.662,0.5022
3.3800,10.269,22.039,12.798,11.770,0.5021
3.3850,9.920,21.746,12.631,11.825,0.5019
3.3900,9.562,21.425,12.414,11.863,0.5017
3.3950,9.194,21.116,12.165,11.922,0.5015
3.4000,8.817,20.831,11.870,12.014,0.5012
3.4050,8.432,20.593,11.606,12.161,0.5010
3.4100,8.038,20.377,11.371,12.339,0.5008
3.4150,7.636,20.162,11.686,12.525,0.5006
3.4200,7.227,19.947,11.393,12.720,0.5004
3.4250,6.810,19.698,11.028,12.888,0.5003
3.4300,6.387,19.401,10.787,13.014,0.5001
3.4350,5.958,19.120,10.524,13.163,0.5000
3.4400,5.522,18.806,10.279,13.283,0.4999
3.4450,5.081,18.439,9.784,13.358,0.4997
3.4500,4.636,18.080,9.460,13.444,0.4995
3.4550,4.185,17.694,9.072,13.509,0.4994
3.4600,3.731,17.325,8.606,13.594,0.4992
3.4650,3.272,16.890,8.138,13.618,0.4990
3.4700,2.811,16.435,7.666,13.624,0.4989
3.4750,2.347,16.053,7.241,13.706,0.4987
3.4800,1.880,15.706,6.757,13.825,0.4986
3.4850,1.412,15.376,6.328,13.964,0.4984
3.4900,0.942,14.951,6.040,14.009,0.4983
3.4950,0.471,14.438,5.689,13.966,0.4981
3.5000,0.000,13.918,5.345,13.918,0.4980
3.5050,-0.471,13.356,5.017,13.827,0.4979
3.5100,-0.942,12.758,4.562,13.700,0.4977
3.5150,-1.412,12.171,4.134,13.583,0.4976
3.5200,-1.880,11.659,3.622,13.539,0.4975
3.5250,-2.347,11.265,3.090,13.612,0.4975
3.5300,-2.811,10.987,2.606,13.798,0.4974
3.5350,-3.272,10.759,2.242,14.031,0.4975
3.5400,-3.731,10.465,1.893,14.196,0.4975
3.5450,-4.185,10.125,1.536,14.310,0.4976
3.5500,-4.636,9.656,1.165,14.292,0.4977
3.5550,-5.081,9.139,0.784,14.220,0.4978
3.5600,-5.522,8.577,0.288,14.099,0.4979
3.5650,-5.958,8.136,-0.217,14.093,0.4980
3.5700,-6.387,7.755,-0.600,14.142,0.4980
3.5750,-6.810,7.388,-0.736,14.199,0.4981
3.5800,-7.227,7.010,-1.062,14.237,0.4981
3.5850,-7.636,6.594,-1.467,14.230,0.4981
3.5900,-8.038,6.118,-1.788,14.156,0.4981
3.5950,-8.432,5.576,-2.155,14.007,0.4981
3.6000,-8.817,4.991,-2.540,13.809,0.4982
3.6050,-9.194,4.448,-3.071,13.642,0.4983
3.6100,-9.562,3.954,-3.567,13.516,0.4985
3.6150,-9.920,3.499,-4.108,13.419,0.4987
3.6200,-10.269,3.116,-4.638,13.385,0.4989
3.6250,-10.607,2.851,-5.125,13.459,0.4992
3.6300,-10.935,2.653,-5.542,13.588,0.4995
3.6350,-11.252,2.433,-5.878,13.686,0.4998
3.6400,-11.559,2.128,-6.835,13.687,0.5001
3.6450,-11.853,1.845,-7.192,13.698,0.5005
3.6500,-12.136,1.639,-7.377,13.775,0.5008
3.6550,-12.407,1.377,-7.654,13.785,0.5012
3.6600,-12.666,1.111,-7.851,13.776,0.5015
3.6650,-12.912,0.792,-8.117,13.704,0.5017
3.6700,-13.146,0.421,-8.421,13.566,0.5019
3.6750,-13.366,0.059,-7.537,13.425,0.5020
3.6800,-13.573,-0.302,-7.868,13.271,0.5021
3.6850,-13.767,-0.684,-8.238,13.083,0.5022
3.6900,-13.948,-1.062,-8.616,12.885,0.5022
3.6950,-14.114,-1.406,-8.827,12.708,0.5022
3.7000,-14.267,-1.725,-9.187,12.542,0.5022
3.7050,-14.405,-2.056,-8.470,12.349,0.5023
3.7100,-14.530,-2.484,-8.789,12.045,0.5024
3.7150,-14.640,-2.978,-8.685,11.662,0.5025
3.7200,-14.735,-3.490,-8.997,11.246,0.5028
3.7250,-14.816,-3.965,-9.476,10.852,0.5030
3.7300,-14.883,-4.365,-9.905,10.518,0.5034
3.7350,-14.935,-4.723,-10.307,10.211,0.5039
3.7400,-14.972,-5.057,-13.036,9.914,0.5044
3.7450,-14.994,-5.348,-13.336,9.645,0.5050
3.7500,-15.001,-5.649,-13.658,9.353,0.5057
3.7550,-14.994,-5.849,-13.918,9.145,0.5063
3.7600,-14.972,-6.023,-14.071,8.948,0.5070
3.7650,-14.935,-6.165,-14.197,8.770,0.5077
3.7700,-14.883,-6.254,-13.033,8.629,0.5083
3.7750,-14.816,-6.292,-13.079,8.524,0.5089
3.7800,-14.735,-6.345,-13.158,8.391,0.5095
3.7850,-14.640,-6.420,-13.283,8.220,0.5101
3.7900,-14.530,-6.483,-13.376,8.047,0.5107
3.7950,-14.405,-6.569,-13.265,7.836,0.5112
3.8000,-14.267,-6.739,-13.285,7.527,0.5118
3.8050,-14.114,-6.951,-12.975,7.163,0.5124
3.8100,-13.948,-7.127,-12.782,6.821,0.5130
3.8150,-13.767,-7.215,-12.465,6.552,0.5136
3.8200,-13.573,-7.223,-12.644,6.350,0.5142
3.8250,-13.366,-7.184,-12.702,6.182,0.5149
3.8300,-13.146,-7.255,-12.797,5.890,0.5155
3.8350,-12.912,-7.317,-14.028,5.595,0.5162
3.8400,-12.666,-7.325,-14.048,5.341,0.5168
3.8450,-12.407,-7.254,-13.945,5.153,0.5175
3.8500,-12.136,-7.137,-13.647,4.999,0.5181
3.8550,-11.853,-6.957,-13.539,4.896,0.5186
3.8600,-11.559,-6.703,-13.068,4.856,0.5191
3.8650,-11.252,-6.408,-12.748,4.844,0.5196
3.8700,-10.935,-6.132,-12.528,4.804,0.5199
3.8750,-10.607,-5.960,-12.372,4.648,0.5202
3.8800,-10.269,-5.850,-12.263,4.419,0.5205
3.8850,-9.920,-5.758,-12.140,4.162,0.5206
3.8900,-9.562,-5.670,-12.086,3.892,0.5207
3.8950,-9.194,-5.448,-12.025,3.747,0.5207
3.9000,-8.817,-5.110,-9.953,3.707,0.5207
3.9050,-8.432,-4.739,-9.734,3.693,0.5206
3.9100,-8.038,-4.374,-9.434,3.664,0.5204
3.9150,-7.636,-4.076,-9.146,3.560,0.5203
3.9200,-7.227,-3.818,-8.868,3.408,0.5201
3.9250,-6.810,-3.598,-8.382,3.213,0.5200
3.9300,-6.387,-3.458,-8.038,2.929,0.5200
3.9350,-5.958,-3.417,-10.149,2.541,0.5199
3.9400,-5.522,-3.353,-9.904,2.169,0.5200
3.9450,-5.081,-3.221,-9.707,1.860,0.5200
3.9500,-4.636,-2.978,-9.314,1.658,0.5199
3.9550,-4.185,-2.594,-8.833,1.591,0.5199
3.9600,-3.731,-2.176,-8.519,1.555,0.5197
3.9650,-3.272,-1.772,-6.856,1.500,0.5195
3.9700,-2.811,-1.445,-6.536,1.366,0.5192
3.9750,-2.347,-1.199,-6.244,1.147,0.5189
3.9800,-1.880,-1.009,-5.975,0.872,0.5185
3.9850,-1.412,-0.821,-5.721,0.591,0.5181
3.9900,-0.942,-0.621,-5.501,0.321,0.5177
3.9950,-0.471,-0.374,-5.248,0.097,0.5173
4.0000,0.000,-0.081,-5.156,-0.081,0.5169
4.0050,0.471,0.310,-4.852,-0.161,0.5165
4.0100,0.942,0.723,-4.466,-0.219,0.5160
4.0150,1.412,1.120,-4.021,-0.292,0.5156
4.0200,1.880,1.510,-3.457,-0.370,0.5152
4.0250,2.347,1.894,-3.077,-0.453,0.5147
4.0300,2.811,2.296,-1.712,-0.515,0.5143
4.0350,3.272,2.594,-1.314,-0.679,0.5138
4.0400,3.731,2.848,-0.975,-0.883,0.5134
4.0450,4.185,3.103,-0.716,-1.082,0.5129
4.0500,4.636,3.440,-0.453,-1.196,0.5125
4.0550,5.081,3.810,-0.120,-1.272,0.5122
4.0600,5.522,4.132,0.213,-1.390,0.5119
4.0650,5.958,4.426,0.173,-1.531,0.5117
4.0700,6.387,4.696,0.468,-1.691,0.5115
4.0750,6.810,5.003,0.827,-1.808,0.5113
4.0800,7.227,5.238,1.190,-1.989,0.5112
4.0850,7.636,5.473,1.529,-2.163,0.5110
4.0900,8.038,5.852,1.807,-2.186,0.5109
4.0950,8.432,6.404,2.163,-2.028,0.5107
4.1000,8.817,6.961,2.612,-1.857,0.5106
4.1050,9.194,7.468,3.098,-1.726,0.5104
4.1100,9.562,7.893,3.595,-1.669,0.5102
4.1150,9.920,8.222,4.062,-1.698,0.5100
4.1200,10.269,8.519,4.463,-1.750,0.5097
4.1250,10.607,8.833,4.798,-1.774,0.5095
4.1300,10.935,9.224,5.149,-1.712,0.5092
4.1350,11.252,9.670,5.557,-1.583,0.5089
4.1400,11.559,10.161,6.034,-1.398,0.5086
4.1450,11.853,10.617,6.417,-1.236,0.5084
4.1500,12.136,11.067,6.780,-1.069,0.5081
4.1550,12.407,11.595,7.165,-0.813,0.5079
4.1600,12.666,12.104,7.707,-0.561,0.5077
4.1650,12.912,12.571,8.120,-0.341,0.5076
4.1700,13.146,12.984,8.538,-0.161,0.5075
4.1750,13.366,13.348,8.805,-0.018,0.5074
4.1800,13.573,13.776,9.121,0.202,0.5073
4.1850,13.767,14.156,9.516,0.388,0.5073
4.1900,13.948,14.385,9.843,0.438,0.5073
4.1950,14.114,14.554,9.995,0.440,0.5072
4.2000,14.267,14.704,10.275,0.437,0.5072
4.2050,14.405,14.815,10.496,0.409,0.5072
4.2100,14.530,14.942,10.674,0.412,0.5073
4.2150,14.640,15.149,10.854,0.510,0.5073
4.2200,14.735,15.500,11.115,0.765,0.5074
4.2250,14.816,15.940,12.030,1.124,0.5076
4.2300,14.883,16.371,12.404,1.489,0.5077
4.2350,14.935,16.724,12.805,1.789,0.5078
4.2400,14.972,16.922,13.130,1.951,0.5079
4.2450,14.994,17.048,13.319,2.054,0.5080
4.2500,15.001,17.142,13.442,2.141,0.5081
4.2550,14.994,17.146,13.607,2.152,0.5082
4.2600,14.972,17.181,12.527,2.209,0.5082
4.2650,14.935,17.328,12.543,2.393,0.5081
4.2700,14.883,17.519,12.714,2.636,0.5081
4.2750,14.816,17.736,12.675,2.919,0.5081
4.2800,14.735,17.992,12.897,3.257,0.5081
4.2850,14.640,18.222,13.138,3.583,0.5082
4.2900,14.530,18.379,13.662,3.850,0.5083
4.2950,14.405,18.431,13.858,4.026,0.5085
4.3000,14.267,18.432,13.934,4.165,0.5087
4.3050,14.114,18.476,13.978,4.362,0.5089
4.3100,13.948,18.527,14.017,4.579,0.5092
4.3150,13.767,18.594,14.077,4.827,0.5095
4.3200,13.573,18.640,14.216,5.066,0.5099
4.3250,13.366,18.572,15.351,5.205,0.5104
4.3300,13.146,18.540,15.285,5.395,0.5108
4.3350,12.912,18.589,15.011,5.677,0.5113
4.3400,12.666,18.675,14.778,6.009,0.5117
4.3450,12.407,18.703,14.777,6.296,0.5121
4.3500,12.136,18.649,14.668,6.513,0.5125
4.3550,11.853,18.523,14.047,6.670,0.5128
4.3600,11.559,18.312,13.900,6.754,0.5131
4.3650,11.253,18.107,13.704,6.855,0.5133
4.3700,10.935,17.922,13.496,6.987,0.5135
4.3750,10.607,17.730,13.211,7.122,0.5137
4.3800,10.269,17.587,12.944,7.318,0.5138
4.3850,9.920,17.484,12.728,7.564,0.5139
4.3900,9.562,17.347,12.506,7.785,0.5139
4.3950,9.194,17.186,12.339,7.992,0.5140
4.4000,8.817,16.944,12.167,8.126,0.5140
4.4050,8.432,16.699,11.929,8.267,0.5140
4.4100,8.038,16.498,11.607,8.460,0.5140
4.4150,7.636,16.330,11.260,8.694,0.5139
4.4200,7.227,16.159,11.019,8.932,0.5138
4.4250,6.810,15.905,10.609,9.095,0.5137
4.4300,6.387,15.565,10.161,9.178,0.5136
4.4350,5.958,15.275,9.786,9.317,0.5135
4.4400,5.522,15.002,9.422,9.480,0.5133
4.4450,5.081,14.715,9.097,9.634,0.5131
4.4500,4.636,14.418,8.743,9.782,0.5129
4.4550,4.185,14.160,8.347,9.975,0.5126
4.4600,3.731,13.879,8.052,10.148,0.5124
4.4650,3.272,13.559,7.772,10.287,0.5121
4.4700,2.811,13.195,7.442,10.384,0.5118
4.4750,2.347,12.812,7.119,10.466,0.5114
4.4800,1.880,12.385,6.823,10.505,0.5111
4.4850,1.412,11.849,6.343,10.438,0.5107
4.4900,0.942,11.297,5.927,10.355,0.5103
4.4950,0.471,10.770,5.451,10.299,0.5099
4.5000,0.000,10.320,4.991,10.320,0.5095
4.5050,-0.471,9.972,4.610,10.443,0.5091
4.5100,-0.942,9.591,4.301,10.533,0.5087
4.5150,-1.412,9.156,3.969,10.568,0.5084
4.5200,-1.880,8.701,3.673,10.581,0.5080
4.5250,-2.347,8.190,3.288,10.537,0.5076
4.5300,-2.811,7.647,2.855,10.458,0.5072
4.5350,-3.272,7.131,2.359,10.403,0.5069
4.5400,-3.731,6.655,1.842,10.386,0.5065
4.5450,-4.185,6.278,1.370,10.463,0.5061
4.5500,-4.636,5.915,0.998,10.551,0.5057
4.5550,-5.081,5.552,0.528,10.634,0.5053
4.5600,-5.522,5.246,0.216,10.769,0.5049
4.5650,-5.958,4.900,-0.140,10.857,0.5046
4.5700,-6.387,4.516,-0.544,10.903,0.5042
4.5750,-6.810,4.147,-0.912,10.957,0.5038
4.5800,-7.227,3.745,-1.341,10.972,0.5035
4.5850,-7.636,3.334,-1.723,10.971,0.5033
4.5900,-8.038,2.889,-2.113,10.927,0.5030
4.5950,-8.432,2.361,-2.503,10.793,0.5028
4.6000,-8.817,1.749,-2.982,10.567,0.5027
4.6050,-9.194,1.168,-3.514,10.362,0.5026
4.6100,-9.562,0.643,-4.029,10.205,0.5025
4.6150,-9.920,0.114,-5.039,10.035,0.5025
4.6200,-10.269,-0.408,-5.485,9.861,0.5026
4.6250,-10.607,-0.852,-5.884,9.756,0.5027
4.6300,-10.935,-1.181,-6.282,9.755,0.5028
4.6350,-11.252,-1.478,-6.588,9.774,0.5029
4.6400,-11.559,-1.820,-6.891,9.738,0.5030
4.6450,-11.853,-2.170,-7.205,9.684,0.5031
4.6500,-12.136,-2.516,-7.091,9.620,0.5032
4.6550,-12.407,-2.899,-7.372,9.508,0.5032
4.6600,-12.666,-3.358,-7.734,9.308,0.5033
4.6650,-12.912,-3.819,-7.929,9.093,0.5034
4.6700,-13.146,-4.229,-8.365,8.916,0.5035
4.6750,-13.366,-4.599,-8.739,8.768,0.5036
4.6800,-13.573,-5.000,-10.286,8.573,0.5037
4.6850,-13.767,-5.431,-10.587,8.337,0.5038
4.6900,-13.948,-5.782,-10.974,8.166,0.5039
4.6950,-14.114,-5.937,-11.328,8.178,0.5040
4.7000,-14.267,-6.008,-11.606,8.258,0.5040
4.7050,-14.405,-6.081,-11.842,8.325,0.5039
4.7100,-14.530,-6.153,-12.036,8.377,0.5038
4.7150,-14.640,-6.267,-10.067,8.373,0.5035
4.7200,-14.735,-6.487,-10.262,8.249,0.5032
4.7250,-14.816,-6.787,-10.478,8.030,0.5029
4.7300,-14.883,-7.151,-10.715,7.732,0.5026
4.7350,-14.935,-7.562,-10.761,7.373,0.5022
4.7400,-14.972,-7.985,-11.042,6.987,0.5020
4.7450,-14.994,-8.410,-12.669,6.583,0.5017
4.7500,-15.001,-8.808,-13.011,6.193,0.5015
4.7550,-14.994,-9.142,-13.350,5.852,0.5013
4.7600,-14.972,-9.321,-13.484,5.651,0.5012
4.7650,-14.935,-9.494,-13.474,5.441,0.5010
4.7700,-14.883,-9.597,-13.654,5.286,0.5009
4.7750,-14.816,-9.703,-13.608,5.114,0.5007
4.7800,-14.735,-9.897,-12.899,4.838,0.5006
4.7850,-14.640,-10.087,-12.909,4.553,0.5004
4.7900,-14.530,-10.244,-13.087,4.286,0.5003
4.7950,-14.405,-10.401,-13.161,4.005,0.5002
4.8000,-14.267,-10.542,-13.319,3.725,0.5001
4.8050,-14.114,-10.704,-13.426,3.410,0.5001
4.8100,-13.948,-10.911,-13.672,3.036,0.5001
4.8150,-13.767,-11.095,-13.804,2.673,0.5001
4.8200,-13.573,-11.210,-13.950,2.364,0.5002
4.8250,-13.366,-11.257,-14.066,2.109,0.5003
4.8300,-13.146,-11.226,-14.258,1.920,0.5005
4.8350,-12.912,-11.057,-14.270,1.855,0.5006
4.8400,-12.666,-10.872,-14.167,1.794,0.5008
4.8450,-12.407,-10.698,-13.395,1.709,0.5011
4.8500,-12.136,-10.547,-13.314,1.589,0.5013
4.8550,-11.853,-10.420,-13.147,1.433,0.5016
4.8600,-11.559,-10.413,-13.015,1.145,0.5020
4.8650,-11.253,-10.502,-13.005,0.750,0.5024
4.8700,-10.935,-10.626,-12.910,0.310,0.5028
4.8750,-10.607,-10.858,-15.865,-0.250,0.5033
4.8800,-10.269,-10.946,-15.908,-0.677,0.5038
4.8850,-9.920,-10.673,-15.828,-0.753,0.5043
4.8900,-9.562,-10.217,-15.189,-0.655,0.5048
4.8950,-9.194,-9.702,-14.880,-0.507,0.5052
4.9000,-8.817,-9.177,-14.538,-0.359,0.5055
4.9050,-8.432,-8.655,-14.119,-0.223,0.5057
4.9100,-8.038,-8.221,-12.173,-0.183,0.5058
4.9150,-7.636,-7.875,-11.760,-0.239,0.5058
4.9200,-7.227,-7.611,-11.409,-0.384,0.5057
4.9250,-6.810,-7.359,-11.092,-0.548,0.5055
4.9300,-6.387,-7.140,-10.798,-0.753,0.5054
4.9350,-5.958,-6.940,-10.533,-0.983,0.5051
4.9400,-5.522,-6.683,-9.256,-1.161,0.5048
4.9450,-5.081,-6.366,-9.004,-1.285,0.5045
4.9500,-4.636,-5.981,-8.722,-1.345,0.5043
4.9550,-4.185,-5.551,-8.332,-1.366,0.5040
4.9600,-3.731,-5.072,-7.968,-1.341,0.5037
4.9650,-3.272,-4.597,-7.503,-1.325,0.5035
4.9700,-2.811,-4.212,-6.949,-1.401,0.5033
4.9750,-2.347,-3.931,-7.009,-1.585,0.5032
4.9800,-1.880,-3.588,-6.712,-1.708,0.5031
4.9850,-1.412,-3.123,-6.368,-1.711,0.5031
4.9900,-0.942,-2.659,-6.030,-1.717,0.5031
4.9950,-0.471,-2.197,-5.684,-1.726,0.5032
