time,true_roll,true_pitch,true_alt,est_roll,est_pitch,est_alt
2.000,0.000,0.000,0.0150,-0.118,0.016,0.0150
2.020,0.000,-0.000,0.0150,-0.279,0.242,0.0150
2.040,-0.000,-0.002,0.0150,-0.530,-0.665,0.0150
2.060,0.015,0.024,0.0150,-0.172,-2.464,0.0150
2.080,-0.005,0.283,0.0154,-0.391,-3.206,0.0154
2.100,0.100,0.864,0.0161,0.336,-3.705,0.0161
2.120,-0.398,1.288,0.0172,0.231,-3.153,0.0172
2.140,0.008,1.873,0.0186,0.335,-2.627,0.0186
2.160,0.262,2.684,0.0205,0.485,-2.107,0.0205
2.180,0.348,2.616,0.0228,0.123,-2.030,0.0228
2.200,0.387,3.162,0.0256,-0.028,-1.449,0.0256
2.220,0.570,3.390,0.0287,0.166,-1.174,0.0287
2.240,0.245,3.461,0.0321,0.017,-0.358,0.0001
2.260,0.131,3.566,0.0359,-0.392,0.083,0.0553
2.280,0.338,3.790,0.0403,-0.282,-0.128,0.0622
2.300,0.547,4.044,0.0452,-0.214,0.559,0.0654
2.320,0.798,4.370,0.0505,-0.225,0.738,0.0678
2.340,0.272,4.138,0.0563,0.188,0.728,0.0768
2.360,-0.272,4.466,0.0624,-0.252,1.104,0.0840
2.380,-0.095,4.502,0.0685,0.013,0.774,0.0804
2.400,-0.112,4.506,0.0749,0.091,0.674,0.0820
2.420,0.261,4.692,0.0817,0.258,0.732,0.0967
2.440,0.446,4.943,0.0890,0.522,0.225,0.1218
2.460,0.482,5.294,0.0962,0.459,0.510,0.1389
2.480,0.425,5.288,0.1030,0.285,0.213,0.0921
2.500,0.420,4.839,0.1100,0.585,-0.337,0.0785
2.520,0.116,4.630,0.1177,0.442,-0.597,0.1347
2.540,0.047,4.631,0.1254,-0.495,-1.054,0.1432
2.560,0.465,4.539,0.1326,-0.092,-1.008,0.1544
2.580,0.360,4.714,0.1395,-0.101,-0.670,0.1589
2.600,0.715,5.121,0.1461,-0.105,0.272,0.1482
2.620,0.912,5.909,0.1528,0.428,0.936,0.1452
2.640,1.240,6.122,0.1601,0.551,1.004,0.1689
2.660,1.483,5.995,0.1677,0.830,1.303,0.1806
2.680,0.901,6.060,0.1752,0.539,1.336,0.1919
2.700,0.663,6.019,0.1826,0.425,0.923,0.2151
2.720,0.439,6.038,0.1897,0.240,0.873,0.2320
2.740,0.239,5.841,0.1961,0.069,0.859,0.2331
2.760,0.711,5.909,0.2021,0.203,0.773,0.2412
2.780,0.925,6.094,0.2079,0.469,1.025,0.2470
2.800,0.866,6.030,0.2136,0.461,1.315,0.2417
2.820,0.311,6.048,0.2193,0.345,1.447,0.2427
2.840,-0.065,6.242,0.2252,-0.222,1.706,0.2641
2.860,-0.595,6.392,0.2310,-1.181,1.744,0.2576
2.880,0.026,6.392,0.2364,-0.806,1.796,0.2578
2.900,0.270,6.620,0.2420,-0.494,1.883,0.2764
2.920,0.423,6.591,0.2477,-0.431,1.819,0.2867
2.940,0.553,6.875,0.2533,-0.387,2.078,0.2824
2.960,0.453,6.834,0.2588,-0.359,1.988,0.2789
2.980,0.607,6.352,0.2646,-0.373,1.762,0.2794
3.000,0.464,6.384,0.2709,-0.427,1.585,0.2846
3.020,0.788,6.364,0.2776,-0.259,1.311,0.2884
3.040,0.816,6.141,0.2847,-0.098,0.961,0.2848
3.060,0.909,5.973,0.2922,-0.225,0.813,0.3115
3.080,1.392,5.822,0.2998,-0.085,0.523,0.3277
3.100,0.853,5.734,0.3068,-0.038,0.353,0.3318
3.120,0.319,5.310,0.3132,-0.098,0.295,0.3331
3.140,0.069,4.644,0.3193,0.220,-0.270,0.3370
3.160,-0.208,4.617,0.3253,0.228,-0.847,0.3434
3.180,-0.146,4.804,0.3313,-0.075,-0.811,0.3487
3.200,-0.396,5.016,0.3373,0.009,-0.535,0.3565
3.220,-1.033,4.962,0.3434,-0.481,-0.249,0.3695
3.240,-1.140,4.819,0.3493,-0.579,-0.276,0.3799
3.260,-0.475,4.645,0.3549,-0.384,-0.421,0.3876
3.280,-0.542,4.532,0.3601,-0.258,-0.468,0.3962
3.300,-0.491,4.576,0.3652,-0.360,-0.449,0.3781
3.320,-0.407,4.607,0.3704,-0.467,-0.596,0.3749
3.340,-0.151,4.730,0.3760,-0.325,-0.479,0.3736
3.360,0.264,4.877,0.3820,-0.091,-0.262,0.4240
3.380,0.617,4.549,0.3873,0.197,-0.478,0.4056
3.400,0.229,4.481,0.3917,0.037,-0.398,0.4010
3.420,0.119,4.632,0.3961,0.106,-0.430,0.4208
3.440,0.004,4.054,0.4008,0.098,-0.434,0.4286
3.460,-0.336,4.242,0.4055,-0.143,-0.302,0.4251
3.480,-0.610,3.923,0.4103,-0.594,-0.158,0.4273
3.500,-0.977,3.634,0.4150,-0.400,-0.135,0.4301
3.520,-1.556,3.588,0.4197,-0.566,-0.015,0.4280
3.540,-1.293,3.603,0.4246,-0.690,-0.064,0.4285
3.560,-1.432,3.181,0.4298,-0.659,-0.150,0.4581
3.580,-1.127,2.950,0.4345,-0.523,-0.213,0.4456
3.600,-1.330,2.839,0.4390,-0.585,-0.261,0.4438
3.620,-1.276,2.808,0.4438,-0.813,-0.183,0.4567
3.640,-0.685,2.937,0.4487,-0.567,-0.077,0.4884
3.660,-0.352,3.056,0.4534,-0.248,0.220,0.5097
3.680,-0.308,3.087,0.4570,-0.073,0.195,0.4889
3.700,-0.171,3.100,0.4598,-0.017,0.190,0.4872
3.720,-0.465,2.551,0.4627,0.015,0.026,0.4429
3.740,-0.537,2.304,0.4665,-0.164,0.111,0.4772
3.760,-1.043,2.225,0.4712,-0.439,0.190,0.4910
3.780,-1.067,2.181,0.4756,-0.629,0.031,0.4856
3.800,-0.984,1.986,0.4797,-0.410,0.384,0.4891
3.820,-0.912,1.473,0.4837,-0.577,0.108,0.4850
3.840,-0.763,1.155,0.4876,-0.370,-0.037,0.5122
3.860,-0.664,1.625,0.4912,-0.435,0.382,0.5271
3.880,-0.224,1.348,0.4939,-0.258,0.306,0.5433
3.900,-0.090,1.379,0.4955,-0.420,0.426,0.5102
3.920,0.511,1.197,0.4963,0.179,0.407,0.4939
3.940,0.399,0.928,0.4975,0.607,0.329,0.5385
3.960,0.208,0.915,0.4987,0.397,0.635,0.5542
3.980,0.020,0.410,0.4990,0.262,0.331,0.5311
4.000,-0.195,0.224,0.4990,0.067,0.179,0.5386
4.020,-0.018,-0.163,0.4989,0.303,-0.142,0.5422
4.040,-0.169,-0.045,0.4988,0.468,-0.094,0.5109
4.060,-0.151,0.068,0.4991,0.341,-0.306,0.4992
4.080,-0.578,0.499,0.5002,0.302,-0.028,0.5263
4.100,-0.470,0.819,0.5014,0.122,0.189,0.5329
4.120,-0.505,0.755,0.5024,0.483,0.430,0.5384
4.140,-0.488,0.992,0.5032,0.475,0.520,0.5191
4.160,-0.028,1.115,0.5041,0.733,0.600,0.5210
4.180,0.253,0.814,0.5056,0.806,0.432,0.5209
4.200,0.044,0.971,0.5075,0.878,0.377,0.5143
4.220,-0.102,1.043,0.5097,0.699,0.520,0.5120
4.240,0.403,1.156,0.5122,1.381,0.678,0.5467
4.260,0.113,0.913,0.5144,1.431,0.715,0.5143
4.280,0.163,0.756,0.5164,1.484,0.845,0.5009
4.300,-0.221,0.604,0.5191,1.362,0.866,0.5000
4.320,-0.218,0.598,0.5225,1.282,0.849,0.4947
4.340,0.094,0.551,0.5265,1.344,0.518,0.5421
4.360,0.169,0.221,0.5301,1.667,0.254,0.5406
4.380,-0.088,0.071,0.5330,1.199,0.068,0.5459
4.400,-0.102,0.320,0.5353,1.223,0.339,0.5470
4.420,-0.061,0.414,0.5373,0.986,0.249,0.5561
4.440,-0.326,0.641,0.5390,0.531,0.487,0.5627
4.460,-0.418,0.759,0.5404,0.450,0.508,0.5640
4.480,-0.685,0.315,0.5414,0.454,0.044,0.5674
4.500,-1.298,0.477,0.5423,0.026,0.210,0.5568
4.520,-1.522,0.215,0.5431,0.154,-0.158,0.5692
4.540,-2.015,0.693,0.5439,-0.309,-0.064,0.5752
4.560,-1.987,0.248,0.5446,-0.579,-0.069,0.5598
4.580,-2.149,0.065,0.5453,-0.825,-0.319,0.5555
4.600,-2.504,-0.184,0.5463,-0.914,-0.527,0.5398
4.620,-2.879,0.038,0.5480,-1.052,-0.360,0.5682
4.640,-2.908,-0.036,0.5499,-0.958,-0.287,0.5805
4.660,-3.010,0.226,0.5513,-0.829,-0.279,0.5696
4.680,-3.125,0.240,0.5525,-0.847,-0.302,0.6086
4.700,-3.003,-0.094,0.5533,-0.906,-0.537,0.6319
4.720,-2.677,0.068,0.5527,-0.684,-0.595,0.5865
4.740,-2.962,0.487,0.5514,-0.661,-0.243,0.5728
4.760,-3.392,0.245,0.5502,-1.009,-0.375,0.5970
4.780,-3.451,-0.265,0.5492,-0.989,-0.876,0.5840
4.800,-3.476,-0.479,0.5481,-1.170,-1.109,0.5778
4.820,-3.789,-0.136,0.5476,-1.180,-0.872,0.5711
4.840,-3.337,0.194,0.5474,-1.134,-0.431,0.5659
4.860,-2.935,0.341,0.5477,-0.517,-0.424,0.5433
4.880,-3.772,0.422,0.5487,-0.705,-0.411,0.5918
4.900,-3.543,0.739,0.5496,-0.761,-0.218,0.6137
4.920,-3.325,0.785,0.5491,-0.509,-0.062,0.6017
4.940,-3.404,0.712,0.5476,-0.520,0.013,0.5733
4.960,-2.883,0.321,0.5457,-0.408,-0.365,0.5568
4.980,-2.557,0.070,0.5444,0.268,-0.911,0.5559
5.000,-2.136,0.255,0.5440,0.363,-1.003,0.5495
5.020,-2.566,-0.137,0.5443,0.209,-0.989,0.5750
5.040,-2.792,0.535,0.5447,0.449,-0.645,0.5559
5.060,-3.850,1.331,0.5448,-0.373,0.122,0.5472
5.080,-3.836,1.866,0.5452,-0.820,0.610,0.5675
5.100,-3.611,1.507,0.5459,-0.327,0.476,0.5724
5.120,-3.420,1.369,0.5464,-0.235,0.355,0.5909
5.140,-3.115,1.647,0.5464,0.028,0.570,0.5541
5.160,-2.893,1.454,0.5465,0.119,0.564,0.5386
5.180,-2.585,1.156,0.5473,0.221,0.139,0.5689
5.200,-2.417,1.205,0.5485,0.397,0.157,0.5586
5.220,-2.850,1.475,0.5500,0.008,0.875,0.5547
5.240,-3.165,1.134,0.5518,-0.092,0.751,0.5837
5.260,-3.824,1.036,0.5535,-0.502,0.275,0.5967
5.280,-4.570,0.394,0.5546,-1.072,-0.145,0.5643
5.300,-4.622,0.044,0.5556,-1.726,-0.663,0.5585
5.320,-4.085,0.033,0.5571,-1.485,-0.758,0.5539
5.340,-4.588,0.042,0.5591,-1.439,-0.595,0.5999
5.360,-4.699,-0.100,0.5607,-1.328,-0.678,0.6197
5.380,-4.801,0.094,0.5612,-1.433,-0.710,0.5871
5.400,-4.503,0.324,0.5613,-1.196,-0.611,0.5761
5.420,-4.453,0.673,0.5615,-1.188,-0.190,0.5698
5.440,-4.280,0.796,0.5621,-1.048,-0.054,0.5957
5.460,-4.793,0.764,0.5626,-1.180,-0.109,0.5860
5.480,-4.698,0.994,0.5626,-0.891,0.110,0.5829
5.500,-4.642,1.001,0.5627,-0.847,-0.056,0.5864
5.520,-4.517,0.989,0.5629,-0.940,0.128,0.5871
5.540,-4.406,0.309,0.5634,-0.826,-0.057,0.5521
5.560,-4.651,0.142,0.5645,-0.973,-0.251,0.5582
5.580,-5.011,0.184,0.5665,-1.160,-0.285,0.5581
5.600,-5.265,0.336,0.5687,-1.585,0.105,0.5859
5.620,-4.770,0.197,0.5707,-1.304,0.016,0.5992
5.640,-4.226,0.014,0.5719,-0.857,0.018,0.5969
5.660,-4.169,-0.125,0.5726,-0.581,0.028,0.5942
5.680,-4.197,-0.061,0.5731,-0.726,0.185,0.5946
5.700,-3.304,-0.198,0.5735,-0.446,0.285,0.5865
5.720,-3.311,0.206,0.5741,-0.357,0.488,0.5998
5.740,-3.292,0.159,0.5748,-0.315,0.788,0.6073
5.760,-3.648,0.130,0.5752,-0.414,0.748,0.6057
5.780,-3.471,0.089,0.5753,-0.224,0.710,0.6082
5.800,-3.502,0.172,0.5750,-0.322,0.690,0.6114
5.820,-3.401,-0.105,0.5745,-0.344,0.497,0.6080
5.840,-2.992,-0.561,0.5738,-0.358,0.184,0.6063
5.860,-2.575,-1.014,0.5730,0.053,-0.051,0.6004
5.880,-2.331,-1.184,0.5724,0.065,-0.161,0.5973
5.900,-1.677,-1.466,0.5720,0.177,-0.345,0.5949
5.920,-1.566,-1.649,0.5718,0.319,-0.379,0.5955
5.940,-1.699,-1.427,0.5718,0.231,-0.001,0.5949
5.960,-1.869,-1.132,0.5722,0.214,0.171,0.5953
5.980,-1.799,-0.860,0.5727,0.187,0.222,0.5921
6.000,-1.884,-0.644,0.5734,-0.117,0.235,0.5900
6.020,-1.346,-0.360,0.5743,0.096,0.323,0.6230
6.040,-1.123,-0.073,0.5749,0.453,0.241,0.6379
6.060,-1.179,-0.035,0.5747,0.485,0.290,0.6017
6.080,-0.789,-0.344,0.5744,0.688,-0.030,0.6009
6.100,-0.897,0.104,0.5746,0.818,0.014,0.5978
6.120,-0.907,0.257,0.5752,0.546,-0.060,0.5862
6.140,-0.757,0.376,0.5763,0.538,-0.064,0.5798
6.160,-0.618,0.577,0.5778,0.555,0.206,0.6244
6.180,-0.674,0.577,0.5787,0.465,0.284,0.5787
6.200,-0.585,1.146,0.5793,0.616,0.356,0.5597
6.220,-0.762,1.489,0.5804,0.644,0.717,0.5787
6.240,-1.402,1.551,0.5818,0.254,0.701,0.5849
6.260,-1.495,1.404,0.5835,0.007,0.471,0.5889
6.280,-1.917,0.909,0.5850,-0.459,0.183,0.5833
6.300,-2.250,1.091,0.5863,-0.907,0.137,0.5821
6.320,-1.974,1.167,0.5876,-0.900,-0.084,0.5739
6.340,-1.341,1.556,0.5892,-0.367,0.051,0.5757
6.360,-1.439,1.791,0.5911,-0.037,0.186,0.5754
6.380,-1.982,1.518,0.5932,-0.361,0.190,0.6084
6.400,-1.884,1.384,0.5949,-0.377,-0.001,0.6233
6.420,-1.609,1.778,0.5955,-0.233,0.306,0.6133
6.440,-0.707,1.267,0.5956,0.094,0.249,0.6345
6.460,-0.663,1.009,0.5950,0.281,-0.025,0.6460
6.480,-0.648,1.019,0.5936,0.240,-0.066,0.6231
6.500,-0.605,1.114,0.5918,0.342,-0.087,0.6268
6.520,-0.960,1.106,0.5901,0.538,0.324,0.6281
6.540,-1.604,0.768,0.5885,0.301,0.067,0.6312
6.560,-1.690,0.767,0.5868,0.397,-0.325,0.6337
6.580,-2.011,0.818,0.5852,0.351,-0.357,0.6035
6.600,-3.071,0.582,0.5840,-0.291,-0.335,0.6084
6.620,-3.179,0.393,0.5833,-0.593,-0.579,0.6067
6.640,-2.634,0.065,0.5826,-0.092,-0.720,0.5827
6.660,-2.455,0.078,0.5822,0.161,-0.694,0.5707
6.680,-2.797,0.183,0.5826,-0.207,-0.514,0.5873
6.700,-2.919,0.589,0.5833,-0.588,-0.354,0.6084
6.720,-2.677,0.454,0.5838,-0.625,-0.451,0.6198
6.740,-2.811,0.837,0.5836,-0.492,-0.254,0.5960
6.760,-3.100,1.043,0.5831,-0.678,-0.054,0.5855
6.780,-3.212,0.874,0.5827,-0.741,-0.252,0.5780
6.800,-3.352,0.815,0.5826,-0.901,-0.037,0.6288
6.820,-3.580,0.880,0.5820,-0.854,0.044,0.6506
6.840,-3.620,0.970,0.5801,-0.643,0.026,0.6174
6.860,-3.583,1.086,0.5775,-0.693,-0.109,0.5908
6.880,-3.394,1.230,0.5750,-0.728,0.245,0.5743
6.900,-4.324,0.875,0.5733,-1.037,0.007,0.5771
6.920,-4.899,0.710,0.5722,-2.004,-0.025,0.5709
6.940,-4.706,0.030,0.5716,-2.056,-0.339,0.5660
6.960,-4.443,0.309,0.5716,-1.771,-0.264,0.5722
6.980,-3.881,0.038,0.5719,-1.667,-0.292,0.5739
7.000,-3.379,0.002,0.5724,-1.362,-0.618,0.5906
7.020,-3.207,-0.232,0.5726,-1.134,-1.123,0.5897
7.040,-3.263,0.014,0.5721,-0.848,-0.809,0.5918
7.060,-3.309,0.119,0.5712,-0.894,-0.703,0.5796
7.080,-3.048,0.310,0.5704,-0.748,-0.729,0.5747
7.100,-2.644,0.253,0.5698,-0.280,-0.581,0.5923
7.120,-2.580,0.047,0.5689,-0.103,-0.493,0.6010
7.140,-2.341,-0.047,0.5676,-0.068,-0.649,0.6067
7.160,-2.276,-0.198,0.5659,-0.021,-0.529,0.5595
7.180,-2.524,0.074,0.5644,-0.368,-0.257,0.5405
7.200,-2.127,0.163,0.5637,-0.295,-0.191,0.5553
7.220,-1.410,-0.009,0.5634,0.327,-0.049,0.5869
7.240,-1.282,0.026,0.5630,0.403,-0.014,0.6019
7.260,-1.236,0.522,0.5616,0.356,0.198,0.5932
7.280,-1.196,0.602,0.5596,0.351,0.334,0.5973
7.300,-0.984,0.479,0.5572,0.319,0.448,0.6000
7.320,-0.973,0.449,0.5547,0.735,0.444,0.5629
7.340,-0.761,0.455,0.5524,0.723,0.554,0.5455
7.360,-0.809,0.314,0.5509,0.958,0.606,0.6023
7.380,-0.621,0.467,0.5492,1.366,0.565,0.5877
7.400,-0.866,0.627,0.5467,1.223,0.493,0.5840
7.420,-1.005,1.207,0.5443,1.025,0.776,0.5665
7.440,-0.133,1.182,0.5423,1.721,1.106,0.5568
7.460,0.341,0.922,0.5410,2.107,0.746,0.5428
7.480,0.082,0.813,0.5405,2.155,0.445,0.5707
7.500,-0.341,0.906,0.5405,1.853,0.337,0.5814
7.520,-0.347,0.870,0.5401,1.734,0.487,0.5762
7.540,-0.609,0.343,0.5395,1.515,0.221,0.5499
7.560,-0.535,0.390,0.5389,1.207,0.143,0.5348
7.580,-0.214,0.672,0.5392,1.391,0.298,0.5609
7.600,0.085,0.271,0.5400,1.638,-0.049,0.5677
7.620,0.318,0.154,0.5406,1.494,-0.321,0.5562
7.640,0.221,0.154,0.5411,1.269,-0.486,0.5590
7.660,0.315,0.299,0.5414,0.796,-0.389,0.5598
7.680,0.925,0.207,0.5416,1.364,-0.328,0.5400
7.700,0.451,0.375,0.5421,1.222,-0.319,0.5314
7.720,-0.015,0.466,0.5430,0.822,-0.113,0.5434
7.740,-0.054,0.570,0.5442,0.828,0.107,0.5511
7.760,-0.165,0.423,0.5455,0.619,0.155,0.5558
7.780,-0.204,0.477,0.5466,0.360,0.286,0.5903
7.800,-0.091,0.395,0.5470,0.243,0.319,0.5651
7.820,0.226,0.340,0.5463,0.214,0.219,0.5546
7.840,0.612,0.117,0.5457,0.615,-0.098,0.5503
7.860,0.277,0.445,0.5457,0.649,-0.368,0.5439
7.880,-0.128,0.468,0.5463,0.576,-0.073,0.5580
7.900,0.034,0.597,0.5471,0.533,-0.023,0.5618
7.920,0.139,0.904,0.5478,0.438,0.258,0.5651
7.940,0.075,0.705,0.5484,0.027,0.165,0.5652
7.960,0.444,0.691,0.5488,-0.157,0.174,0.5662
7.980,0.942,0.843,0.5491,-0.020,0.264,0.5653
8.000,1.223,0.802,0.5493,0.359,0.277,0.5633
8.020,1.740,1.290,0.5494,0.281,0.656,0.5620
8.040,1.861,1.779,0.5496,0.437,1.293,0.5741
8.060,1.384,1.818,0.5496,-0.000,1.239,0.5650
8.080,1.251,2.097,0.5493,-0.333,1.514,0.5608
8.100,1.502,2.465,0.5490,-0.436,1.768,0.5681
8.120,1.658,2.186,0.5488,-0.330,1.631,0.5701
8.140,1.856,2.095,0.5486,-0.526,1.477,0.5418
8.160,2.341,2.304,0.5490,-0.329,1.663,0.5584
8.180,2.769,2.103,0.5498,-0.417,1.473,0.5641
8.200,3.006,1.668,0.5507,-0.332,1.210,0.5530
8.220,3.205,1.103,0.5517,-0.041,0.912,0.5504
8.240,2.944,0.741,0.5527,-0.043,0.575,0.5711
8.260,2.621,0.678,0.5534,0.149,0.253,0.5781
8.280,2.579,0.771,0.5535,0.136,0.090,0.5840
8.300,2.434,0.835,0.5531,0.488,0.102,0.5918
8.320,2.287,0.591,0.5521,0.161,-0.004,0.5616
8.340,2.710,-0.102,0.5507,0.581,-0.673,0.5447
8.360,3.089,-0.464,0.5498,1.178,-1.044,0.5684
8.380,2.968,-0.076,0.5491,1.431,-0.740,0.5731
8.400,3.163,0.486,0.5483,1.264,-0.296,0.5423
8.420,3.106,0.713,0.5476,1.322,-0.126,0.5717
8.440,2.595,0.664,0.5471,0.954,-0.247,0.5839
8.460,2.442,0.535,0.5458,0.671,-0.416,0.5730
8.480,1.979,0.533,0.5439,0.347,-0.145,0.5728
8.500,2.312,0.758,0.5418,0.161,-0.165,0.5596
8.520,2.327,0.788,0.5398,0.049,-0.219,0.5571
8.540,2.361,0.399,0.5380,0.406,-0.070,0.5539
8.560,2.393,0.374,0.5364,0.543,-0.329,0.5327
8.580,2.188,0.474,0.5354,0.506,-0.483,0.5516
8.600,1.777,0.102,0.5351,0.209,-0.446,0.5594
8.620,1.539,0.034,0.5346,-0.185,-0.483,0.5539
8.640,1.845,0.119,0.5338,-0.276,-0.572,0.5536
8.660,1.850,0.108,0.5329,-0.168,-0.692,0.5450
8.680,1.679,-0.184,0.5319,-0.226,-0.647,0.5462
8.700,2.361,-0.121,0.5310,0.155,-0.693,0.5456
8.720,2.724,0.215,0.5301,0.825,-0.577,0.5541
8.740,2.692,0.358,0.5290,0.767,-0.320,0.5567
8.760,2.580,0.511,0.5277,0.498,-0.278,0.5544
8.780,2.210,0.931,0.5263,0.345,-0.173,0.5894
8.800,2.068,0.871,0.5243,0.260,-0.058,0.6077
8.820,1.874,0.601,0.5210,0.243,-0.206,0.5402
8.840,1.758,0.657,0.5175,0.386,-0.051,0.5433
8.860,1.495,0.898,0.5148,0.626,-0.119,0.5396
8.880,1.455,1.034,0.5125,0.675,0.095,0.5399
8.900,1.241,1.362,0.5106,0.398,0.259,0.5389
8.920,1.249,0.876,0.5090,0.400,0.134,0.5159
8.940,0.824,0.379,0.5080,0.367,-0.554,0.5388
8.960,0.533,0.567,0.5077,0.364,-0.574,0.5480
8.980,0.645,0.630,0.5071,0.136,-0.373,0.5137
9.000,0.830,0.468,0.5067,0.394,-0.182,0.5020
9.020,0.959,0.091,0.5070,0.205,0.023,0.5333
9.040,1.120,-0.234,0.5075,0.383,-0.152,0.5193
9.060,0.923,-0.033,0.5082,0.251,-0.132,0.5147
9.080,0.873,0.040,0.5093,0.177,-0.183,0.5174
9.100,0.955,-0.388,0.5108,0.011,-0.251,0.5124
9.120,1.058,-0.284,0.5124,0.231,-0.248,0.5091
9.140,1.219,0.158,0.5144,0.104,0.225,0.5405
9.160,1.067,0.449,0.5161,0.013,0.379,0.5542
9.180,0.855,0.957,0.5172,-0.109,0.692,0.5232
9.200,1.103,1.367,0.5182,0.162,0.924,0.5362
9.220,1.347,0.807,0.5193,0.347,0.920,0.5411
9.240,1.568,0.820,0.5201,0.660,0.597,0.5281
9.260,1.409,0.498,0.5209,0.895,0.528,0.5247
9.280,1.277,0.344,0.5219,0.608,0.275,0.5254
9.300,1.024,0.579,0.5231,0.214,0.303,0.5165
9.320,1.057,0.392,0.5245,0.327,0.305,0.5116
9.340,0.694,0.111,0.5262,0.201,0.310,0.5444
9.360,0.890,0.288,0.5276,0.038,0.379,0.5515
9.380,0.943,0.304,0.5282,0.199,0.410,0.5593
9.400,0.616,0.401,0.5282,0.117,0.478,0.5487
9.420,0.650,0.567,0.5278,0.079,0.393,0.5465
9.440,1.290,0.845,0.5275,0.256,0.593,0.5364
9.460,1.442,0.755,0.5275,0.505,0.630,0.5483
9.480,1.536,0.470,0.5276,0.421,0.553,0.5535
9.500,1.419,0.243,0.5275,0.144,0.426,0.5592
9.520,0.920,0.145,0.5269,-0.315,0.214,0.5641
9.540,0.718,0.285,0.5258,-0.646,0.163,0.5356
9.560,0.879,0.332,0.5248,-0.876,0.296,0.5353
9.580,0.961,0.377,0.5241,-0.930,0.162,0.5317
9.600,1.000,0.352,0.5238,-0.956,-0.072,0.5205
9.620,1.318,0.427,0.5237,-0.817,0.120,0.5328
9.640,1.454,0.180,0.5240,-0.484,-0.197,0.5386
9.660,1.418,0.217,0.5240,-0.579,-0.319,0.5244
9.680,1.636,0.173,0.5240,-0.648,-0.381,0.5198
9.700,2.063,0.242,0.5240,-0.583,-0.334,0.5412
9.720,1.906,0.092,0.5238,-0.592,-0.422,0.5489
9.740,2.278,-0.004,0.5231,-0.302,-0.389,0.5553
9.760,2.369,-0.222,0.5217,-0.338,-0.338,0.5539
9.780,2.462,0.088,0.5199,-0.305,-0.207,0.5553
9.800,2.454,0.524,0.5179,-0.299,0.150,0.5620
9.820,2.248,0.591,0.5156,-0.224,0.049,0.5380
9.840,1.700,0.667,0.5131,-0.373,0.361,0.5264
9.860,1.288,0.265,0.5112,-0.930,0.174,0.5329
9.880,1.183,0.642,0.5097,-1.230,0.332,0.5189
9.900,1.375,0.954,0.5084,-0.888,0.469,0.5097
9.920,1.980,1.401,0.5075,-0.715,0.746,0.5461
9.940,1.924,1.489,0.5063,-0.291,0.705,0.5602
9.960,1.754,1.169,0.5043,-0.257,0.622,0.5242
9.980,2.215,0.909,0.5021,-0.032,0.176,0.5216
10.000,2.070,1.188,0.5002,-0.528,-0.041,0.5176
10.020,2.166,0.796,0.4986,-0.754,-0.231,0.5082
10.040,2.258,1.003,0.4973,-0.704,-0.365,0.5025
10.060,2.833,1.042,0.4962,-0.007,-0.441,0.5053
10.080,2.619,0.779,0.4955,-0.017,-0.351,0.5242
10.100,2.542,1.557,0.4949,-0.355,0.032,0.5333
10.120,2.690,1.569,0.4938,-0.308,0.481,0.5102
10.140,2.734,1.129,0.4927,-0.344,0.317,0.5141
10.160,3.119,1.160,0.4919,-0.279,0.237,0.5155
10.180,3.573,0.949,0.4914,0.078,0.174,0.5277
10.200,3.268,0.936,0.4907,-0.001,-0.025,0.5347
10.220,2.761,0.963,0.4896,-0.278,0.089,0.5151
10.240,3.281,1.067,0.4888,-0.224,0.062,0.5128
10.260,3.784,1.716,0.4884,-0.028,0.385,0.5105
10.280,3.795,1.398,0.4884,0.126,0.447,0.5381
10.300,3.954,1.208,0.4882,0.267,0.278,0.5503
10.320,4.143,1.390,0.4872,0.165,0.382,0.5364
10.340,3.845,1.047,0.4857,-0.023,0.459,0.5003
10.360,3.383,0.799,0.4845,-0.687,0.458,0.4817
10.380,3.193,0.948,0.4840,-0.949,0.364,0.4791
10.400,3.845,1.184,0.4844,-0.437,0.787,0.4917
10.420,4.437,0.950,0.4853,0.156,0.513,0.4975
10.440,4.007,0.522,0.4861,0.228,0.123,0.5023
10.460,3.577,0.439,0.4863,-0.096,-0.204,0.5073
10.480,3.578,0.202,0.4860,-0.109,-0.199,0.5028
10.500,3.726,0.447,0.4855,-0.222,0.013,0.4784
10.520,3.728,0.100,0.4851,-0.334,0.078,0.4651
10.540,3.440,-0.478,0.4853,-0.197,-0.128,0.5315
10.560,2.897,-0.495,0.4848,-0.421,-0.116,0.5556
10.580,3.355,-1.047,0.4828,0.144,-0.382,0.4615
10.600,4.203,-1.228,0.4807,0.894,-0.822,0.4837
10.620,5.004,-0.783,0.4789,1.431,-0.459,0.4857
10.640,5.027,-0.677,0.4774,1.583,-0.083,0.4968
10.660,4.981,-0.599,0.4758,1.251,-0.030,0.4859
10.680,4.843,-1.131,0.4740,0.963,-0.178,0.4811
10.700,4.872,-1.314,0.4726,0.867,-0.306,0.4738
10.720,5.095,-1.036,0.4717,0.690,-0.292,0.4684
10.740,5.211,-0.703,0.4716,0.676,0.019,0.4628
10.760,5.098,-0.914,0.4723,0.634,0.099,0.4890
10.780,4.949,-0.954,0.4733,0.577,0.098,0.5026
10.800,5.071,-1.210,0.4739,0.613,-0.019,0.4873
10.820,5.246,-1.221,0.4743,0.574,-0.242,0.4861
10.840,5.542,-1.233,0.4747,0.448,-0.209,0.5077
10.860,5.866,-1.678,0.4748,0.544,-0.456,0.4779
10.880,5.887,-1.830,0.4748,0.700,-0.438,0.4652
10.900,5.822,-1.809,0.4753,0.349,-0.292,0.4670
10.920,5.872,-1.614,0.4765,0.509,-0.201,0.5037
10.940,5.332,-1.524,0.4779,-0.330,0.036,0.5243
10.960,4.965,-1.329,0.4784,-0.528,0.033,0.4902
10.980,4.226,-0.656,0.4781,-1.089,0.558,0.4817
11.000,4.019,-0.425,0.4779,-1.239,0.691,0.4892
11.020,4.585,-0.066,0.4780,-0.900,0.789,0.4849
11.040,4.832,-0.296,0.4783,-0.479,0.881,0.4824
11.060,4.878,-0.697,0.4788,-0.114,0.548,0.4925
11.080,4.920,-1.129,0.4793,-0.011,0.259,0.4967
11.100,4.826,-1.094,0.4797,-0.238,0.210,0.5230
11.120,4.934,-1.083,0.4796,-0.354,0.227,0.5135
11.140,4.980,-1.163,0.4789,-0.287,0.044,0.5127
11.160,4.842,-1.044,0.4782,-0.209,-0.011,0.4956
11.180,4.488,-1.190,0.4778,-0.205,0.148,0.4888
11.200,4.338,-1.556,0.4783,-0.279,-0.284,0.4825
11.220,3.942,-1.440,0.4795,-0.549,-0.285,0.5120
11.240,3.803,-1.530,0.4810,-0.616,-0.360,0.5241
11.260,4.226,-1.449,0.4820,-0.337,-0.380,0.4990
11.280,4.499,-1.670,0.4828,-0.249,-0.438,0.5024
11.300,4.605,-1.749,0.4839,-0.031,-0.520,0.5033
11.320,4.199,-1.992,0.4851,-0.377,-0.717,0.4921
11.340,4.657,-2.173,0.4865,-0.336,-0.989,0.4881
11.360,5.171,-2.032,0.4884,-0.125,-1.071,0.4901
11.380,5.025,-1.908,0.4906,-0.336,-0.990,0.5215
11.400,4.557,-1.480,0.4925,-0.544,-0.814,0.5382
11.420,4.850,-1.597,0.4935,-0.626,-0.732,0.5251
11.440,5.003,-1.546,0.4938,-0.194,-0.595,0.5217
11.460,4.385,-1.738,0.4936,-0.505,-0.720,0.5199
11.480,4.300,-1.873,0.4934,-0.776,-0.642,0.4778
11.500,4.837,-1.539,0.4939,-0.596,-0.524,0.4578
11.520,5.175,-1.352,0.4954,-0.488,-0.008,0.5326
11.540,5.383,-1.729,0.4964,-0.300,-0.251,0.5156
11.560,5.561,-1.658,0.4964,-0.502,-0.246,0.5129
11.580,6.000,-1.376,0.4961,-0.164,0.089,0.5127
11.600,6.308,-1.729,0.4958,0.141,-0.244,0.5113
11.620,6.467,-1.590,0.4958,0.286,-0.443,0.5039
11.640,5.987,-1.660,0.4960,0.292,-0.227,0.5214
11.660,6.077,-2.080,0.4963,0.383,-0.435,0.5289
11.680,5.722,-1.879,0.4963,0.229,-0.378,0.5198
11.700,5.595,-1.854,0.4961,0.067,-0.184,0.5075
11.720,5.460,-1.849,0.4960,-0.271,-0.059,0.4995
11.740,5.475,-2.018,0.4963,-0.504,-0.292,0.5163
11.760,5.313,-1.883,0.4968,-0.165,-0.332,0.5214
11.780,4.773,-1.753,0.4971,-0.379,-0.210,0.5420
11.800,4.748,-1.979,0.4968,-0.648,-0.182,0.5298
11.820,5.152,-1.779,0.4957,-0.265,-0.129,0.5260
11.840,5.079,-1.888,0.4947,-0.254,-0.014,0.5190
11.860,4.963,-1.655,0.4940,0.020,-0.035,0.5136
11.880,4.546,-0.964,0.4934,-0.143,0.270,0.5365
11.900,4.559,-1.347,0.4927,-0.062,0.073,0.5373
11.920,4.486,-1.134,0.4914,-0.013,-0.230,0.5401
11.940,4.360,-1.101,0.4899,-0.089,-0.339,0.5222
11.960,3.901,-1.047,0.4884,-0.172,-0.142,0.5270
11.980,3.889,-1.096,0.4871,-0.156,-0.110,0.5286
