group,axis,value,label,omega_flip_dps,T_idle_N,phi_a_deg,phi_b_deg,brake_method,handoff_mode,policy,v_supply_V,I_roll,t_boost_s,omega_att_max_dps,c_damp,thrust_limit_mode,tau_c_limit_mode,spin_cmd_mode,alpha_cmd_radss,trigger_deg_used,insufficient_brake_margin,tau_max_effective_Nm,total_time_s,max_omega_dps,max_phi_deg,altitude_drop_m,done_altitude_m,attitude_residual_deg,motor_sat_fraction,tracking_err_max_dps,failed
baseline,baseline,baseline,baseline,1500.0,0.06,60.0,300.0,rate,auto,B,3.7,Ixx,0.1,600.0,0.0,firmware,firmware,step,300.0,305.0,True,0.0052,0.5525,1661.8,367.2,0.0449,-0.0449,1.23,0.738,1500.0,False
OFAT,omega_flip_dps,1000.0,omega_flip_dps=1000.0,1000.0,0.06,60.0,300.0,rate,auto,B,3.7,Ixx,0.1,600.0,0.0,firmware,firmware,step,300.0,318.38,False,0.0052,0.7275,1158.1,360.8,0.294,-0.294,-1.06,0.67,1000.0,False
OFAT,omega_flip_dps,1200.0,omega_flip_dps=1200.0,1200.0,0.06,60.0,300.0,rate,auto,B,3.7,Ixx,0.1,600.0,0.0,firmware,firmware,step,300.0,305.0,True,0.0052,0.64,1368.1,360.8,0.1604,-0.1604,-1.1,0.699,1200.2,False
OFAT,omega_flip_dps,1800.0,omega_flip_dps=1800.0,1800.0,0.06,60.0,300.0,rate,auto,B,3.7,Ixx,0.1,600.0,0.0,firmware,firmware,step,300.0,305.0,True,0.0052,0.53,1926.3,387.7,0.005,-0.005,2.43,0.755,1807.7,False
OFAT,T_idle,0.0,T_idle=0.0,1500.0,0.0,60.0,300.0,rate,auto,B,3.7,Ixx,0.1,600.0,0.0,firmware,firmware,step,300.0,305.0,True,0.0052,0.5525,1665.1,369.0,0.0299,-0.0299,1.31,1.0,1501.6,False
OFAT,T_idle,0.12,T_idle=0.12,1500.0,0.12,60.0,300.0,rate,auto,B,3.7,Ixx,0.1,600.0,0.0,firmware,firmware,step,300.0,305.0,True,0.0052,0.5575,1666.2,364.4,0.0687,-0.0687,0.94,0.717,1500.0,False
OFAT,T_idle,0.2,T_idle=0.2,1500.0,0.2,60.0,300.0,rate,auto,B,3.7,Ixx,0.1,600.0,0.0,firmware,firmware,step,300.0,305.0,True,0.0052,0.57,1668.7,363.7,0.1051,-0.1051,0.57,0.724,1500.0,False
OFAT,phi_a_deg,40.0,phi_a_deg=40.0,1500.0,0.06,40.0,300.0,rate,auto,B,3.7,Ixx,0.1,600.0,0.0,firmware,firmware,step,300.0,305.0,True,0.0052,0.56,1616.8,367.0,0.064,-0.064,1.01,0.696,1500.0,False
OFAT,phi_a_deg,80.0,phi_a_deg=80.0,1500.0,0.06,80.0,300.0,rate,auto,B,3.7,Ixx,0.1,600.0,0.0,firmware,firmware,step,300.0,305.0,True,0.0052,0.5525,1677.0,365.7,0.046,-0.046,1.13,0.751,1500.0,False
OFAT,phi_b_deg,260.0,phi_b_deg=260.0,1500.0,0.06,60.0,260.0,rate,auto,B,3.7,Ixx,0.1,600.0,0.0,firmware,firmware,step,300.0,278.35,False,0.0052,0.53,1661.8,360.6,0.0155,-0.0155,-0.81,0.774,1500.0,False
OFAT,phi_b_deg,340.0,phi_b_deg=340.0,1500.0,0.06,60.0,340.0,rate,auto,B,3.7,Ixx,0.1,600.0,0.0,firmware,firmware,step,300.0,345.0,True,0.0052,0.66,1661.8,405.9,0.185,-0.185,-0.79,0.739,1586.1,False
OFAT,brake_method,angle_auto,brake_method=angle_auto,1500.0,0.06,60.0,300.0,angle,auto,B,3.7,Ixx,0.1,600.0,0.0,firmware,firmware,step,300.0,305.0,True,0.0052,0.5525,1661.8,367.2,0.0449,-0.0449,1.23,0.738,1500.0,False
OFAT,brake_method,angle_270,brake_method=angle_270,1500.0,0.06,60.0,300.0,angle,270,B,3.7,Ixx,0.1,600.0,0.0,firmware,firmware,step,300.0,305.0,True,0.0052,0.5525,1661.8,367.2,0.0449,-0.0449,1.23,0.738,1500.0,False
OFAT,brake_method,angle_300,brake_method=angle_300,1500.0,0.06,60.0,300.0,angle,300,B,3.7,Ixx,0.1,600.0,0.0,firmware,firmware,step,300.0,305.0,True,0.0052,0.5525,1661.8,367.2,0.0449,-0.0449,1.23,0.738,1500.0,False
OFAT,brake_method,angle_330,brake_method=angle_330,1500.0,0.06,60.0,300.0,angle,330,B,3.7,Ixx,0.1,600.0,0.0,firmware,firmware,step,300.0,330.0,False,0.0052,0.5825,1661.8,386.1,0.0617,-0.0617,1.19,0.751,1500.0,False
OFAT,policy,A,policy=A,1500.0,0.06,60.0,300.0,rate,auto,A,3.7,Ixx,0.1,600.0,0.0,firmware,firmware,step,300.0,305.0,True,0.0052,,0.0,0.0,-0.0,,,1.0,1500.0,True
OFAT,v_supply,3.5,v_supply=3.5,1500.0,0.06,60.0,300.0,rate,auto,B,3.5,Ixx,0.1,600.0,0.0,firmware,firmware,step,300.0,305.0,True,0.0052,0.635,1603.4,373.7,0.1762,-0.1762,3.85,0.752,1500.0,False
OFAT,I_roll,Iyy,I_roll=Iyy,1500.0,0.06,60.0,300.0,rate,auto,B,3.7,Iyy,0.1,600.0,0.0,firmware,firmware,step,300.0,305.0,True,0.0052,0.6125,1561.5,385.4,0.071,-0.071,1.84,0.743,1501.8,False
OFAT,t_boost,0.05,t_boost=0.05,1500.0,0.06,60.0,300.0,rate,auto,B,3.7,Ixx,0.05,600.0,0.0,firmware,firmware,step,300.0,305.0,True,0.0052,0.5525,1661.6,367.1,0.253,-0.253,-0.47,0.738,1500.0,False
OFAT,t_boost,0.15,t_boost=0.15,1500.0,0.06,60.0,300.0,rate,auto,B,3.7,Ixx,0.15,600.0,0.0,firmware,firmware,step,300.0,305.0,True,0.0052,0.5475,1661.8,367.2,-0.0,0.1628,-1.04,0.735,1500.0,False
OFAT,t_boost,0.2,t_boost=0.2,1500.0,0.06,60.0,300.0,rate,auto,B,3.7,Ixx,0.2,600.0,0.0,firmware,firmware,step,300.0,305.0,True,0.0052,0.5325,1661.8,367.2,-0.0,0.3674,1.83,0.728,1500.0,False
OFAT,omega_att_max_dps,400.0,omega_att_max_dps=400.0,1500.0,0.06,60.0,300.0,rate,auto,B,3.7,Ixx,0.1,400.0,0.0,firmware,firmware,step,300.0,305.0,True,0.0052,0.5475,1661.8,367.2,0.0412,-0.0412,0.97,0.735,1500.0,False
OFAT,omega_att_max_dps,800.0,omega_att_max_dps=800.0,1500.0,0.06,60.0,300.0,rate,auto,B,3.7,Ixx,0.1,800.0,0.0,firmware,firmware,step,300.0,305.0,True,0.0052,0.5625,1661.8,367.1,0.0496,-0.0496,0.14,0.742,1500.0,False
OFAT,c_damp,small,c_damp=small,1500.0,0.06,60.0,300.0,rate,auto,B,3.7,Ixx,0.1,600.0,5e-07,firmware,firmware,step,300.0,305.0,True,0.0052,0.5525,1659.8,366.8,0.0444,-0.0444,1.21,0.738,1500.0,False
OFAT,thrust_limit_mode,physical,thrust_limit_mode=physical,1500.0,0.06,60.0,300.0,rate,auto,B,3.7,Ixx,0.1,600.0,0.0,physical,firmware,step,300.0,305.0,True,0.0052,0.56,1529.3,383.7,-0.0,0.0108,-6.68,0.714,1501.1,False
OFAT,tau_c_limit_mode,unlimited,tau_c_limit_mode=unlimited,1500.0,0.06,60.0,300.0,rate,auto,B,3.7,Ixx,0.1,600.0,0.0,firmware,unlimited,step,300.0,305.0,True,0.007485,0.5775,1816.5,361.6,0.1429,-0.1429,-1.14,0.766,1500.0,False
OFAT,spin_cmd_mode,ramp_a150,spin_cmd_mode=ramp_a150,1500.0,0.06,60.0,300.0,rate,auto,B,3.7,Ixx,0.1,600.0,0.0,firmware,firmware,ramp,150.0,305.0,True,0.0052,0.6025,1551.7,397.1,-0.0,0.1872,1.04,0.739,1404.1,False
OFAT,spin_cmd_mode,ramp_a300,spin_cmd_mode=ramp_a300,1500.0,0.06,60.0,300.0,rate,auto,B,3.7,Ixx,0.1,600.0,0.0,firmware,firmware,ramp,300.0,305.0,True,0.0052,0.5825,1560.7,387.0,-0.0,0.0433,2.52,0.725,1190.1,False
OFAT,spin_cmd_mode,ramp_a450,spin_cmd_mode=ramp_a450,1500.0,0.06,60.0,300.0,rate,auto,B,3.7,Ixx,0.1,600.0,0.0,firmware,firmware,ramp,450.0,305.0,True,0.0052,0.57,1658.2,379.3,0.011,-0.0109,1.84,0.746,1048.5,False
risk_grid,risk_tlmfirmware_tclfirmware_polA_bmrate,risk_tlmfirmware_tclfirmware_polA_bmrate,risk_tlmfirmware_tclfirmware_polA_bmrate,1800.0,0.12,60.0,300.0,rate,auto,A,3.5,Ixx,0.1,600.0,0.0,firmware,firmware,step,300.0,305.0,True,0.0052,,0.0,0.0,-0.0,,,1.0,1800.0,True
risk_grid,risk_tlmfirmware_tclfirmware_polA_bmangle,risk_tlmfirmware_tclfirmware_polA_bmangle,risk_tlmfirmware_tclfirmware_polA_bmangle,1800.0,0.12,60.0,300.0,angle,auto,A,3.5,Ixx,0.1,600.0,0.0,firmware,firmware,step,300.0,305.0,True,0.0052,,0.0,0.0,-0.0,,,1.0,1800.0,True
risk_grid,risk_tlmfirmware_tclfirmware_polB_bmrate,risk_tlmfirmware_tclfirmware_polB_bmrate,risk_tlmfirmware_tclfirmware_polB_bmrate,1800.0,0.12,60.0,300.0,rate,auto,B,3.5,Ixx,0.1,600.0,0.0,firmware,firmware,step,300.0,305.0,True,0.0052,0.625,1897.0,395.4,0.1577,-0.1577,3.52,0.788,1805.5,False
risk_grid,risk_tlmfirmware_tclfirmware_polB_bmangle,risk_tlmfirmware_tclfirmware_polB_bmangle,risk_tlmfirmware_tclfirmware_polB_bmangle,1800.0,0.12,60.0,300.0,angle,auto,B,3.5,Ixx,0.1,600.0,0.0,firmware,firmware,step,300.0,305.0,True,0.0052,0.625,1897.0,395.4,0.1577,-0.1577,3.52,0.788,1800.0,False
risk_grid,risk_tlmfirmware_tclunlimited_polA_bmrate,risk_tlmfirmware_tclunlimited_polA_bmrate,risk_tlmfirmware_tclunlimited_polA_bmrate,1800.0,0.12,60.0,300.0,rate,auto,A,3.5,Ixx,0.1,600.0,0.0,firmware,unlimited,step,300.0,305.0,True,0.006852,,0.0,0.0,-0.0,,,1.0,1800.0,True
risk_grid,risk_tlmfirmware_tclunlimited_polA_bmangle,risk_tlmfirmware_tclunlimited_polA_bmangle,risk_tlmfirmware_tclunlimited_polA_bmangle,1800.0,0.12,60.0,300.0,angle,auto,A,3.5,Ixx,0.1,600.0,0.0,firmware,unlimited,step,300.0,305.0,True,0.006852,,0.0,0.0,-0.0,,,1.0,1800.0,True
risk_grid,risk_tlmfirmware_tclunlimited_polB_bmrate,risk_tlmfirmware_tclunlimited_polB_bmrate,risk_tlmfirmware_tclunlimited_polB_bmrate,1800.0,0.12,60.0,300.0,rate,auto,B,3.5,Ixx,0.1,600.0,0.0,firmware,unlimited,step,300.0,305.0,True,0.006852,0.6125,2077.8,369.4,0.2288,-0.2288,-0.32,0.8,1812.4,False
risk_grid,risk_tlmfirmware_tclunlimited_polB_bmangle,risk_tlmfirmware_tclunlimited_polB_bmangle,risk_tlmfirmware_tclunlimited_polB_bmangle,1800.0,0.12,60.0,300.0,angle,auto,B,3.5,Ixx,0.1,600.0,0.0,firmware,unlimited,step,300.0,305.0,True,0.006852,0.6125,2077.8,369.4,0.2288,-0.2288,-0.32,0.8,1800.0,False
risk_grid,risk_tlmphysical_tclfirmware_polA_bmrate,risk_tlmphysical_tclfirmware_polA_bmrate,risk_tlmphysical_tclfirmware_polA_bmrate,1800.0,0.12,60.0,300.0,rate,auto,A,3.5,Ixx,0.1,600.0,0.0,physical,firmware,step,300.0,305.0,True,0.0052,,0.0,0.0,-0.0,,,1.0,1800.0,True
risk_grid,risk_tlmphysical_tclfirmware_polA_bmangle,risk_tlmphysical_tclfirmware_polA_bmangle,risk_tlmphysical_tclfirmware_polA_bmangle,1800.0,0.12,60.0,300.0,angle,auto,A,3.5,Ixx,0.1,600.0,0.0,physical,firmware,step,300.0,305.0,True,0.0052,,0.0,0.0,-0.0,,,1.0,1800.0,True
risk_grid,risk_tlmphysical_tclfirmware_polB_bmrate,risk_tlmphysical_tclfirmware_polB_bmrate,risk_tlmphysical_tclfirmware_polB_bmrate,1800.0,0.12,60.0,300.0,rate,auto,B,3.5,Ixx,0.1,600.0,0.0,physical,firmware,step,300.0,305.0,True,0.0052,0.7275,1901.2,427.5,0.1995,-0.1995,-6.94,0.825,1800.0,False
risk_grid,risk_tlmphysical_tclfirmware_polB_bmangle,risk_tlmphysical_tclfirmware_polB_bmangle,risk_tlmphysical_tclfirmware_polB_bmangle,1800.0,0.12,60.0,300.0,angle,auto,B,3.5,Ixx,0.1,600.0,0.0,physical,firmware,step,300.0,305.0,True,0.0052,0.7275,1901.2,427.5,0.1995,-0.1995,-6.94,0.825,1800.0,False
risk_grid,risk_tlmphysical_tclunlimited_polA_bmrate,risk_tlmphysical_tclunlimited_polA_bmrate,risk_tlmphysical_tclunlimited_polA_bmrate,1800.0,0.12,60.0,300.0,rate,auto,A,3.5,Ixx,0.1,600.0,0.0,physical,unlimited,step,300.0,305.0,True,0.006852,,0.0,0.0,-0.0,,,1.0,1800.0,True
risk_grid,risk_tlmphysical_tclunlimited_polA_bmangle,risk_tlmphysical_tclunlimited_polA_bmangle,risk_tlmphysical_tclunlimited_polA_bmangle,1800.0,0.12,60.0,300.0,angle,auto,A,3.5,Ixx,0.1,600.0,0.0,physical,unlimited,step,300.0,305.0,True,0.006852,,0.0,0.0,-0.0,,,1.0,1800.0,True
risk_grid,risk_tlmphysical_tclunlimited_polB_bmrate,risk_tlmphysical_tclunlimited_polB_bmrate,risk_tlmphysical_tclunlimited_polB_bmrate,1800.0,0.12,60.0,300.0,rate,auto,B,3.5,Ixx,0.1,600.0,0.0,physical,unlimited,step,300.0,305.0,True,0.006852,0.5875,1987.8,370.9,0.196,-0.196,3.97,0.779,1808.7,False
risk_grid,risk_tlmphysical_tclunlimited_polB_bmangle,risk_tlmphysical_tclunlimited_polB_bmangle,risk_tlmphysical_tclunlimited_polB_bmangle,1800.0,0.12,60.0,300.0,angle,auto,B,3.5,Ixx,0.1,600.0,0.0,physical,unlimited,step,300.0,305.0,True,0.006852,0.5875,1987.8,370.9,0.196,-0.196,3.97,0.779,1800.0,False
pitch_axis_check,pitchcheck_wf1000_Ixx,pitchcheck_wf1000_Ixx,pitchcheck_wf1000_Ixx,1000.0,0.06,60.0,300.0,rate,auto,B,3.7,Ixx,0.1,600.0,0.0,firmware,firmware,step,300.0,318.38,False,0.0052,0.7275,1158.1,360.8,0.294,-0.294,-1.06,0.67,1000.0,False
pitch_axis_check,pitchcheck_wf1000_Iyy,pitchcheck_wf1000_Iyy,pitchcheck_wf1000_Iyy,1000.0,0.06,60.0,300.0,rate,auto,B,3.7,Iyy,0.1,600.0,0.0,firmware,firmware,step,300.0,306.8,False,0.0052,0.7375,1088.5,361.6,0.2803,-0.2803,-0.4,0.675,1000.0,False
pitch_axis_check,pitchcheck_wf1200_Ixx,pitchcheck_wf1200_Ixx,pitchcheck_wf1200_Ixx,1200.0,0.06,60.0,300.0,rate,auto,B,3.7,Ixx,0.1,600.0,0.0,firmware,firmware,step,300.0,305.0,True,0.0052,0.64,1368.1,360.8,0.1604,-0.1604,-1.1,0.699,1200.2,False
pitch_axis_check,pitchcheck_wf1200_Iyy,pitchcheck_wf1200_Iyy,pitchcheck_wf1200_Iyy,1200.0,0.06,60.0,300.0,rate,auto,B,3.7,Iyy,0.1,600.0,0.0,firmware,firmware,step,300.0,305.0,True,0.0052,0.6425,1286.1,361.2,0.1362,-0.1362,0.5,0.693,1200.0,False
pitch_axis_check,pitchcheck_wf1500_Ixx,pitchcheck_wf1500_Ixx,pitchcheck_wf1500_Ixx,1500.0,0.06,60.0,300.0,rate,auto,B,3.7,Ixx,0.1,600.0,0.0,firmware,firmware,step,300.0,305.0,True,0.0052,0.5525,1661.8,367.2,0.0449,-0.0449,1.23,0.738,1500.0,False
pitch_axis_check,pitchcheck_wf1500_Iyy,pitchcheck_wf1500_Iyy,pitchcheck_wf1500_Iyy,1500.0,0.06,60.0,300.0,rate,auto,B,3.7,Iyy,0.1,600.0,0.0,firmware,firmware,step,300.0,305.0,True,0.0052,0.6125,1561.5,385.4,0.071,-0.071,1.84,0.743,1501.8,False
pitch_axis_check,pitchcheck_wf1800_Ixx,pitchcheck_wf1800_Ixx,pitchcheck_wf1800_Ixx,1800.0,0.06,60.0,300.0,rate,auto,B,3.7,Ixx,0.1,600.0,0.0,firmware,firmware,step,300.0,305.0,True,0.0052,0.53,1926.3,387.7,0.005,-0.005,2.43,0.755,1807.7,False
pitch_axis_check,pitchcheck_wf1800_Iyy,pitchcheck_wf1800_Iyy,pitchcheck_wf1800_Iyy,1800.0,0.06,60.0,300.0,rate,auto,B,3.7,Iyy,0.1,600.0,0.0,firmware,firmware,step,300.0,305.0,True,0.0052,0.62,1873.4,414.3,0.0589,-0.0588,1.12,0.794,1800.0,False
