group,axis,value,label,omega_flip_dps,T_lo_N,T_spin_hi_N,phi_a_deg,policy,v_supply_V,I_roll,t_boost_s,omega_att_max_dps,c_damp,thrust_limit_mode,tau_c_limit_mode,spin_cmd_mode,alpha_cmd_radss,tau_max_effective_Nm,brake_trigger_deg_actual,phi_b_at_trigger_deg,total_time_s,max_omega_dps,max_phi_deg,altitude_drop_m,done_altitude_m,attitude_residual_deg,motor_sat_fraction,tracking_err_max_dps,max_accel_g,time_above_3g_s,failed
baseline,baseline,baseline,baseline,1500.0,0.06,0.36,60.0,C,3.7,Ixx,0.1,600.0,0.0,firmware,firmware,step,300.0,0.0052,280.99,260.99,0.6275,1671.8,360.5,0.1793,-0.1792,-2.67,0.446,1501.5,1.792,0.0,False
omega_flip_x_inertia,omega_flip_x_inertia,wf1000_Ixx,wf1000_Ixx,1000.0,0.06,0.36,60.0,C,3.7,Ixx,0.1,600.0,0.0,firmware,firmware,step,300.0,0.0052,320.58,300.58,0.79,1162.5,364.0,0.5159,-0.5159,-0.16,0.513,1000.0,1.793,0.0,False
omega_flip_x_inertia,omega_flip_x_inertia,wf1000_Iyy,wf1000_Iyy,1000.0,0.06,0.36,60.0,C,3.7,Iyy,0.1,600.0,0.0,firmware,firmware,step,300.0,0.0052,308.6,288.6,0.79,1096.7,364.9,0.4831,-0.4831,2.03,0.5,1000.0,1.793,0.0,False
omega_flip_x_inertia,omega_flip_x_inertia,wf1200_Ixx,wf1200_Ixx,1200.0,0.06,0.36,60.0,C,3.7,Ixx,0.1,600.0,0.0,firmware,firmware,step,300.0,0.0052,304.09,284.09,0.675,1373.0,364.7,0.2794,-0.2793,1.5,0.522,1200.3,1.793,0.0,False
omega_flip_x_inertia,omega_flip_x_inertia,wf1200_Iyy,wf1200_Iyy,1200.0,0.06,0.36,60.0,C,3.7,Iyy,0.1,600.0,0.0,firmware,firmware,step,300.0,0.0052,288.7,268.7,0.6875,1298.7,366.3,0.2677,-0.2677,2.64,0.487,1200.3,1.792,0.0,False
omega_flip_x_inertia,omega_flip_x_inertia,wf1500_Ixx,wf1500_Ixx,1500.0,0.06,0.36,60.0,C,3.7,Ixx,0.1,600.0,0.0,firmware,firmware,step,300.0,0.0052,280.99,260.99,0.6275,1671.8,360.5,0.1793,-0.1792,-2.67,0.446,1501.5,1.792,0.0,False
omega_flip_x_inertia,omega_flip_x_inertia,wf1500_Iyy,wf1500_Iyy,1500.0,0.06,0.36,60.0,C,3.7,Iyy,0.1,600.0,0.0,firmware,firmware,step,300.0,0.0052,255.6,235.6,0.66,1580.6,362.9,0.2,-0.2,-2.93,0.413,1500.0,1.792,0.0,False
omega_flip_x_inertia,omega_flip_x_inertia,wf1800_Ixx,wf1800_Ixx,1800.0,0.06,0.36,60.0,C,3.7,Ixx,0.1,600.0,0.0,firmware,firmware,step,300.0,0.0052,250.28,230.28,0.5675,1945.8,360.5,0.0886,-0.0886,-3.24,0.432,1803.2,1.792,0.0,False
omega_flip_x_inertia,omega_flip_x_inertia,wf1800_Iyy,wf1800_Iyy,1800.0,0.06,0.36,60.0,C,3.7,Iyy,0.1,600.0,0.0,firmware,firmware,step,300.0,0.0052,213.7,193.7,0.6525,1882.5,362.9,0.1977,-0.1977,-3.6,0.429,1800.0,1.792,0.0,False
alpha_cmd,alpha_cmd,150.0,alpha_cmd=150.0,1500.0,0.06,0.36,60.0,C,3.7,Ixx,0.1,600.0,0.0,firmware,firmware,ramp,150.0,0.0052,200.17,180.17,0.71,1556.3,363.3,0.224,-0.224,1.91,0.437,176.0,1.793,0.0,False
alpha_cmd,alpha_cmd,300.0,alpha_cmd=300.0,1500.0,0.06,0.36,60.0,C,3.7,Ixx,0.1,600.0,0.0,firmware,firmware,ramp,300.0,0.0052,270.72,250.72,0.585,1577.7,359.1,0.085,-0.085,-0.87,0.444,377.2,1.793,0.0,False
alpha_cmd,alpha_cmd,450.0,alpha_cmd=450.0,1500.0,0.06,0.36,60.0,C,3.7,Ixx,0.1,600.0,0.0,firmware,firmware,ramp,450.0,0.0052,295.52,275.52,0.5825,1667.2,365.0,0.1027,-0.1027,1.7,0.498,724.4,1.792,0.0,False
T_spin_hi,T_spin_hi,0.25,T_spin_hi=0.25,1500.0,0.06,0.25,60.0,C,3.7,Ixx,0.1,600.0,0.0,firmware,firmware,step,300.0,0.0052,281.01,261.01,0.6425,1695.0,367.5,0.2681,-0.2681,-3.4,0.556,1505.5,1.792,0.0,False
T_spin_hi,T_spin_hi,0.5,T_spin_hi=0.5,1500.0,0.06,0.5,60.0,C,3.7,Ixx,0.1,600.0,0.0,firmware,firmware,step,300.0,0.0052,279.17,259.17,0.5175,1630.8,361.2,-0.0,0.0047,1.24,0.662,1501.2,1.792,0.0,False
T_lo,T_lo,0.0,T_lo=0.0,1500.0,0.0,0.36,60.0,C,3.7,Ixx,0.1,600.0,0.0,firmware,firmware,step,300.0,0.0052,278.99,258.99,0.5525,1675.9,365.1,0.0713,-0.0713,5.07,0.729,1510.0,1.792,0.0,False
T_lo,T_lo,0.12,T_lo=0.12,1500.0,0.12,0.36,60.0,C,3.7,Ixx,0.1,600.0,0.0,firmware,firmware,step,300.0,0.0052,278.16,258.16,0.64,1676.6,360.4,0.2212,-0.2212,-2.23,0.438,1504.4,1.793,0.0,False
t_boost,t_boost,0.05,t_boost=0.05,1500.0,0.06,0.36,60.0,C,3.7,Ixx,0.05,600.0,0.0,firmware,firmware,step,300.0,0.0052,280.91,260.91,0.6275,1671.8,360.5,0.4163,-0.4163,-2.04,0.446,1501.6,1.793,0.0,False
t_boost,t_boost,0.15,t_boost=0.15,1500.0,0.06,0.36,60.0,C,3.7,Ixx,0.15,600.0,0.0,firmware,firmware,step,300.0,0.0052,281.0,261.0,0.6275,1671.8,360.5,-0.0,0.0579,-2.72,0.446,1501.5,1.793,0.0,False
t_boost,t_boost,0.2,t_boost=0.2,1500.0,0.06,0.36,60.0,C,3.7,Ixx,0.2,600.0,0.0,firmware,firmware,step,300.0,0.0052,281.0,261.0,0.625,1671.8,360.5,-0.0,0.2947,-0.77,0.444,1501.5,1.793,0.0,False
v_supply,v_supply,3.5,v_supply=3.5,1500.0,0.06,0.36,60.0,C,3.5,Ixx,0.1,600.0,0.0,firmware,firmware,step,300.0,0.0052,280.56,260.56,0.6825,1671.7,360.9,0.285,-0.285,-3.21,0.491,1501.7,1.642,0.0,False
policy,policy,A,policy=A,1500.0,0.06,0.36,60.0,A,3.7,Ixx,0.1,600.0,0.0,firmware,firmware,step,300.0,0.0052,281.19,261.19,,1672.7,771.4,6.0184,,,0.807,1502.3,1.794,0.0,True
policy,policy,B,policy=B,1500.0,0.06,0.36,60.0,B,3.7,Ixx,0.1,600.0,0.0,firmware,firmware,step,300.0,0.0052,280.99,260.99,0.635,1671.8,360.2,0.1852,-0.1852,-0.16,0.453,1501.5,1.792,0.0,False
