t,px,py,pz,qw,qx,qy,qz,alt,tilt,yawrate,yawcmd,alt_est,tilt_est,m0,m1,m2,m3
0.0000,0.00000,0.00000,0.01300,1.000000,0.000000,0.000000,0.000000,0.0130,0.000,-0.0000,0.0000,-0.0000,90.000,0.0000,0.0000,0.0000,0.0000
0.0200,0.00000,0.00000,0.01104,1.000000,0.000000,0.000000,0.000000,0.0115,0.000,-0.0000,0.0000,-0.0017,0.000,0.0000,0.0000,0.0000,0.0000
0.0400,-0.00000,0.00000,0.00879,1.000000,0.000000,0.000000,0.000000,0.0088,0.000,-0.0000,0.0000,-0.0009,0.000,0.0000,0.0000,0.0041,0.0041
0.0600,-0.00000,0.00000,0.00908,1.000000,-0.000000,-0.000000,0.000000,0.0090,0.000,-0.0000,0.0000,0.0015,0.000,0.0000,0.0000,0.0041,0.0041
0.0800,-0.00000,0.00000,0.00959,1.000000,0.000000,-0.000000,0.000000,0.0095,0.000,-0.0000,0.0000,0.0035,0.000,0.0041,0.0041,0.0000,0.0000
0.1000,-0.00000,0.00000,0.00991,1.000000,0.000000,-0.000000,0.000000,0.0099,0.000,-0.0000,0.0000,0.0049,0.000,0.0041,0.0041,0.0000,0.0000
0.1200,-0.00000,0.00000,0.01007,1.000000,0.000000,-0.000000,0.000000,0.0101,0.000,-0.0000,0.0000,0.0059,0.000,0.0041,0.0000,0.0041,0.0000
0.1400,-0.00000,0.00000,0.01014,1.000000,0.000000,-0.000000,0.000000,0.0101,0.000,-0.0000,0.0000,0.0065,0.000,0.0000,0.0000,0.0041,0.0000
0.1600,-0.00000,0.00000,0.01017,1.000000,0.000000,-0.000000,0.000000,0.0102,0.000,0.0000,0.0000,0.0069,0.000,0.0000,0.0000,0.0041,0.0041
0.1800,-0.00000,0.00000,0.01018,1.000000,0.000000,-0.000000,0.000000,0.0102,0.000,0.0000,0.0000,0.0072,0.000,0.0041,0.0041,0.0041,0.0000
0.2000,-0.00000,0.00000,0.01019,1.000000,0.000000,-0.000000,0.000000,0.0102,0.000,0.0000,0.0000,0.0074,0.000,0.0000,0.0000,0.0041,0.0041
0.2200,-0.00000,0.00000,0.01019,1.000000,0.000000,-0.000000,0.000000,0.0102,0.000,0.0000,0.0000,0.0075,0.000,0.0000,0.0000,0.0000,0.0041
0.2400,-0.00000,0.00000,0.01019,1.000000,0.000000,-0.000000,0.000000,0.0102,0.000,0.0000,0.0000,0.0076,0.000,0.0041,0.0000,0.0041,0.0041
0.2600,-0.00000,0.00000,0.01019,1.000000,0.000000,-0.000000,0.000000,0.0102,0.000,-0.0000,0.0000,0.0077,0.000,0.0041,0.0000,0.0041,0.0000
0.2800,-0.00000,0.00000,0.01019,1.000000,0.000000,-0.000000,0.000000,0.0102,0.000,-0.0000,0.0000,0.0078,0.000,0.0041,0.0000,0.0041,0.0000
0.3000,-0.00000,0.00000,0.01019,1.000000,0.000000,-0.000000,0.000000,0.0102,0.000,-0.0000,0.0000,0.0078,0.000,0.0000,0.0000,0.0041,0.0000
0.3200,-0.00000,0.00000,0.01019,1.000000,0.000000,-0.000000,0.000000,0.0102,0.000,-0.0000,0.0000,0.0078,0.000,0.0041,0.0000,0.0041,0.0000
0.3400,-0.00000,0.00000,0.01019,1.000000,0.000000,-0.000000,0.000000,0.0102,0.000,-0.0000,0.0000,0.0079,0.000,0.0000,0.0041,0.0000,0.0041
0.3600,-0.00000,0.00000,0.01019,1.000000,0.000000,-0.000000,0.000000,0.0102,0.000,0.0000,0.0000,0.0079,0.000,0.0000,0.0000,0.0041,0.0041
0.3800,-0.00000,0.00000,0.01019,1.000000,0.000000,-0.000000,0.000000,0.0102,0.000,-0.0000,0.0000,0.0079,0.000,0.0041,0.0000,0.0041,0.0041
0.4000,-0.00000,0.00000,0.01019,1.000000,0.000000,-0.000000,0.000000,0.0102,0.000,-0.0000,0.0000,0.0079,0.000,0.0000,0.0041,0.0041,0.0041
0.4200,0.00000,-0.00000,0.01020,1.000000,0.000000,0.000000,0.000000,0.0102,0.000,-0.0000,0.0000,0.0079,0.000,0.7858,0.7858,0.7858,0.7858
0.4400,0.00000,-0.00000,0.01023,1.000000,0.000002,0.000000,0.000000,0.0102,0.000,-0.0001,0.0000,0.0080,0.000,0.7864,0.7864,0.7864,0.7864
0.4600,0.00000,-0.00000,0.01063,1.000000,0.000025,0.000001,0.000003,0.0105,0.000,-0.0003,0.0000,0.0083,0.000,0.7782,0.7782,0.7781,0.7781
0.4800,0.00000,-0.00000,0.01199,1.000000,0.000055,0.000003,0.000006,0.0118,0.000,-0.0003,0.0000,0.0096,0.000,0.7635,0.7635,0.7635,0.7634
0.5000,0.00000,-0.00000,0.01446,1.000000,0.000077,0.000004,0.000008,0.0141,0.020,-0.0002,0.0000,0.0119,0.000,0.7477,0.7476,0.7476,0.7476
0.5200,0.00000,-0.00000,0.01801,1.000000,0.000088,0.000005,0.000010,0.0175,0.020,-0.0002,0.0000,0.0153,0.000,0.7327,0.7327,0.7327,0.7327
0.5400,0.00000,-0.00001,0.02252,1.000000,0.000091,0.000005,0.000012,0.0219,0.000,-0.0001,0.0000,0.0196,0.000,0.7196,0.7195,0.7195,0.7195
0.5600,0.00000,-0.00001,0.02786,1.000000,0.000089,0.000005,0.000012,0.0271,0.000,-0.0001,0.0000,0.0247,0.000,0.7082,0.7082,0.7082,0.7082
0.5800,0.00000,-0.00001,0.03388,1.000000,0.000082,0.000005,0.000013,0.0331,0.000,-0.0000,0.0000,0.0306,0.000,0.6986,0.6986,0.6986,0.6986
0.6000,0.00000,-0.00002,0.04049,1.000000,0.000075,0.000004,0.000013,0.0396,0.000,-0.0000,0.0000,0.0370,0.000,0.6905,0.6905,0.6905,0.6905
0.6200,0.00000,-0.00002,0.04757,1.000000,0.000067,0.000004,0.000013,0.0467,0.020,-0.0000,0.0000,0.0439,0.000,0.6838,0.6838,0.6838,0.6838
0.6400,0.00000,-0.00003,0.05505,1.000000,0.000058,0.000003,0.000013,0.0541,0.020,-0.0000,0.0000,0.0513,0.000,0.6782,0.6782,0.6782,0.6782
0.6600,0.00000,-0.00004,0.06286,1.000000,0.000051,0.000003,0.000013,0.0619,0.020,-0.0000,0.0000,0.0590,0.000,0.6735,0.6735,0.6735,0.6735
0.6800,0.00000,-0.00004,0.07093,1.000000,0.000044,0.000003,0.000013,0.0699,0.020,0.0000,0.0000,0.0670,0.000,0.6696,0.6696,0.6696,0.6696
0.7000,0.00000,-0.00005,0.07923,1.000000,0.000037,0.000002,0.000013,0.0782,0.020,0.0000,0.0000,0.0752,0.000,0.6664,0.6664,0.6664,0.6664
0.7200,0.00000,-0.00006,0.08771,1.000000,0.000031,0.000002,0.000013,0.0866,0.020,0.0000,0.0000,0.0836,0.000,0.6637,0.6637,0.6637,0.6637
0.7400,0.00000,-0.00007,0.09634,1.000000,0.000025,0.000001,0.000013,0.0953,0.020,0.0000,0.0000,0.0922,0.000,0.6615,0.6615,0.6615,0.6615
0.7600,0.00000,-0.00007,0.10508,1.000000,0.000020,0.000001,0.000013,0.1040,0.020,0.0000,0.0000,0.1009,0.000,0.6596,0.6596,0.6596,0.6596
0.7800,0.00000,-0.00008,0.11393,1.000000,0.000015,0.000001,0.000013,0.1128,0.020,0.0000,0.0000,0.1097,0.000,0.6581,0.6581,0.6581,0.6581
0.8000,0.00001,-0.00009,0.12286,1.000000,0.000011,0.000001,0.000013,0.1217,0.020,0.0000,0.0000,0.1186,0.000,0.6568,0.6568,0.6568,0.6568
0.8200,0.00001,-0.00010,0.13185,1.000000,0.000007,0.000000,0.000013,0.1307,0.000,0.0000,0.0000,0.1275,0.000,0.6558,0.6558,0.6558,0.6558
0.8400,0.00001,-0.00011,0.14089,1.000000,0.000003,0.000000,0.000013,0.1398,0.000,0.0000,0.0000,0.1366,0.000,0.6549,0.6549,0.6549,0.6549
0.8600,0.00001,-0.00012,0.14998,1.000000,-0.000000,0.000000,0.000013,0.1488,0.000,0.0000,0.0000,0.1456,0.000,0.6542,0.6542,0.6542,0.6542
0.8800,0.00001,-0.00013,0.15910,1.000000,-0.000003,-0.000000,0.000013,0.1580,0.000,0.0000,0.0000,0.1548,0.000,0.6536,0.6536,0.6536,0.6536
0.9000,0.00001,-0.00013,0.16824,1.000000,-0.000006,-0.000000,0.000013,0.1671,0.000,0.0000,0.0000,0.1639,0.000,0.6532,0.6532,0.6532,0.6532
0.9200,0.00001,-0.00014,0.17740,1.000000,-0.000009,-0.000000,0.000013,0.1763,0.000,0.0000,0.0000,0.1730,0.000,0.6528,0.6528,0.6528,0.6528
0.9400,0.00001,-0.00015,0.18658,1.000000,-0.000011,-0.000001,0.000013,0.1854,0.000,0.0000,0.0000,0.1822,0.000,0.6524,0.6524,0.6524,0.6524
0.9600,0.00001,-0.00016,0.19577,1.000000,-0.000014,-0.000001,0.000013,0.1946,0.000,0.0000,0.0000,0.1914,0.000,0.6522,0.6522,0.6522,0.6522
0.9800,0.00001,-0.00017,0.20497,1.000000,-0.000016,-0.000001,0.000013,0.2038,0.000,0.0000,0.0000,0.2006,0.000,0.6519,0.6519,0.6519,0.6519
1.0000,0.00001,-0.00018,0.21417,1.000000,-0.000018,-0.000001,0.000013,0.2130,0.000,0.0000,0.0000,0.2098,0.000,0.6517,0.6517,0.6517,0.6517
1.0200,0.00001,-0.00018,0.22337,1.000000,-0.000019,-0.000001,0.000013,0.2222,0.000,0.0000,0.0000,0.2190,0.000,0.6516,0.6516,0.6516,0.6516
1.0400,0.00001,-0.00019,0.23257,1.000000,-0.000021,-0.000001,0.000013,0.2314,0.000,0.0000,0.0000,0.2282,0.000,0.6515,0.6515,0.6515,0.6515
1.0600,0.00001,-0.00020,0.24178,1.000000,-0.000022,-0.000001,0.000013,0.2406,0.000,0.0000,0.0000,0.2374,0.000,0.6514,0.6514,0.6514,0.6514
1.0800,0.00001,-0.00021,0.25098,1.000000,-0.000024,-0.000001,0.000013,0.2498,0.000,0.0000,0.0000,0.2466,0.000,0.6513,0.6513,0.6513,0.6513
1.1000,0.00001,-0.00021,0.26017,1.000000,-0.000025,-0.000001,0.000013,0.2590,0.000,0.0000,0.0000,0.2558,0.000,0.6512,0.6512,0.6512,0.6512
1.1200,0.00001,-0.00022,0.26936,1.000000,-0.000026,-0.000001,0.000013,0.2682,0.000,0.0000,0.0000,0.2650,0.000,0.6512,0.6512,0.6512,0.6512
1.1400,0.00001,-0.00023,0.27855,1.000000,-0.000027,-0.000002,0.000013,0.2774,0.020,0.0000,0.0000,0.2742,0.000,0.6511,0.6511,0.6511,0.6511
1.1600,0.00001,-0.00023,0.28773,1.000000,-0.000028,-0.000002,0.000013,0.2866,0.020,0.0000,0.0000,0.2834,0.000,0.6511,0.6511,0.6511,0.6511
1.1800,0.00001,-0.00024,0.29691,1.000000,-0.000029,-0.000002,0.000013,0.2958,0.020,0.0000,0.0000,0.2926,0.000,0.6511,0.6511,0.6511,0.6511
1.2000,0.00001,-0.00025,0.30608,1.000000,-0.000030,-0.000002,0.000013,0.3049,0.020,0.0000,0.0000,0.3018,0.000,0.6510,0.6510,0.6510,0.6510
1.2200,0.00001,-0.00025,0.31525,1.000000,-0.000030,-0.000002,0.000013,0.3141,0.020,0.0000,0.0000,0.3110,0.000,0.6510,0.6510,0.6510,0.6510
1.2400,0.00002,-0.00026,0.32440,1.000000,-0.000031,-0.000002,0.000013,0.3233,0.020,0.0000,0.0000,0.3201,0.000,0.6510,0.6510,0.6510,0.6510
1.2600,0.00002,-0.00026,0.33355,1.000000,-0.000031,-0.000002,0.000013,0.3324,0.020,0.0000,0.0000,0.3293,0.000,0.6510,0.6510,0.6510,0.6510
1.2800,0.00002,-0.00027,0.34270,1.000000,-0.000032,-0.000002,0.000013,0.3416,0.000,0.0000,0.0000,0.3384,0.000,0.6510,0.6510,0.6510,0.6510
1.3000,0.00002,-0.00028,0.35183,1.000000,-0.000032,-0.000002,0.000013,0.3507,0.000,0.0000,0.0000,0.3476,0.000,0.6510,0.6510,0.6510,0.6510
1.3200,0.00002,-0.00028,0.36096,1.000000,-0.000033,-0.000002,0.000013,0.3598,0.000,0.0000,0.0000,0.3567,0.000,0.6510,0.6510,0.6510,0.6510
1.3400,0.00002,-0.00028,0.37008,1.000000,-0.000033,-0.000002,0.000013,0.3689,0.000,0.0000,0.0000,0.3659,0.000,0.6510,0.6510,0.6510,0.6510
1.3600,0.00002,-0.00029,0.37920,1.000000,-0.000033,-0.000002,0.000013,0.3781,0.000,0.0000,0.0000,0.3750,0.000,0.6510,0.6510,0.6510,0.6510
1.3800,0.00002,-0.00029,0.38831,1.000000,-0.000033,-0.000002,0.000013,0.3872,0.000,0.0000,0.0000,0.3841,0.000,0.6510,0.6510,0.6510,0.6510
1.4000,0.00002,-0.00030,0.39741,1.000000,-0.000034,-0.000002,0.000013,0.3963,0.000,0.0000,0.0000,0.3932,0.000,0.6510,0.6510,0.6510,0.6510
1.4200,0.00002,-0.00030,0.40650,1.000000,-0.000034,-0.000002,0.000013,0.4054,0.020,0.0000,0.0000,0.4023,0.000,0.6510,0.6510,0.6510,0.6510
1.4400,0.00002,-0.00030,0.41559,1.000000,-0.000034,-0.000002,0.000013,0.4145,0.020,0.0000,0.0000,0.4114,0.000,0.6510,0.6510,0.6510,0.6510
1.4600,0.00002,-0.00031,0.42467,1.000000,-0.000034,-0.000002,0.000013,0.4235,0.020,0.0000,0.0000,0.4205,0.000,0.6510,0.6510,0.6510,0.6510
1.4800,0.00002,-0.00031,0.43374,1.000000,-0.000034,-0.000002,0.000013,0.4326,0.020,0.0000,0.0000,0.4296,0.000,0.6510,0.6510,0.6510,0.6510
1.5000,0.00002,-0.00031,0.44280,1.000000,-0.000034,-0.000002,0.000013,0.4417,0.020,0.0000,0.0000,0.4386,0.000,0.6510,0.6510,0.6510,0.6510
1.5200,0.00002,-0.00031,0.45186,1.000000,-0.000034,-0.000002,0.000013,0.4507,0.020,0.0000,0.0000,0.4477,0.000,0.6510,0.6510,0.6510,0.6510
1.5400,0.00002,-0.00032,0.46091,1.000000,-0.000034,-0.000002,0.000013,0.4598,0.020,0.0000,0.0000,0.4568,0.000,0.6510,0.6510,0.6510,0.6510
1.5600,0.00002,-0.00032,0.46996,1.000000,-0.000034,-0.000002,0.000013,0.4688,0.020,0.0000,0.0000,0.4658,0.000,0.6510,0.6510,0.6510,0.6510
1.5800,0.00002,-0.00032,0.47899,1.000000,-0.000034,-0.000002,0.000013,0.4779,0.000,0.0000,0.0000,0.4749,0.000,0.6510,0.6510,0.6510,0.6510
1.6000,0.00002,-0.00032,0.48802,1.000000,-0.000034,-0.000002,0.000013,0.4869,0.000,0.0000,0.0000,0.4839,0.000,0.6510,0.6510,0.6510,0.6510
1.6200,0.00002,-0.00032,0.49684,1.000000,-0.000034,-0.000002,0.000013,0.4958,0.000,0.0000,0.0000,0.4928,0.000,0.5154,0.5154,0.5154,0.5154
1.6400,0.00002,-0.00032,0.50482,1.000000,-0.000034,-0.000002,0.000013,0.5039,0.000,0.0000,0.0000,0.5008,0.000,0.5275,0.5275,0.5275,0.5275
1.6600,0.00002,-0.00032,0.51173,1.000000,-0.000033,-0.000002,0.000013,0.5109,0.000,0.0000,0.0000,0.5079,0.000,0.5422,0.5422,0.5422,0.5422
1.6800,0.00002,-0.00032,0.51755,1.000000,-0.000033,-0.000002,0.000013,0.5169,0.000,0.0000,0.0000,0.5139,0.000,0.5567,0.5567,0.5567,0.5567
1.7000,0.00002,-0.00032,0.52237,1.000000,-0.000033,-0.000002,0.000013,0.5218,0.000,0.0000,0.0000,0.5189,0.000,0.5699,0.5699,0.5699,0.5699
1.7200,0.00002,-0.00032,0.52629,1.000000,-0.000033,-0.000002,0.000013,0.5258,0.000,0.0000,0.0000,0.5231,0.000,0.5816,0.5816,0.5816,0.5816
1.7400,0.00002,-0.00032,0.52943,1.000000,-0.000033,-0.000002,0.000012,0.5291,0.000,0.0000,0.0000,0.5264,0.000,0.5918,0.5918,0.5918,0.5918
1.7600,0.00002,-0.00032,0.53189,1.000000,-0.000033,-0.000002,0.000012,0.5316,0.000,0.0000,0.0000,0.5291,0.000,0.6007,0.6007,0.6007,0.6007
1.7800,0.00002,-0.00032,0.53377,1.000000,-0.000033,-0.000002,0.000012,0.5336,0.000,0.0000,0.0000,0.5311,0.000,0.6083,0.6083,0.6083,0.6083
1.8000,0.00002,-0.00032,0.53515,1.000000,-0.000032,-0.000002,0.000012,0.5350,0.000,0.0000,0.0000,0.5327,0.000,0.6150,0.6150,0.6150,0.6150
1.8200,0.00002,-0.00032,0.53610,1.000000,-0.000032,-0.000002,0.000012,0.5360,0.000,0.0000,0.0000,0.5338,0.000,0.6207,0.6207,0.6207,0.6207
1.8400,0.00002,-0.00032,0.53668,1.000000,-0.000032,-0.000002,0.000012,0.5366,0.000,0.0000,0.0000,0.5345,0.000,0.6256,0.6256,0.6256,0.6256
1.8600,0.00002,-0.00032,0.53696,1.000000,-0.000032,-0.000002,0.000012,0.5369,0.000,0.0000,0.0000,0.5349,0.000,0.6298,0.6298,0.6298,0.6298
1.8800,0.00002,-0.00031,0.53698,1.000000,-0.000032,-0.000002,0.000012,0.5370,0.000,0.0000,0.0000,0.5350,0.000,0.6335,0.6335,0.6335,0.6335
1.9000,0.00002,-0.00031,0.53678,1.000000,-0.000032,-0.000002,0.000012,0.5368,0.000,0.0000,0.0000,0.5349,0.000,0.6366,0.6366,0.6366,0.6366
1.9200,0.00002,-0.00031,0.53639,1.000000,-0.000032,-0.000002,0.000012,0.5364,0.000,0.0000,0.0000,0.5346,0.000,0.6393,0.6393,0.6393,0.6393
1.9400,0.00002,-0.00031,0.53586,1.000000,-0.000031,-0.000002,0.000012,0.5359,0.000,0.0000,0.0000,0.5341,0.000,0.6417,0.6417,0.6417,0.6417
1.9600,0.00002,-0.00030,0.53520,1.000000,-0.000031,-0.000002,0.000012,0.5353,0.000,0.0000,0.0000,0.5335,0.000,0.6437,0.6437,0.6437,0.6437
1.9800,0.00002,-0.00030,0.53444,1.000000,-0.000031,-0.000002,0.000012,0.5345,0.000,0.0000,0.0000,0.5328,0.000,0.6454,0.6454,0.6454,0.6454
2.0000,0.00002,-0.00030,0.53360,1.000000,-0.000031,-0.000002,0.000012,0.5337,0.000,0.0000,0.0000,0.5320,0.000,0.6469,0.6469,0.6469,0.6469
2.0200,0.00002,-0.00029,0.53269,1.000000,-0.000031,-0.000002,0.000012,0.5328,0.000,0.0000,0.0000,0.5311,0.000,0.6481,0.6481,0.6481,0.6481
2.0400,0.00002,-0.00029,0.53174,1.000000,-0.000030,-0.000002,0.000012,0.5319,0.000,0.0000,0.0000,0.5302,0.000,0.6492,0.6492,0.6492,0.6492
2.0600,0.00002,-0.00029,0.53075,1.000000,-0.000030,-0.000002,0.000012,0.5309,0.000,0.0000,0.0000,0.5292,0.000,0.6501,0.6501,0.6501,0.6501
2.0800,0.00002,-0.00028,0.52973,1.000000,-0.000030,-0.000002,0.000012,0.5299,0.000,0.0000,0.0000,0.5283,0.000,0.6509,0.6509,0.6509,0.6509
2.1000,0.00002,-0.00028,0.52870,1.000000,-0.000030,-0.000002,0.000012,0.5288,0.000,0.0000,0.0000,0.5272,0.000,0.6516,0.6516,0.6516,0.6516
2.1200,0.00002,-0.00027,0.52766,1.000000,-0.000030,-0.000002,0.000012,0.5278,0.020,0.0000,0.0000,0.5262,0.000,0.6521,0.6521,0.6521,0.6521
2.1400,0.00002,-0.00027,0.52661,1.000000,-0.000029,-0.000002,0.000012,0.5267,0.020,0.0000,0.0000,0.5252,0.000,0.6526,0.6526,0.6526,0.6526
2.1600,0.00002,-0.00026,0.52557,1.000000,-0.000029,-0.000002,0.000012,0.5257,0.020,0.0000,0.0000,0.5241,0.000,0.6529,0.6529,0.6529,0.6529
2.1800,0.00001,-0.00026,0.52453,1.000000,-0.000029,-0.000002,0.000012,0.5247,0.020,0.0000,0.0000,0.5231,0.000,0.6533,0.6533,0.6533,0.6533
2.2000,0.00001,-0.00025,0.52351,1.000000,-0.000029,-0.000002,0.000012,0.5236,0.020,0.0000,1.0000,0.5221,0.000,0.6535,0.6535,0.6535,0.6535
2.2200,0.00001,-0.00024,0.52249,0.999999,-0.000029,-0.000002,-0.001312,0.5226,0.000,0.2363,1.0000,0.5211,0.000,0.6833,0.6239,0.6833,0.6239
2.2400,0.00001,-0.00024,0.52148,0.999986,-0.000028,-0.000002,-0.005338,0.5216,0.000,0.4964,1.0000,0.5201,0.020,0.6727,0.6355,0.6727,0.6355
2.2600,0.00001,-0.00023,0.52049,0.999933,-0.000028,-0.000002,-0.011587,0.5206,0.000,0.6938,1.0000,0.5191,0.000,0.6652,0.6435,0.6652,0.6435
2.2800,0.00001,-0.00023,0.51952,0.999812,-0.000028,-0.000002,-0.019394,0.5196,0.000,0.8260,1.0000,0.5181,0.000,0.6604,0.6485,0.6604,0.6485
2.3000,0.00001,-0.00022,0.51857,0.999603,-0.000028,-0.000003,-0.028191,0.5187,0.000,0.9074,1.0000,0.5172,0.000,0.6576,0.6514,0.6576,0.6514
2.3200,0.00001,-0.00021,0.51765,0.999294,-0.000027,-0.000003,-0.037573,0.5178,0.000,0.9543,1.0000,0.5163,0.000,0.6560,0.6530,0.6560,0.6530
2.3400,0.00001,-0.00020,0.51676,0.998882,-0.000027,-0.000003,-0.047279,0.5169,0.000,0.9798,1.0000,0.5154,0.000,0.6551,0.6538,0.6551,0.6538
2.3600,0.00001,-0.00020,0.51590,0.998365,-0.000027,-0.000003,-0.057152,0.5160,0.000,0.9929,1.0000,0.5145,0.000,0.6547,0.6542,0.6547,0.6542
2.3800,0.00001,-0.00019,0.51506,0.997746,-0.000027,-0.000003,-0.067104,0.5152,0.000,0.9991,1.0000,0.5137,0.000,0.6545,0.6543,0.6545,0.6543
2.4000,0.00001,-0.00018,0.51424,0.997024,-0.000026,-0.000004,-0.077087,0.5143,0.000,1.0017,1.0000,0.5128,0.000,0.6544,0.6544,0.6544,0.6544
2.4200,0.00001,-0.00017,0.51346,0.996202,-0.000026,-0.000004,-0.087077,0.5136,0.000,1.0027,1.0000,0.5121,0.000,0.6543,0.6543,0.6543,0.6543
2.4400,0.00001,-0.00017,0.51269,0.995278,-0.000026,-0.000004,-0.097064,0.5128,0.000,1.0030,1.0000,0.5113,0.000,0.6542,0.6543,0.6542,0.6543
2.4600,0.00001,-0.00016,0.51196,0.994255,-0.000026,-0.000004,-0.107041,0.5120,0.000,1.0029,1.0000,0.5106,0.000,0.6542,0.6542,0.6542,0.6542
2.4800,0.00001,-0.00015,0.51125,0.993131,-0.000025,-0.000004,-0.117006,0.5113,0.000,1.0028,1.0000,0.5099,0.000,0.6541,0.6541,0.6541,0.6541
2.5000,0.00001,-0.00014,0.51056,0.991908,-0.000025,-0.000004,-0.126958,0.5106,0.000,1.0027,1.0000,0.5092,0.000,0.6541,0.6541,0.6541,0.6541
2.5200,0.00001,-0.00013,0.50990,0.990585,-0.000025,-0.000004,-0.136897,0.5100,0.000,1.0026,1.0000,0.5085,0.000,0.6540,0.6540,0.6540,0.6540
2.5400,0.00001,-0.00012,0.50926,0.989163,-0.000025,-0.000005,-0.146821,0.5093,0.000,1.0025,1.0000,0.5079,0.000,0.6539,0.6539,0.6539,0.6539
2.5600,0.00001,-0.00011,0.50864,0.987641,-0.000024,-0.000005,-0.156730,0.5087,0.000,1.0025,1.0000,0.5072,0.000,0.6539,0.6539,0.6539,0.6539
2.5800,0.00001,-0.00010,0.50804,0.986021,-0.000024,-0.000005,-0.166623,0.5081,0.000,1.0025,1.0000,0.5066,0.000,0.6538,0.6538,0.6538,0.6538
2.6000,0.00000,-0.00009,0.50746,0.984301,-0.000024,-0.000005,-0.176499,0.5075,0.000,1.0025,1.0000,0.5061,0.000,0.6537,0.6537,0.6537,0.6537
2.6200,0.00000,-0.00008,0.50691,0.982482,-0.000024,-0.000005,-0.186357,0.5070,0.000,1.0025,1.0000,0.5055,0.000,0.6537,0.6537,0.6537,0.6537
2.6400,0.00000,-0.00007,0.50637,0.980565,-0.000023,-0.000005,-0.196196,0.5064,0.000,1.0024,1.0000,0.5050,0.000,0.6536,0.6536,0.6536,0.6536
2.6600,0.00000,-0.00006,0.50585,0.978549,-0.000023,-0.000005,-0.206016,0.5059,0.000,1.0024,1.0000,0.5045,0.000,0.6535,0.6535,0.6535,0.6535
2.6800,0.00000,-0.00005,0.50535,0.976434,-0.000023,-0.000005,-0.215815,0.5054,0.000,1.0024,1.0000,0.5040,0.000,0.6535,0.6535,0.6535,0.6535
2.7000,0.00000,-0.00004,0.50487,0.974222,-0.000023,-0.000005,-0.225592,0.5049,0.000,1.0024,1.0000,0.5035,0.000,0.6534,0.6534,0.6534,0.6534
2.7200,0.00000,-0.00003,0.50440,0.971912,-0.000022,-0.000005,-0.235346,0.5045,0.000,1.0024,1.0000,0.5030,0.020,0.6534,0.6534,0.6534,0.6534
2.7400,0.00000,-0.00002,0.50395,0.969504,-0.000022,-0.000006,-0.245077,0.5040,0.000,1.0024,1.0000,0.5026,0.000,0.6533,0.6533,0.6533,0.6533
2.7600,0.00000,-0.00001,0.50352,0.966998,-0.000022,-0.000006,-0.254783,0.5036,0.000,1.0024,1.0000,0.5021,0.000,0.6532,0.6532,0.6532,0.6532
2.7800,-0.00000,0.00001,0.50310,0.964396,-0.000022,-0.000006,-0.264464,0.5032,0.000,1.0024,1.0000,0.5017,0.000,0.6532,0.6532,0.6532,0.6532
2.8000,-0.00000,0.00002,0.50270,0.961696,-0.000021,-0.000006,-0.274118,0.5027,0.000,1.0024,1.0000,0.5013,0.000,0.6531,0.6531,0.6531,0.6531
2.8200,-0.00000,0.00003,0.50231,0.958900,-0.000021,-0.000006,-0.283744,0.5024,0.000,1.0024,1.0000,0.5009,0.020,0.6531,0.6531,0.6531,0.6531
2.8400,-0.00000,0.00004,0.50193,0.956008,-0.000021,-0.000006,-0.293342,0.5020,0.000,1.0024,1.0000,0.5005,0.000,0.6530,0.6530,0.6530,0.6530
2.8600,-0.00000,0.00005,0.50157,0.953019,-0.000021,-0.000006,-0.302910,0.5016,0.000,1.0024,1.0000,0.5002,0.000,0.6530,0.6530,0.6530,0.6530
2.8800,-0.00000,0.00007,0.50122,0.949935,-0.000020,-0.000006,-0.312448,0.5013,0.000,1.0024,1.0000,0.4998,0.000,0.6529,0.6529,0.6529,0.6529
2.9000,-0.00000,0.00008,0.50088,0.946755,-0.000020,-0.000006,-0.321955,0.5009,0.000,1.0024,1.0000,0.4995,0.000,0.6529,0.6529,0.6529,0.6529
2.9200,-0.00000,0.00009,0.50055,0.943480,-0.000020,-0.000006,-0.331429,0.5006,0.000,1.0024,1.0000,0.4992,0.000,0.6528,0.6528,0.6528,0.6528
2.9400,-0.00000,0.00010,0.50024,0.940111,-0.000020,-0.000006,-0.340870,0.5003,0.000,1.0024,1.0000,0.4989,0.000,0.6528,0.6528,0.6528,0.6528
2.9600,-0.00001,0.00012,0.49993,0.936647,-0.000019,-0.000006,-0.350276,0.5000,0.000,1.0024,1.0000,0.4985,0.000,0.6528,0.6528,0.6528,0.6528
2.9800,-0.00001,0.00013,0.49963,0.933088,-0.000019,-0.000007,-0.359647,0.4997,0.000,1.0024,1.0000,0.4983,0.020,0.6527,0.6527,0.6527,0.6527
3.0000,-0.00001,0.00014,0.49935,0.929436,-0.000019,-0.000007,-0.368982,0.4994,0.000,1.0024,1.0000,0.4980,0.000,0.6527,0.6527,0.6527,0.6527
3.0200,-0.00001,0.00016,0.49907,0.925691,-0.000019,-0.000007,-0.378280,0.4991,0.000,1.0024,1.0000,0.4977,0.000,0.6527,0.6527,0.6527,0.6527
3.0400,-0.00001,0.00017,0.49881,0.921853,-0.000018,-0.000007,-0.387540,0.4988,0.000,1.0024,1.0000,0.4974,0.000,0.6526,0.6526,0.6526,0.6526
3.0600,-0.00001,0.00019,0.49855,0.917922,-0.000018,-0.000007,-0.396761,0.4986,0.000,1.0024,1.0000,0.4972,0.000,0.6526,0.6526,0.6526,0.6526
3.0800,-0.00001,0.00020,0.49830,0.913899,-0.000018,-0.000007,-0.405942,0.4983,0.000,1.0024,1.0000,0.4969,0.020,0.6526,0.6526,0.6526,0.6526
3.1000,-0.00001,0.00021,0.49805,0.909784,-0.000018,-0.000007,-0.415083,0.4981,0.000,1.0024,1.0000,0.4967,0.000,0.6525,0.6525,0.6525,0.6525
3.1200,-0.00001,0.00023,0.49782,0.905577,-0.000017,-0.000007,-0.424181,0.4978,0.000,1.0024,1.0000,0.4965,0.000,0.6525,0.6525,0.6525,0.6525
3.1400,-0.00001,0.00024,0.49759,0.901280,-0.000017,-0.000007,-0.433237,0.4976,0.000,1.0024,1.0000,0.4962,0.000,0.6525,0.6525,0.6525,0.6525
3.1600,-0.00001,0.00026,0.49737,0.896892,-0.000017,-0.000007,-0.442250,0.4974,0.000,1.0024,1.0000,0.4960,0.000,0.6524,0.6524,0.6524,0.6524
3.1800,-0.00001,0.00027,0.49716,0.892414,-0.000017,-0.000007,-0.451218,0.4972,0.000,1.0024,1.0000,0.4958,0.000,0.6524,0.6524,0.6524,0.6524
3.2000,-0.00001,0.00029,0.49695,0.887846,-0.000016,-0.000007,-0.460140,0.4970,0.000,1.0024,1.0000,0.4956,0.000,0.6524,0.6524,0.6524,0.6524
3.2200,-0.00001,0.00030,0.49675,0.883189,-0.000016,-0.000007,-0.469016,0.4968,0.000,1.0024,1.0000,0.4954,0.000,0.6524,0.6524,0.6524,0.6524
3.2400,-0.00001,0.00032,0.49656,0.878444,-0.000016,-0.000007,-0.477846,0.4966,0.020,1.0024,1.0000,0.4952,0.000,0.6523,0.6523,0.6523,0.6523
3.2600,-0.00001,0.00033,0.49637,0.873610,-0.000016,-0.000007,-0.486627,0.4964,0.000,1.0024,1.0000,0.4950,0.000,0.6523,0.6523,0.6523,0.6523
3.2800,-0.00001,0.00035,0.49618,0.868688,-0.000015,-0.000008,-0.495359,0.4962,0.000,1.0024,1.0000,0.4948,0.000,0.6523,0.6523,0.6523,0.6523
3.3000,-0.00001,0.00036,0.49601,0.863680,-0.000015,-0.000008,-0.504041,0.4960,0.000,1.0024,1.0000,0.4947,0.000,0.6523,0.6523,0.6523,0.6523
3.3200,-0.00001,0.00038,0.49583,0.858584,-0.000015,-0.000008,-0.512673,0.4959,0.000,1.0024,1.0000,0.4945,0.000,0.6522,0.6523,0.6522,0.6523
3.3400,-0.00001,0.00039,0.49567,0.853402,-0.000015,-0.000008,-0.521253,0.4957,0.000,1.0024,1.0000,0.4943,0.000,0.6522,0.6522,0.6522,0.6522
3.3600,-0.00001,0.00041,0.49550,0.848134,-0.000014,-0.000008,-0.529781,0.4955,0.000,1.0024,1.0000,0.4942,0.000,0.6522,0.6522,0.6522,0.6522
3.3800,-0.00002,0.00043,0.49534,0.842782,-0.000014,-0.000008,-0.538256,0.4954,0.000,1.0024,1.0000,0.4940,0.000,0.6522,0.6522,0.6522,0.6522
3.4000,-0.00002,0.00044,0.49519,0.837344,-0.000014,-0.000008,-0.546676,0.4952,0.000,1.0024,0.0000,0.4939,0.020,0.6522,0.6522,0.6522,0.6522
3.4200,-0.00002,0.00046,0.49503,0.832557,-0.000014,-0.000008,-0.553939,0.4950,0.000,0.7660,0.0000,0.4937,0.000,0.6223,0.6818,0.6223,0.6818
3.4400,-0.00002,0.00048,0.49486,0.829220,-0.000013,-0.000008,-0.558922,0.4949,0.000,0.5059,0.0000,0.4936,0.020,0.6338,0.6710,0.6338,0.6710
3.4600,-0.00002,0.00049,0.49470,0.827105,-0.000013,-0.000008,-0.562047,0.4947,0.000,0.3085,0.0000,0.4934,0.000,0.6416,0.6633,0.6416,0.6633
3.4800,-0.00002,0.00051,0.49454,0.825858,-0.000013,-0.000008,-0.563878,0.4946,0.000,0.1764,0.0000,0.4932,0.020,0.6465,0.6584,0.6465,0.6584
3.5000,-0.00002,0.00053,0.49439,0.825168,-0.000013,-0.000008,-0.564888,0.4944,0.000,0.0950,0.0000,0.4931,0.000,0.6493,0.6555,0.6493,0.6555
3.5200,-0.00002,0.00054,0.49424,0.824808,-0.000013,-0.000008,-0.565413,0.4943,0.000,0.0480,0.0000,0.4929,0.000,0.6509,0.6539,0.6509,0.6539
3.5400,-0.00002,0.00056,0.49410,0.824633,-0.000013,-0.000008,-0.565668,0.4941,0.000,0.0225,0.0000,0.4928,0.000,0.6516,0.6530,0.6516,0.6530
3.5600,-0.00002,0.00058,0.49397,0.824556,-0.000012,-0.000008,-0.565780,0.4940,0.000,0.0095,0.0000,0.4927,0.000,0.6520,0.6525,0.6520,0.6525
3.5800,-0.00002,0.00059,0.49384,0.824526,-0.000012,-0.000008,-0.565824,0.4939,0.000,0.0033,0.0000,0.4926,0.000,0.6522,0.6523,0.6522,0.6523
3.6000,-0.00002,0.00061,0.49372,0.824518,-0.000012,-0.000008,-0.565835,0.4937,0.000,0.0006,0.0000,0.4924,0.000,0.6522,0.6522,0.6522,0.6522
3.6200,-0.00002,0.00063,0.49360,0.824519,-0.000012,-0.000008,-0.565835,0.4936,0.000,-0.0004,0.0000,0.4923,0.000,0.6522,0.6521,0.6522,0.6521
3.6400,-0.00002,0.00065,0.49348,0.824522,-0.000012,-0.000008,-0.565830,0.4935,0.000,-0.0006,0.0000,0.4922,0.000,0.6521,0.6521,0.6521,0.6521
3.6600,-0.00002,0.00067,0.49337,0.824526,-0.000012,-0.000008,-0.565825,0.4934,0.000,-0.0006,0.0000,0.4921,0.000,0.6521,0.6521,0.6521,0.6521
3.6800,-0.00002,0.00068,0.49326,0.824528,-0.000012,-0.000008,-0.565820,0.4933,0.000,-0.0005,0.0000,0.4920,0.000,0.6521,0.6521,0.6521,0.6521
3.7000,-0.00002,0.00070,0.49316,0.824531,-0.000011,-0.000008,-0.565817,0.4932,0.000,-0.0004,0.0000,0.4919,0.000,0.6521,0.6520,0.6521,0.6520
3.7200,-0.00002,0.00072,0.49306,0.824532,-0.000011,-0.000008,-0.565815,0.4931,0.000,-0.0003,0.0000,0.4918,0.000,0.6520,0.6520,0.6520,0.6520
3.7400,-0.00002,0.00074,0.49296,0.824534,-0.000011,-0.000008,-0.565813,0.4930,0.020,-0.0002,0.0000,0.4917,0.000,0.6520,0.6520,0.6520,0.6520
3.7600,-0.00002,0.00076,0.49286,0.824535,-0.000011,-0.000008,-0.565811,0.4929,0.000,-0.0002,0.0000,0.4916,0.000,0.6520,0.6520,0.6520,0.6520
3.7800,-0.00002,0.00077,0.49277,0.824536,-0.000011,-0.000008,-0.565810,0.4928,0.000,-0.0002,0.0000,0.4915,0.000,0.6520,0.6520,0.6520,0.6520
3.8000,-0.00002,0.00079,0.49267,0.824537,-0.000011,-0.000008,-0.565808,0.4927,0.000,-0.0002,0.0000,0.4914,0.000,0.6520,0.6520,0.6520,0.6520
3.8200,-0.00002,0.00081,0.49258,0.824538,-0.000011,-0.000008,-0.565807,0.4926,0.000,-0.0001,0.0000,0.4913,0.000,0.6520,0.6520,0.6520,0.6520
3.8400,-0.00002,0.00083,0.49250,0.824538,-0.000011,-0.000008,-0.565806,0.4925,0.000,-0.0001,0.0000,0.4913,0.020,0.6519,0.6519,0.6519,0.6519
3.8600,-0.00002,0.00085,0.49241,0.824539,-0.000010,-0.000008,-0.565805,0.4924,0.000,-0.0001,0.0000,0.4912,0.020,0.6519,0.6519,0.6519,0.6519
3.8800,-0.00002,0.00087,0.49232,0.824540,-0.000010,-0.000008,-0.565804,0.4923,0.000,-0.0001,0.0000,0.4911,0.000,0.6519,0.6519,0.6519,0.6519
3.9000,-0.00002,0.00089,0.49224,0.824541,-0.000010,-0.000008,-0.565803,0.4923,0.000,-0.0001,0.0000,0.4910,0.000,0.6519,0.6519,0.6519,0.6519
3.9200,-0.00002,0.00091,0.49216,0.824542,-0.000010,-0.000008,-0.565801,0.4922,0.000,-0.0001,0.0000,0.4909,0.000,0.6519,0.6519,0.6519,0.6519
3.9400,-0.00002,0.00093,0.49208,0.824542,-0.000010,-0.000008,-0.565800,0.4921,0.000,-0.0001,0.0000,0.4909,0.000,0.6519,0.6519,0.6519,0.6519
3.9600,-0.00003,0.00094,0.49200,0.824543,-0.000010,-0.000009,-0.565799,0.4920,0.020,-0.0001,0.0000,0.4908,0.000,0.6519,0.6519,0.6519,0.6519
3.9800,-0.00003,0.00096,0.49192,0.824544,-0.000010,-0.000009,-0.565798,0.4919,0.000,-0.0001,0.0000,0.4907,0.000,0.6519,0.6519,0.6519,0.6519
4.0000,-0.00003,0.00098,0.49185,0.824545,-0.000010,-0.000009,-0.565797,0.4919,0.000,-0.0001,0.0000,0.4906,0.020,0.6519,0.6519,0.6519,0.6519
4.0200,-0.00003,0.00100,0.49158,0.824545,-0.000010,-0.000009,-0.565796,0.4916,0.000,-0.0001,0.0000,0.4904,0.000,0.5282,0.5282,0.5282,0.5282
4.0400,-0.00003,0.00102,0.49055,0.824546,-0.000009,-0.000009,-0.565795,0.4907,0.000,-0.0001,0.0000,0.4895,0.000,0.5430,0.5430,0.5430,0.5430
4.0600,-0.00003,0.00104,0.48855,0.824547,-0.000009,-0.000009,-0.565793,0.4889,0.000,-0.0001,0.0000,0.4876,0.000,0.5594,0.5594,0.5594,0.5594
4.0800,-0.00003,0.00106,0.48561,0.824548,-0.000009,-0.000009,-0.565792,0.4860,0.000,-0.0001,0.0000,0.4848,0.000,0.5745,0.5745,0.5745,0.5745
4.1000,-0.00003,0.00108,0.48182,0.824549,-0.000009,-0.000009,-0.565791,0.4823,0.020,-0.0001,0.0000,0.4812,0.000,0.5876,0.5876,0.5876,0.5876
4.1200,-0.00003,0.00110,0.47730,0.824549,-0.000009,-0.000009,-0.565790,0.4779,0.000,-0.0001,0.0000,0.4769,0.000,0.5988,0.5988,0.5988,0.5988
4.1400,-0.00003,0.00112,0.47216,0.824550,-0.000009,-0.000009,-0.565789,0.4728,0.000,-0.0001,0.0000,0.4719,0.020,0.6080,0.6080,0.6080,0.6080
4.1600,-0.00003,0.00114,0.46650,0.824551,-0.000009,-0.000009,-0.565788,0.4672,0.000,-0.0001,0.0000,0.4664,0.000,0.6157,0.6157,0.6157,0.6157
4.1800,-0.00003,0.00116,0.46041,0.824552,-0.000009,-0.000009,-0.565786,0.4612,0.000,-0.0001,0.0000,0.4605,0.000,0.6221,0.6221,0.6221,0.6221
4.2000,-0.00003,0.00118,0.45397,0.824553,-0.000009,-0.000009,-0.565785,0.4548,0.000,-0.0001,0.0000,0.4541,0.000,0.6273,0.6273,0.6273,0.6273
4.2200,-0.00003,0.00120,0.44723,0.824553,-0.000009,-0.000009,-0.565784,0.4481,0.000,-0.0001,0.0000,0.4475,0.000,0.6316,0.6316,0.6316,0.6316
4.2400,-0.00003,0.00123,0.44024,0.824554,-0.000009,-0.000009,-0.565783,0.4411,0.000,-0.0001,0.0000,0.4406,0.000,0.6352,0.6352,0.6352,0.6352
4.2600,-0.00003,0.00125,0.43306,0.824555,-0.000008,-0.000009,-0.565782,0.4340,0.000,-0.0001,0.0000,0.4335,0.000,0.6381,0.6381,0.6381,0.6381
4.2800,-0.00003,0.00127,0.42571,0.824556,-0.000008,-0.000010,-0.565781,0.4266,0.000,-0.0001,0.0000,0.4262,0.000,0.6405,0.6405,0.6405,0.6405
4.3000,-0.00003,0.00129,0.41823,0.824557,-0.000008,-0.000010,-0.565780,0.4192,0.000,-0.0001,0.0000,0.4188,0.020,0.6425,0.6425,0.6425,0.6425
4.3200,-0.00003,0.00131,0.41063,0.824557,-0.000008,-0.000010,-0.565778,0.4116,0.000,-0.0001,0.0000,0.4113,0.020,0.6442,0.6442,0.6442,0.6442
4.3400,-0.00004,0.00133,0.40295,0.824558,-0.000008,-0.000010,-0.565777,0.4039,0.000,-0.0001,0.0000,0.4036,0.000,0.6455,0.6455,0.6455,0.6455
4.3600,-0.00004,0.00135,0.39518,0.824559,-0.000008,-0.000010,-0.565776,0.3962,0.000,-0.0001,0.0000,0.3959,0.000,0.6467,0.6467,0.6467,0.6467
4.3800,-0.00004,0.00137,0.38736,0.824560,-0.000008,-0.000010,-0.565775,0.3883,0.000,-0.0001,0.0000,0.3881,0.000,0.6476,0.6476,0.6476,0.6476
4.4000,-0.00004,0.00139,0.37948,0.824560,-0.000008,-0.000010,-0.565774,0.3805,0.000,-0.0001,0.0000,0.3803,0.000,0.6484,0.6484,0.6484,0.6484
4.4200,-0.00004,0.00141,0.37157,0.824561,-0.000008,-0.000010,-0.565773,0.3726,0.020,-0.0001,0.0000,0.3724,0.000,0.6490,0.6490,0.6490,0.6490
4.4400,-0.00004,0.00144,0.36362,0.824562,-0.000008,-0.000010,-0.565772,0.3646,0.000,-0.0001,0.0000,0.3644,0.000,0.6495,0.6495,0.6495,0.6495
4.4600,-0.00004,0.00146,0.35564,0.824563,-0.000008,-0.000010,-0.565771,0.3566,0.000,-0.0001,0.0000,0.3565,0.020,0.6500,0.6500,0.6500,0.6500
4.4800,-0.00004,0.00148,0.34764,0.824564,-0.000008,-0.000010,-0.565769,0.3486,0.000,-0.0001,0.0000,0.3485,0.028,0.6503,0.6503,0.6503,0.6503
4.5000,-0.00004,0.00150,0.33963,0.824564,-0.000007,-0.000010,-0.565768,0.3406,0.000,-0.0001,0.0000,0.3405,0.000,0.6506,0.6506,0.6506,0.6506
4.5200,-0.00004,0.00152,0.33160,0.824565,-0.000007,-0.000010,-0.565767,0.3326,0.000,-0.0001,0.0000,0.3325,0.000,0.6509,0.6509,0.6509,0.6509
4.5400,-0.00004,0.00155,0.32356,0.824566,-0.000007,-0.000010,-0.565766,0.3246,0.000,-0.0001,0.0000,0.3244,0.000,0.6511,0.6511,0.6511,0.6511
4.5600,-0.00004,0.00157,0.31551,0.824567,-0.000007,-0.000010,-0.565765,0.3165,0.000,-0.0001,0.0000,0.3164,0.000,0.6512,0.6512,0.6512,0.6512
4.5800,-0.00005,0.00159,0.30746,0.824567,-0.000007,-0.000010,-0.565764,0.3085,0.000,-0.0001,0.0000,0.3084,0.000,0.6514,0.6514,0.6514,0.6514
4.6000,-0.00005,0.00161,0.29940,0.824568,-0.000007,-0.000011,-0.565763,0.3004,0.000,-0.0001,0.0000,0.3003,0.020,0.6515,0.6515,0.6515,0.6515
4.6200,-0.00005,0.00163,0.29133,0.824569,-0.000007,-0.000011,-0.565762,0.2923,0.000,-0.0001,0.0000,0.2923,0.000,0.6516,0.6516,0.6516,0.6516
4.6400,-0.00005,0.00166,0.28327,0.824570,-0.000007,-0.000011,-0.565760,0.2843,0.000,-0.0001,0.0000,0.2842,0.000,0.6516,0.6516,0.6516,0.6516
4.6600,-0.00005,0.00168,0.27520,0.824570,-0.000007,-0.000011,-0.565759,0.2762,0.000,-0.0001,0.0000,0.2761,0.000,0.6517,0.6517,0.6517,0.6517
4.6800,-0.00005,0.00170,0.26714,0.824571,-0.000007,-0.000011,-0.565758,0.2681,0.000,-0.0001,0.0000,0.2681,0.000,0.6518,0.6518,0.6518,0.6518
4.7000,-0.00005,0.00172,0.25907,0.824572,-0.000007,-0.000011,-0.565757,0.2601,0.000,-0.0001,0.0000,0.2600,0.000,0.6518,0.6518,0.6518,0.6518
4.7200,-0.00005,0.00175,0.25101,0.824573,-0.000006,-0.000011,-0.565756,0.2520,0.000,-0.0001,0.0000,0.2519,0.000,0.6518,0.6518,0.6518,0.6518
4.7400,-0.00006,0.00177,0.24294,0.824574,-0.000006,-0.000011,-0.565755,0.2439,0.000,-0.0001,0.0000,0.2439,0.000,0.6519,0.6519,0.6519,0.6519
4.7600,-0.00006,0.00179,0.23488,0.824574,-0.000006,-0.000011,-0.565754,0.2359,0.000,-0.0001,0.0000,0.2358,0.020,0.6519,0.6519,0.6519,0.6519
4.7800,-0.00006,0.00182,0.22682,0.824575,-0.000006,-0.000011,-0.565753,0.2278,0.000,-0.0001,0.0000,0.2278,0.000,0.6519,0.6519,0.6519,0.6519
4.8000,-0.00006,0.00184,0.21876,0.824576,-0.000006,-0.000011,-0.565751,0.2198,0.000,-0.0001,0.0000,0.2197,0.000,0.6519,0.6519,0.6519,0.6519
4.8200,-0.00006,0.00186,0.21070,0.824577,-0.000006,-0.000011,-0.565750,0.2117,0.000,-0.0001,0.0000,0.2117,0.000,0.6519,0.6519,0.6519,0.6519
4.8400,-0.00006,0.00189,0.20264,0.824577,-0.000006,-0.000011,-0.565749,0.2036,0.000,-0.0001,0.0000,0.2036,0.000,0.6519,0.6519,0.6519,0.6519
4.8600,-0.00007,0.00191,0.19459,0.824578,-0.000006,-0.000011,-0.565748,0.1956,0.000,-0.0001,0.0000,0.1956,0.000,0.6519,0.6519,0.6519,0.6519
4.8800,-0.00007,0.00193,0.18654,0.824579,-0.000006,-0.000011,-0.565747,0.1875,0.000,-0.0001,0.0000,0.1875,0.000,0.6519,0.6519,0.6519,0.6519
4.9000,-0.00007,0.00196,0.17849,0.824580,-0.000006,-0.000012,-0.565746,0.1795,0.000,-0.0001,0.0000,0.1795,0.020,0.6519,0.6519,0.6519,0.6519
4.9200,-0.00007,0.00198,0.17044,0.824580,-0.000006,-0.000012,-0.565745,0.1714,0.000,-0.0001,0.0000,0.1714,0.020,0.6519,0.6519,0.6519,0.6519
4.9400,-0.00007,0.00200,0.16240,0.824581,-0.000006,-0.000012,-0.565744,0.1634,0.000,-0.0001,0.0000,0.1634,0.028,0.6519,0.6519,0.6519,0.6519
4.9600,-0.00007,0.00203,0.15436,0.824582,-0.000005,-0.000012,-0.565743,0.1554,0.000,-0.0001,0.0000,0.1553,0.000,0.6519,0.6519,0.6519,0.6519
4.9800,-0.00008,0.00205,0.14632,0.824583,-0.000005,-0.000012,-0.565741,0.1473,0.000,-0.0001,0.0000,0.1473,0.000,0.6519,0.6519,0.6519,0.6519
5.0000,-0.00008,0.00208,0.13828,0.824583,-0.000005,-0.000012,-0.565740,0.1393,0.000,-0.0001,0.0000,0.1393,0.000,0.6519,0.6519,0.6519,0.6519
5.0200,-0.00008,0.00210,0.13025,0.824584,-0.000005,-0.000012,-0.565739,0.1313,0.000,-0.0001,0.0000,0.1312,0.000,0.6519,0.6519,0.6519,0.6519
5.0400,-0.00008,0.00212,0.12222,0.824585,-0.000005,-0.000012,-0.565738,0.1232,0.000,-0.0001,0.0000,0.1232,0.000,0.6519,0.6519,0.6519,0.6519
5.0600,-0.00008,0.00215,0.11419,0.824586,-0.000005,-0.000012,-0.565737,0.1152,0.000,-0.0001,0.0000,0.1152,0.020,0.6519,0.6519,0.6519,0.6519
5.0800,-0.00009,0.00217,0.10617,0.824586,-0.000005,-0.000012,-0.565736,0.1072,0.020,-0.0001,0.0000,0.1072,0.000,0.6519,0.6519,0.6519,0.6519
5.1000,-0.00009,0.00220,0.09814,0.824587,-0.000005,-0.000012,-0.565735,0.0991,0.020,-0.0001,0.0000,0.0991,0.000,0.6519,0.6519,0.6519,0.6519
5.1200,-0.00009,0.00222,0.08923,0.824588,-0.000016,-0.000005,-0.565734,0.0905,0.000,-0.0001,0.0000,0.0904,0.000,0.0105,0.0105,0.0000,0.0000
5.1400,-0.00009,0.00225,0.07719,0.824589,-0.000014,-0.000008,-0.565732,0.0789,0.000,-0.0001,0.0000,0.0787,0.000,0.0109,0.0110,0.0000,0.0000
5.1600,-0.00010,0.00227,0.06135,0.824589,-0.000012,-0.000007,-0.565732,0.0635,0.000,-0.0001,0.0000,0.0634,0.020,0.0070,0.0068,0.0000,0.0000
5.1800,-0.00010,0.00230,0.04161,0.824590,-0.000011,-0.000007,-0.565731,0.0443,0.000,-0.0001,0.0000,0.0443,0.000,0.0000,0.0000,0.0000,0.0054
5.2000,-0.00010,0.00232,0.01794,0.824591,-0.000009,-0.000008,-0.565729,0.0211,0.000,-0.0001,0.0000,0.0214,0.000,0.0000,0.0000,0.0046,0.0051
5.2200,-0.00010,0.00234,0.00159,0.824591,-0.000007,-0.000007,-0.565729,0.0021,0.000,-0.0000,0.0000,0.0013,0.000,0.0061,0.0000,0.0000,0.0075
5.2400,-0.00010,0.00234,0.00273,0.824591,-0.000004,-0.000004,-0.565729,0.0023,0.000,-0.0000,0.0000,-0.0009,0.000,0.0054,0.0000,0.0000,0.0072
5.2600,-0.00010,0.00234,0.00590,0.824591,-0.000002,-0.000002,-0.565729,0.0055,0.000,-0.0000,0.0000,0.0003,0.000,0.0000,0.0047,0.0000,0.0069
5.2800,-0.00010,0.00234,0.00805,0.824591,-0.000001,-0.000001,-0.565729,0.0078,0.000,-0.0000,0.0000,0.0012,0.000,0.0000,0.0051,0.0000,0.0068
5.3000,-0.00010,0.00234,0.00921,0.824591,-0.000000,-0.000000,-0.565729,0.0091,0.000,-0.0000,0.0000,0.0015,0.000,0.0000,0.0052,0.0000,0.0068
5.3200,-0.00010,0.00234,0.00977,0.824591,-0.000000,-0.000000,-0.565729,0.0097,0.000,-0.0000,0.0000,0.0016,0.000,0.0000,0.0053,0.0000,0.0067
5.3400,-0.00010,0.00234,0.01002,0.824591,-0.000000,-0.000000,-0.565729,0.0100,0.000,-0.0000,0.0000,0.0014,0.000,0.0000,0.0053,0.0000,0.0067
5.3600,-0.00010,0.00234,0.01012,0.824591,-0.000000,-0.000000,-0.565729,0.0101,0.000,-0.0000,0.0000,0.0013,0.000,0.0000,0.0053,0.0000,0.0068
5.3800,-0.00010,0.00234,0.01016,0.824591,-0.000000,-0.000000,-0.565729,0.0102,0.000,-0.0000,0.0000,0.0012,0.000,0.0000,0.0052,0.0000,0.0068
5.4000,-0.00010,0.00234,0.01018,0.824591,-0.000000,-0.000000,-0.565729,0.0102,0.000,-0.0000,0.0000,0.0011,0.000,0.0000,0.0052,0.0000,0.0068
5.4200,-0.00010,0.00234,0.01019,0.824591,-0.000000,-0.000000,-0.565729,0.0102,0.000,-0.0000,0.0000,0.0010,0.000,0.0000,0.0052,0.0000,0.0068
5.4400,-0.00010,0.00234,0.01019,0.824591,-0.000000,-0.000000,-0.565729,0.0102,0.000,-0.0000,0.0000,0.0010,0.000,0.0000,0.0051,0.0000,0.0068
5.4600,-0.00010,0.00234,0.01019,0.824591,0.000000,-0.000000,-0.565729,0.0102,0.000,-0.0000,0.0000,0.0010,0.000,0.0000,0.0051,0.0000,0.0068
5.4800,-0.00010,0.00234,0.01019,0.824591,0.000000,-0.000000,-0.565729,0.0102,0.000,-0.0000,0.0000,0.0010,0.000,0.0000,0.0051,0.0000,0.0068
5.5000,-0.00010,0.00234,0.01019,0.824591,0.000000,-0.000000,-0.565729,0.0102,0.000,-0.0000,0.0000,0.0010,0.000,0.0000,0.0050,0.0000,0.0068
5.5200,-0.00010,0.00234,0.01019,0.824591,0.000000,-0.000000,-0.565729,0.0102,0.000,-0.0000,0.0000,0.0010,0.000,0.0000,0.0050,0.0000,0.0069
5.5400,-0.00010,0.00234,0.01019,0.824591,0.000000,-0.000000,-0.565729,0.0102,0.000,-0.0000,0.0000,0.0010,0.000,0.0000,0.0049,0.0000,0.0069
5.5600,-0.00010,0.00234,0.01019,0.824591,0.000000,-0.000000,-0.565729,0.0102,0.000,-0.0000,0.0000,0.0010,0.000,0.0000,0.0049,0.0000,0.0069
5.5800,-0.00010,0.00234,0.01019,0.824591,0.000000,-0.000000,-0.565729,0.0102,0.000,-0.0000,0.0000,0.0010,0.000,0.0000,0.0048,0.0000,0.0069
5.6000,-0.00010,0.00234,0.01019,0.824591,0.000000,-0.000000,-0.565729,0.0102,0.000,-0.0000,0.0000,0.0011,0.000,0.0000,0.0047,0.0000,0.0069
