t,px,py,pz,qw,qx,qy,qz,alt,roll,pitch,yawrate,yawcmd,alt_est,roll_est,pitch_est,m0,m1,m2,m3
0.0000,0.00000,0.00000,0.01300,1.000000,0.000000,0.000000,0.000000,0.0130,-0.0000,0.0000,-0.0000,0.0000,-0.0000,0.0000,0.0000,0.0000,0.0000,0.0000,0.0000
0.0200,0.00000,0.00000,0.01104,1.000000,-0.000012,0.000010,0.000002,0.0115,-0.0009,-0.0007,-0.0005,0.0000,-0.0017,0.2395,0.5063,0.0000,0.0449,0.0501,0.0114
0.0400,-0.00000,-0.00000,0.00879,1.000000,-0.000027,0.000029,0.000006,0.0088,-0.0031,-0.0034,-0.0002,0.0000,-0.0009,0.2986,0.6330,0.0000,0.0378,0.0000,0.0000
0.0600,-0.00000,-0.00000,0.00908,1.000000,-0.000018,0.000020,0.000007,0.0090,-0.0022,-0.0024,-0.0000,0.0000,0.0015,0.3042,0.6452,0.0000,0.0516,0.0000,0.0356
0.0800,-0.00000,-0.00000,0.00959,1.000000,-0.000010,0.000011,0.000007,0.0095,-0.0012,-0.0014,-0.0000,0.0000,0.0035,0.3085,0.6579,0.0000,0.0338,0.0140,0.0000
0.1000,-0.00000,-0.00000,0.00991,1.000000,-0.000005,0.000005,0.000007,0.0099,-0.0006,-0.0007,-0.0000,0.0000,0.0049,0.3148,0.6686,0.0000,0.0462,0.0000,0.0254
0.1200,-0.00000,-0.00000,0.01007,1.000000,-0.000002,0.000002,0.000007,0.0101,-0.0003,-0.0003,-0.0000,0.0000,0.0058,0.3200,0.6793,0.0216,0.0000,0.0343,0.0000
0.1400,-0.00000,-0.00000,0.01014,1.000000,-0.000001,0.000001,0.000007,0.0101,-0.0001,-0.0002,-0.0000,0.0000,0.0064,0.3264,0.6936,0.0000,0.0362,0.0212,0.0000
0.1600,-0.00000,-0.00000,0.01017,1.000000,-0.000001,0.000001,0.000007,0.0102,-0.0001,-0.0001,-0.0000,0.0000,0.0068,0.3333,0.7071,0.0000,0.0365,0.0098,0.0000
0.1800,-0.00000,-0.00000,0.01018,1.000000,-0.000001,0.000001,0.000007,0.0102,-0.0001,-0.0001,-0.0000,0.0000,0.0070,0.3405,0.7196,0.0000,0.0385,0.0000,0.0000
0.2000,-0.00000,-0.00000,0.01019,1.000000,-0.000001,0.000001,0.000007,0.0102,-0.0001,-0.0001,-0.0000,0.0000,0.0072,0.3445,0.7352,0.0000,0.0322,0.0312,0.0000
0.2200,-0.00000,-0.00000,0.01019,1.000000,-0.000001,0.000001,0.000008,0.0102,-0.0001,-0.0001,-0.0000,0.0000,0.0073,0.3503,0.7519,0.0000,0.0492,0.0000,0.0140
0.2400,-0.00000,-0.00000,0.01019,1.000000,-0.000001,0.000001,0.000008,0.0102,-0.0001,-0.0001,-0.0000,0.0000,0.0074,0.3555,0.7663,0.0000,0.0332,0.0271,0.0000
0.2600,-0.00000,-0.00000,0.01019,1.000000,-0.000001,0.000001,0.000008,0.0102,-0.0001,-0.0001,-0.0000,0.0000,0.0074,0.3627,0.7819,0.0000,0.0294,0.0302,0.0000
0.2800,-0.00000,-0.00000,0.01019,1.000000,-0.000001,0.000001,0.000008,0.0102,-0.0001,-0.0001,-0.0000,0.0000,0.0074,0.3679,0.7972,0.0000,0.0347,0.0176,0.0000
0.3000,-0.00000,-0.00000,0.01019,1.000000,-0.000001,0.000001,0.000008,0.0102,-0.0001,-0.0001,-0.0000,0.0000,0.0074,0.3723,0.8120,0.0000,0.0316,0.0188,0.0000
0.3200,-0.00000,-0.00000,0.01019,1.000000,-0.000001,0.000001,0.000008,0.0102,-0.0001,-0.0001,-0.0000,0.0000,0.0075,0.3788,0.8271,0.0000,0.0440,0.0105,0.0000
0.3400,-0.00000,-0.00000,0.01019,1.000000,-0.000001,0.000001,0.000008,0.0102,-0.0001,-0.0001,-0.0000,0.0000,0.0074,0.3833,0.8454,0.0000,0.0267,0.0271,0.0000
0.3600,-0.00000,-0.00000,0.01019,1.000000,-0.000001,0.000001,0.000009,0.0102,-0.0001,-0.0001,-0.0000,0.0000,0.0074,0.3903,0.8619,0.0000,0.0417,0.0118,0.0000
0.3800,-0.00000,-0.00000,0.01019,1.000000,-0.000001,0.000001,0.000009,0.0102,-0.0001,-0.0001,-0.0000,0.0000,0.0074,0.3948,0.8814,0.0000,0.0499,0.0000,0.0000
0.4000,-0.00000,-0.00000,0.01019,1.000000,-0.000001,0.000001,0.000009,0.0102,-0.0001,-0.0001,-0.0000,0.0000,0.0074,0.4028,0.9009,0.0000,0.0436,0.0121,0.0000
0.4200,-0.00000,-0.00000,0.01020,1.000000,-0.000002,0.000003,0.000010,0.0102,-0.0002,-0.0003,-0.0001,0.0000,0.0074,0.4104,0.9197,0.7884,0.7894,0.7882,0.7878
0.4400,-0.00000,-0.00000,0.01024,1.000000,-0.000023,0.000046,0.000014,0.0102,-0.0009,-0.0022,-0.0017,0.0000,0.0074,0.4193,0.9329,0.7883,0.7905,0.7895,0.7884
0.4600,0.00000,-0.00000,0.01067,1.000000,-0.000376,0.000633,0.000092,0.0106,-0.0363,-0.0612,-0.0105,0.0000,0.0078,0.3947,0.8962,0.7804,0.7802,0.7805,0.7817
0.4800,0.00001,0.00000,0.01209,0.999998,-0.000897,0.001521,0.000221,0.0118,-0.0952,-0.1611,-0.0139,0.0000,0.0091,0.3416,0.8113,0.7653,0.7655,0.7648,0.7671
0.5000,0.00003,0.00002,0.01465,0.999996,-0.001389,0.002422,0.000367,0.0143,-0.1526,-0.2652,-0.0148,0.0000,0.0114,0.2877,0.7213,0.7505,0.7480,0.7502,0.7496
0.5200,0.00008,0.00005,0.01832,0.999993,-0.001790,0.003226,0.000512,0.0178,-0.1998,-0.3590,-0.0143,0.0000,0.0149,0.2425,0.6394,0.7358,0.7328,0.7351,0.7341
0.5400,0.00016,0.00009,0.02297,0.999990,-0.002098,0.003912,0.000653,0.0223,-0.2362,-0.4393,-0.0140,0.0000,0.0193,0.2079,0.5701,0.7214,0.7205,0.7212,0.7210
0.5600,0.00028,0.00015,0.02846,0.999987,-0.002335,0.004493,0.000791,0.0277,-0.2641,-0.5074,-0.0137,0.0000,0.0246,0.1847,0.5104,0.7082,0.7110,0.7076,0.7115
0.5800,0.00043,0.00024,0.03466,0.999984,-0.002523,0.004991,0.000927,0.0338,-0.2862,-0.5655,-0.0134,0.0000,0.0306,0.1638,0.4607,0.6998,0.6999,0.7004,0.6997
0.6000,0.00064,0.00035,0.04145,0.999981,-0.002677,0.005428,0.001061,0.0406,-0.3040,-0.6164,-0.0136,0.0000,0.0372,0.1486,0.4184,0.6917,0.6921,0.6917,0.6916
0.6200,0.00089,0.00048,0.04873,0.999978,-0.002806,0.005817,0.001196,0.0478,-0.3190,-0.6617,-0.0136,0.0000,0.0443,0.1339,0.3772,0.6861,0.6840,0.6851,0.6846
0.6400,0.00119,0.00064,0.05642,0.999976,-0.002919,0.006162,0.001330,0.0554,-0.3321,-0.7018,-0.0133,0.0000,0.0518,0.1212,0.3393,0.6797,0.6788,0.6795,0.6790
0.6600,0.00154,0.00082,0.06445,0.999973,-0.003019,0.006475,0.001460,0.0634,-0.3435,-0.7382,-0.0128,0.0000,0.0597,0.1113,0.3094,0.6749,0.6745,0.6736,0.6749
0.6800,0.00195,0.00103,0.07276,0.999971,-0.003110,0.006761,0.001585,0.0717,-0.3538,-0.7714,-0.0124,0.0000,0.0679,0.1042,0.2791,0.6712,0.6694,0.6706,0.6709
0.7000,0.00242,0.00126,0.08130,0.999969,-0.003199,0.007019,0.001709,0.0802,-0.3640,-0.8014,-0.0123,0.0000,0.0763,0.0965,0.2526,0.6669,0.6678,0.6669,0.6676
0.7200,0.00294,0.00152,0.09003,0.999967,-0.003283,0.007257,0.001829,0.0889,-0.3736,-0.8290,-0.0120,0.0000,0.0850,0.0884,0.2294,0.6658,0.6637,0.6653,0.6637
0.7400,0.00352,0.00181,0.09891,0.999965,-0.003362,0.007476,0.001947,0.0978,-0.3826,-0.8544,-0.0119,0.0000,0.0938,0.0800,0.2084,0.6632,0.6619,0.6627,0.6617
0.7600,0.00416,0.00213,0.10793,0.999962,-0.003436,0.007681,0.002066,0.1068,-0.3910,-0.8781,-0.0118,0.0000,0.1027,0.0718,0.1872,0.6602,0.6605,0.6604,0.6609
0.7800,0.00486,0.00247,0.11706,0.999960,-0.003501,0.007872,0.002186,0.1159,-0.3984,-0.9004,-0.0120,0.0000,0.1118,0.0640,0.1676,0.6588,0.6590,0.6581,0.6599
0.8000,0.00563,0.00284,0.12627,0.999959,-0.003558,0.008047,0.002307,0.1251,-0.4049,-0.9207,-0.0120,0.0000,0.1209,0.0555,0.1519,0.6560,0.6593,0.6560,0.6593
0.8200,0.00646,0.00324,0.13556,0.999957,-0.003605,0.008210,0.002429,0.1344,-0.4103,-0.9395,-0.0123,0.0000,0.1302,0.0503,0.1370,0.6576,0.6557,0.6578,0.6554
0.8400,0.00736,0.00366,0.14490,0.999955,-0.003646,0.008365,0.002553,0.1437,-0.4149,-0.9574,-0.0125,0.0000,0.1395,0.0463,0.1219,0.6564,0.6553,0.6567,0.6549
0.8600,0.00832,0.00412,0.15430,0.999953,-0.003687,0.008508,0.002675,0.1531,-0.4194,-0.9741,-0.0121,0.0000,0.1488,0.0435,0.1042,0.6548,0.6554,0.6549,0.6556
0.8800,0.00935,0.00461,0.16373,0.999952,-0.003727,0.008638,0.002799,0.1626,-0.4238,-0.9892,-0.0125,0.0000,0.1582,0.0393,0.0904,0.6549,0.6540,0.6542,0.6552
0.9000,0.01045,0.00512,0.17320,0.999950,-0.003764,0.008753,0.002927,0.1720,-0.4279,-1.0027,-0.0129,0.0000,0.1677,0.0368,0.0778,0.6524,0.6556,0.6530,0.6551
0.9200,0.01162,0.00567,0.18270,0.999949,-0.003801,0.008853,0.003057,0.1815,-0.4321,-1.0144,-0.0129,0.0000,0.1771,0.0319,0.0659,0.6530,0.6541,0.6539,0.6534
0.9400,0.01285,0.00625,0.19222,0.999948,-0.003835,0.008947,0.003185,0.1910,-0.4359,-1.0253,-0.0128,0.0000,0.1866,0.0263,0.0603,0.6540,0.6531,0.6536,0.6526
0.9600,0.01416,0.00685,0.20176,0.999946,-0.003864,0.009038,0.003313,0.2006,-0.4390,-1.0359,-0.0128,0.0000,0.1961,0.0252,0.0502,0.6533,0.6523,0.6531,0.6533
0.9800,0.01554,0.00749,0.21131,0.999945,-0.003889,0.009119,0.003442,0.2101,-0.4418,-1.0454,-0.0130,0.0000,0.2057,0.0211,0.0416,0.6547,0.6509,0.6538,0.6518
1.0000,0.01699,0.00816,0.22088,0.999944,-0.003911,0.009190,0.003571,0.2197,-0.4442,-1.0537,-0.0129,0.0000,0.2152,0.0203,0.0304,0.6523,0.6525,0.6525,0.6529
1.0200,0.01851,0.00886,0.23046,0.999943,-0.003932,0.009251,0.003701,0.2293,-0.4464,-1.0609,-0.0130,0.0000,0.2248,0.0175,0.0231,0.6518,0.6533,0.6514,0.6531
1.0400,0.02011,0.00959,0.24004,0.999942,-0.003952,0.009307,0.003830,0.2388,-0.4486,-1.0675,-0.0129,0.0000,0.2343,0.0156,0.0173,0.6514,0.6537,0.6512,0.6528
1.0600,0.02178,0.01035,0.24963,0.999941,-0.003967,0.009356,0.003960,0.2484,-0.4503,-1.0732,-0.0129,0.0000,0.2439,0.0099,0.0105,0.6513,0.6531,0.6510,0.6535
1.0800,0.02352,0.01114,0.25922,0.999940,-0.003974,0.009397,0.004087,0.2580,-0.4510,-1.0781,-0.0127,0.0000,0.2535,0.0065,0.0028,0.6508,0.6524,0.6524,0.6523
1.1000,0.02533,0.01197,0.26882,0.999939,-0.003976,0.009433,0.004215,0.2676,-0.4511,-1.0823,-0.0129,0.0000,0.2631,0.0051,0.0011,0.6513,0.6522,0.6516,0.6521
1.1200,0.02722,0.01282,0.27842,0.999938,-0.003982,0.009466,0.004346,0.2772,-0.4516,-1.0863,-0.0133,0.0000,0.2727,0.0049,-0.0038,0.6518,0.6522,0.6516,0.6518
1.1400,0.02919,0.01371,0.28802,0.999937,-0.003990,0.009498,0.004479,0.2868,-0.4523,-1.0899,-0.0132,0.0000,0.2823,0.0036,-0.0055,0.6521,0.6512,0.6520,0.6516
1.1600,0.03122,0.01463,0.29762,0.999936,-0.003998,0.009529,0.004608,0.2964,-0.4531,-1.0936,-0.0129,0.0000,0.2919,0.0018,-0.0059,0.6513,0.6519,0.6520,0.6516
1.1800,0.03334,0.01558,0.30722,0.999935,-0.004004,0.009564,0.004736,0.3060,-0.4537,-1.0976,-0.0129,0.0000,0.3015,0.0004,-0.0082,0.6519,0.6515,0.6519,0.6513
1.2000,0.03552,0.01657,0.31682,0.999934,-0.004008,0.009600,0.004866,0.3156,-0.4540,-1.1018,-0.0130,0.0000,0.3110,-0.0006,-0.0113,0.6522,0.6514,0.6526,0.6507
1.2200,0.03779,0.01758,0.32642,0.999933,-0.004009,0.009635,0.004995,0.3252,-0.4540,-1.1059,-0.0130,0.0000,0.3206,-0.0041,-0.0189,0.6532,0.6506,0.6527,0.6506
1.2400,0.04013,0.01863,0.33602,0.999932,-0.004004,0.009664,0.005124,0.3348,-0.4533,-1.1093,-0.0129,0.0000,0.3302,-0.0061,-0.0207,0.6515,0.6523,0.6513,0.6520
1.2600,0.04254,0.01971,0.34562,0.999931,-0.003997,0.009688,0.005252,0.3444,-0.4524,-1.1122,-0.0127,0.0000,0.3398,-0.0070,-0.0270,0.6521,0.6515,0.6520,0.6516
1.2800,0.04503,0.02082,0.35522,0.999931,-0.003991,0.009704,0.005376,0.3540,-0.4515,-1.1142,-0.0124,0.0000,0.3494,-0.0063,-0.0299,0.6514,0.6519,0.6511,0.6529
1.3000,0.04759,0.02196,0.36482,0.999930,-0.003984,0.009718,0.005499,0.3636,-0.4506,-1.1158,-0.0124,0.0000,0.3589,-0.0091,-0.0298,0.6520,0.6521,0.6519,0.6518
1.3200,0.05024,0.02313,0.37442,0.999929,-0.003978,0.009734,0.005628,0.3732,-0.4497,-1.1178,-0.0130,0.0000,0.3685,-0.0095,-0.0333,0.6527,0.6511,0.6530,0.6513
1.3400,0.05295,0.02434,0.38402,0.999928,-0.003971,0.009745,0.005759,0.3828,-0.4488,-1.1191,-0.0132,0.0000,0.3781,-0.0099,-0.0372,0.6520,0.6523,0.6518,0.6522
1.3600,0.05575,0.02558,0.39362,0.999927,-0.003965,0.009754,0.005889,0.3924,-0.4479,-1.1202,-0.0129,0.0000,0.3877,-0.0134,-0.0376,0.6507,0.6529,0.6512,0.6527
1.3800,0.05862,0.02684,0.40322,0.999926,-0.003957,0.009760,0.006017,0.4020,-0.4469,-1.1211,-0.0128,0.0000,0.3973,-0.0122,-0.0419,0.6535,0.6503,0.6526,0.6506
1.4000,0.06157,0.02814,0.41283,0.999926,-0.003950,0.009763,0.006141,0.4116,-0.4459,-1.1215,-0.0123,0.0000,0.4069,-0.0131,-0.0446,0.6525,0.6511,0.6520,0.6511
1.4200,0.06459,0.02948,0.42243,0.999925,-0.003944,0.009760,0.006261,0.4212,-0.4451,-1.1213,-0.0119,0.0000,0.4165,-0.0145,-0.0493,0.6517,0.6518,0.6519,0.6513
1.4400,0.06769,0.03084,0.43204,0.999924,-0.003936,0.009751,0.006380,0.4308,-0.4441,-1.1204,-0.0121,0.0000,0.4260,-0.0129,-0.0501,0.6517,0.6513,0.6524,0.6513
1.4600,0.07087,0.03223,0.44164,0.999924,-0.003932,0.009741,0.006501,0.4404,-0.4434,-1.1193,-0.0120,0.0000,0.4356,-0.0117,-0.0468,0.6521,0.6513,0.6519,0.6517
1.4800,0.07412,0.03366,0.45124,0.999923,-0.003933,0.009733,0.006622,0.4500,-0.4433,-1.1184,-0.0120,0.0000,0.4452,-0.0115,-0.0501,0.6514,0.6520,0.6513,0.6524
1.5000,0.07745,0.03512,0.46084,0.999922,-0.003931,0.009723,0.006741,0.4596,-0.4431,-1.1174,-0.0118,0.0000,0.4548,-0.0148,-0.0515,0.6512,0.6523,0.6510,0.6526
1.5200,0.08085,0.03661,0.47044,0.999922,-0.003925,0.009710,0.006859,0.4692,-0.4423,-1.1160,-0.0118,0.0000,0.4644,-0.0158,-0.0525,0.6502,0.6531,0.6513,0.6527
1.5400,0.08433,0.03812,0.48004,0.999921,-0.003917,0.009695,0.006979,0.4788,-0.4412,-1.1143,-0.0120,0.0000,0.4740,-0.0167,-0.0525,0.6520,0.6513,0.6531,0.6505
1.5600,0.08789,0.03968,0.48964,0.999920,-0.003911,0.009684,0.007099,0.4884,-0.4405,-1.1129,-0.0121,0.0000,0.4836,-0.0155,-0.0505,0.6535,0.6498,0.6530,0.6505
1.5800,0.09152,0.04126,0.49924,0.999919,-0.003906,0.009678,0.007218,0.4980,-0.4397,-1.1123,-0.0118,0.0000,0.4932,-0.0162,-0.0522,0.6500,0.6534,0.6500,0.6536
1.6000,0.09523,0.04287,0.50885,0.999919,-0.003894,0.009671,0.007339,0.5076,-0.4384,-1.1115,-0.0123,0.0000,0.5027,-0.0173,-0.0518,0.6525,0.6513,0.6523,0.6511
1.6200,0.09901,0.04452,0.51823,0.999918,-0.003880,0.009662,0.007461,0.5171,-0.4366,-1.1107,-0.0123,0.0000,0.5121,-0.0174,-0.0536,0.5152,0.5171,0.5162,0.5156
1.6400,0.10285,0.04618,0.52680,0.999917,-0.003866,0.009650,0.007584,0.5258,-0.4349,-1.1094,-0.0123,0.0000,0.5208,-0.0169,-0.0554,0.5278,0.5273,0.5277,0.5281
1.6600,0.10675,0.04787,0.53429,0.999916,-0.003853,0.009638,0.007709,0.5334,-0.4333,-1.1079,-0.0127,0.0000,0.5284,-0.0177,-0.0546,0.5423,0.5412,0.5427,0.5421
1.6800,0.11069,0.04958,0.54069,0.999916,-0.003835,0.009620,0.007838,0.5400,-0.4311,-1.1061,-0.0130,0.0000,0.5350,-0.0188,-0.0565,0.5579,0.5550,0.5575,0.5555
1.7000,0.11470,0.05132,0.54609,0.999915,-0.003813,0.009602,0.007968,0.5455,-0.4285,-1.1040,-0.0130,0.0000,0.5406,-0.0175,-0.0535,0.5690,0.5701,0.5691,0.5699
1.7200,0.11876,0.05308,0.55060,0.999914,-0.003791,0.009587,0.008100,0.5501,-0.4259,-1.1023,-0.0133,0.0000,0.5453,-0.0153,-0.0542,0.5817,0.5807,0.5812,0.5811
1.7400,0.12289,0.05486,0.55431,0.999913,-0.003770,0.009571,0.008233,0.5539,-0.4233,-1.1005,-0.0133,0.0000,0.5492,-0.0176,-0.0546,0.5916,0.5908,0.5915,0.5912
1.7600,0.12707,0.05667,0.55733,0.999912,-0.003748,0.009552,0.008363,0.5570,-0.4207,-1.0984,-0.0129,0.0000,0.5524,-0.0181,-0.0558,0.6002,0.5995,0.6004,0.6000
1.7800,0.13132,0.05850,0.55977,0.999912,-0.003727,0.009535,0.008490,0.5595,-0.4182,-1.0965,-0.0127,0.0000,0.5550,-0.0178,-0.0547,0.6074,0.6080,0.6080,0.6076
1.8000,0.13563,0.06036,0.56170,0.999911,-0.003710,0.009521,0.008613,0.5615,-0.4160,-1.0948,-0.0121,0.0000,0.5570,-0.0166,-0.0504,0.6136,0.6150,0.6144,0.6144
1.8200,0.14001,0.06225,0.56319,0.999910,-0.003700,0.009509,0.008736,0.5630,-0.4146,-1.0934,-0.0124,0.0000,0.5587,-0.0163,-0.0496,0.6203,0.6198,0.6205,0.6198
1.8400,0.14446,0.06416,0.56431,0.999909,-0.003691,0.009496,0.008862,0.5642,-0.4135,-1.0921,-0.0126,0.0000,0.5599,-0.0142,-0.0497,0.6250,0.6248,0.6257,0.6242
1.8600,0.14897,0.06610,0.56511,0.999908,-0.003679,0.009482,0.008988,0.5650,-0.4120,-1.0906,-0.0127,0.0000,0.5608,-0.0146,-0.0482,0.6286,0.6295,0.6288,0.6298
1.8800,0.15356,0.06807,0.56565,0.999907,-0.003667,0.009468,0.009116,0.5656,-0.4106,-1.0889,-0.0129,0.0000,0.5614,-0.0159,-0.0491,0.6344,0.6313,0.6340,0.6318
1.9000,0.15821,0.07006,0.56596,0.999906,-0.003652,0.009453,0.009245,0.5659,-0.4087,-1.0873,-0.0129,0.0000,0.5618,-0.0137,-0.0470,0.6371,0.6354,0.6365,0.6350
1.9200,0.16293,0.07209,0.56608,0.999905,-0.003637,0.009444,0.009371,0.5661,-0.4069,-1.0861,-0.0125,0.0000,0.5620,-0.0132,-0.0429,0.6390,0.6386,0.6390,0.6385
1.9400,0.16773,0.07414,0.56604,0.999904,-0.003621,0.009440,0.009496,0.5660,-0.4050,-1.0857,-0.0125,0.0000,0.5619,-0.0141,-0.0435,0.6414,0.6412,0.6414,0.6407
1.9600,0.17260,0.07622,0.56586,0.999903,-0.003605,0.009436,0.009621,0.5659,-0.4030,-1.0853,-0.0124,0.0000,0.5618,-0.0121,-0.0419,0.6433,0.6428,0.6432,0.6430
1.9800,0.17753,0.07832,0.56558,0.999902,-0.003591,0.009434,0.009745,0.5656,-0.4011,-1.0851,-0.0124,0.0000,0.5616,-0.0091,-0.0413,0.6445,0.6451,0.6447,0.6448
2.0000,0.18254,0.08046,0.56521,0.999900,-0.003577,0.009433,0.009867,0.5653,-0.3995,-1.0850,-0.0120,0.0000,0.5612,-0.0118,-0.0421,0.6447,0.6479,0.6442,0.6482
2.0200,0.18763,0.08262,0.56476,0.999899,-0.003563,0.009430,0.009989,0.5648,-0.3978,-1.0847,-0.0124,0.0000,0.5608,-0.0113,-0.0424,0.6481,0.6471,0.6475,0.6477
2.0400,0.19278,0.08482,0.56426,0.999898,-0.003552,0.009427,0.010114,0.5643,-0.3963,-1.0843,-0.0126,0.0000,0.5603,-0.0099,-0.0411,0.6496,0.6479,0.6493,0.6481
2.0600,0.19801,0.08704,0.56372,0.999897,-0.003544,0.009423,0.010243,0.5638,-0.3952,-1.0839,-0.0130,0.0000,0.5597,-0.0121,-0.0419,0.6491,0.6498,0.6496,0.6500
2.0800,0.20331,0.08929,0.56314,0.999896,-0.003532,0.009418,0.010371,0.5632,-0.3938,-1.0835,-0.0127,0.0000,0.5592,-0.0123,-0.0432,0.6497,0.6509,0.6506,0.6505
2.1000,0.20869,0.09156,0.56254,0.999894,-0.003517,0.009408,0.010498,0.5626,-0.3920,-1.0824,-0.0127,0.0000,0.5586,-0.0137,-0.0469,0.6509,0.6514,0.6506,0.6515
2.1200,0.21413,0.09387,0.56192,0.999893,-0.003501,0.009395,0.010625,0.5620,-0.3901,-1.0809,-0.0128,0.0000,0.5579,-0.0148,-0.0463,0.6519,0.6516,0.6511,0.6518
2.1400,0.21965,0.09620,0.56128,0.999892,-0.003485,0.009383,0.010754,0.5614,-0.3881,-1.0796,-0.0129,0.0000,0.5573,-0.0153,-0.0446,0.6516,0.6524,0.6519,0.6527
2.1600,0.22525,0.09857,0.56065,0.999891,-0.003468,0.009373,0.010883,0.5607,-0.3860,-1.0785,-0.0127,0.0000,0.5566,-0.0175,-0.0456,0.6526,0.6524,0.6531,0.6522
2.1800,0.23091,0.10096,0.56002,0.999890,-0.003444,0.009362,0.011008,0.5601,-0.3833,-1.0773,-0.0127,0.0000,0.5560,-0.0193,-0.0477,0.6541,0.6512,0.6546,0.6512
2.2000,0.23666,0.10337,0.55939,0.999888,-0.003419,0.009349,0.011134,0.5595,-0.3803,-1.0758,-0.0125,1.0000,0.5554,-0.0191,-0.0457,0.6524,0.6533,0.6531,0.6534
2.2200,0.24247,0.10582,0.55876,0.999901,-0.003403,0.009329,0.009934,0.5588,-0.3792,-1.0733,0.2239,1.0000,0.5547,-0.0202,-0.0453,0.6818,0.6244,0.6822,0.6239
2.2400,0.24836,0.10829,0.55813,0.999933,-0.003410,0.009301,0.006034,0.5582,-0.3834,-1.0689,0.4839,1.0000,0.5541,-0.0173,-0.0472,0.6729,0.6348,0.6728,0.6339
2.2600,0.25432,0.11079,0.55751,0.999951,-0.003444,0.009269,-0.000090,0.5576,-0.3933,-1.0630,0.6813,1.0000,0.5534,-0.0153,-0.0438,0.6653,0.6425,0.6647,0.6434
2.2800,0.26035,0.11332,0.55690,0.999921,-0.003499,0.009237,-0.007773,0.5570,-0.4073,-1.0563,0.8133,1.0000,0.5528,-0.0157,-0.0436,0.6624,0.6457,0.6630,0.6454
2.3000,0.26645,0.11587,0.55631,0.999816,-0.003563,0.009202,-0.016448,0.5564,-0.4235,-1.0486,0.8948,1.0000,0.5522,-0.0159,-0.0449,0.6585,0.6503,0.6580,0.6499
2.3200,0.27263,0.11845,0.55575,0.999621,-0.003635,0.009163,-0.025707,0.5558,-0.4411,-1.0401,0.9417,1.0000,0.5516,-0.0143,-0.0451,0.6552,0.6536,0.6545,0.6534
2.3400,0.27888,0.12106,0.55520,0.999329,-0.003712,0.009121,-0.035290,0.5553,-0.4597,-1.0307,0.9673,1.0000,0.5511,-0.0152,-0.0467,0.6541,0.6540,0.6544,0.6541
2.3600,0.28521,0.12370,0.55468,0.998937,-0.003786,0.009071,-0.045040,0.5547,-0.4780,-1.0203,0.9799,1.0000,0.5505,-0.0175,-0.0511,0.6550,0.6532,0.6554,0.6529
2.3800,0.29161,0.12636,0.55418,0.998445,-0.003861,0.009014,-0.054871,0.5542,-0.4962,-1.0086,0.9863,1.0000,0.5500,-0.0180,-0.0526,0.6548,0.6532,0.6549,0.6533
2.4000,0.29808,0.12905,0.55369,0.997855,-0.003936,0.008953,-0.064735,0.5538,-0.5143,-0.9962,0.9892,1.0000,0.5495,-0.0185,-0.0540,0.6532,0.6541,0.6535,0.6545
2.4200,0.30462,0.13176,0.55323,0.997165,-0.004011,0.008891,-0.074611,0.5533,-0.5322,-0.9833,0.9902,1.0000,0.5490,-0.0205,-0.0516,0.6538,0.6538,0.6533,0.6542
2.4400,0.31124,0.13450,0.55278,0.996378,-0.004081,0.008829,-0.084481,0.5528,-0.5494,-0.9703,0.9901,1.0000,0.5486,-0.0212,-0.0506,0.6549,0.6522,0.6544,0.6535
2.4600,0.31792,0.13727,0.55236,0.995493,-0.004151,0.008770,-0.094343,0.5524,-0.5663,-0.9573,0.9903,1.0000,0.5481,-0.0210,-0.0500,0.6518,0.6558,0.6522,0.6553
2.4800,0.32468,0.14006,0.55195,0.994510,-0.004221,0.008707,-0.104195,0.5520,-0.5830,-0.9437,0.9900,1.0000,0.5477,-0.0202,-0.0508,0.6554,0.6525,0.6545,0.6526
2.5000,0.33151,0.14288,0.55155,0.993430,-0.004292,0.008643,-0.114038,0.5516,-0.5996,-0.9296,0.9904,1.0000,0.5473,-0.0215,-0.0483,0.6525,0.6547,0.6531,0.6543
2.5200,0.33841,0.14572,0.55118,0.992252,-0.004360,0.008581,-0.123871,0.5512,-0.6157,-0.9156,0.9904,1.0000,0.5469,-0.0233,-0.0461,0.6533,0.6536,0.6538,0.6535
2.5400,0.34539,0.14859,0.55081,0.990976,-0.004427,0.008522,-0.133692,0.5509,-0.6314,-0.9017,0.9905,1.0000,0.5465,-0.0235,-0.0454,0.6542,0.6529,0.6538,0.6531
2.5600,0.35243,0.15149,0.55047,0.989604,-0.004491,0.008462,-0.143502,0.5505,-0.6466,-0.8876,0.9904,1.0000,0.5462,-0.0218,-0.0453,0.6539,0.6531,0.6542,0.6525
2.5800,0.35955,0.15441,0.55014,0.988134,-0.004554,0.008402,-0.153294,0.5502,-0.6615,-0.8732,0.9901,1.0000,0.5458,-0.0221,-0.0430,0.6525,0.6547,0.6523,0.6542
2.6000,0.36674,0.15736,0.54982,0.986569,-0.004618,0.008345,-0.163068,0.5499,-0.6763,-0.8590,0.9897,1.0000,0.5455,-0.0207,-0.0433,0.6541,0.6527,0.6538,0.6525
2.6200,0.37399,0.16033,0.54951,0.984907,-0.004683,0.008285,-0.172821,0.5496,-0.6909,-0.8442,0.9891,1.0000,0.5452,-0.0236,-0.0431,0.6529,0.6539,0.6528,0.6540
2.6400,0.38132,0.16333,0.54922,0.983150,-0.004749,0.008224,-0.182552,0.5493,-0.7053,-0.8291,0.9888,1.0000,0.5449,-0.0206,-0.0412,0.6531,0.6538,0.6533,0.6533
2.6600,0.38872,0.16635,0.54894,0.981297,-0.004818,0.008161,-0.192266,0.5490,-0.7199,-0.8136,0.9891,1.0000,0.5446,-0.0187,-0.0401,0.6535,0.6535,0.6538,0.6527
2.6800,0.39619,0.16940,0.54868,0.979347,-0.004888,0.008098,-0.201964,0.5487,-0.7343,-0.7977,0.9893,1.0000,0.5443,-0.0189,-0.0408,0.6538,0.6530,0.6529,0.6534
2.7000,0.40373,0.17247,0.54842,0.977301,-0.004958,0.008030,-0.211645,0.5485,-0.7483,-0.7812,0.9898,1.0000,0.5440,-0.0151,-0.0423,0.6531,0.6534,0.6537,0.6530
2.7200,0.41134,0.17556,0.54818,0.975159,-0.005027,0.007962,-0.221307,0.5482,-0.7620,-0.7644,0.9898,1.0000,0.5438,-0.0168,-0.0405,0.6541,0.6531,0.6538,0.6530
2.7400,0.41902,0.17868,0.54796,0.972920,-0.005093,0.007894,-0.230950,0.5480,-0.7752,-0.7474,0.9900,1.0000,0.5435,-0.0182,-0.0395,0.6535,0.6529,0.6540,0.6534
2.7600,0.42677,0.18183,0.54774,0.970586,-0.005156,0.007825,-0.240570,0.5478,-0.7877,-0.7303,0.9899,1.0000,0.5433,-0.0166,-0.0421,0.6537,0.6531,0.6537,0.6533
2.7800,0.43459,0.18500,0.54754,0.968158,-0.005221,0.007753,-0.250165,0.5476,-0.8000,-0.7127,0.9898,1.0000,0.5431,-0.0180,-0.0408,0.6527,0.6544,0.6524,0.6543
2.8000,0.44247,0.18820,0.54736,0.965635,-0.005287,0.007683,-0.259734,0.5474,-0.8122,-0.6950,0.9896,1.0000,0.5429,-0.0199,-0.0396,0.6533,0.6537,0.6534,0.6531
2.8200,0.45043,0.19142,0.54719,0.963018,-0.005352,0.007616,-0.269278,0.5472,-0.8242,-0.6775,0.9897,1.0000,0.5427,-0.0209,-0.0392,0.6535,0.6533,0.6537,0.6529
2.8400,0.45846,0.19466,0.54703,0.960305,-0.005415,0.007548,-0.278796,0.5470,-0.8357,-0.6599,0.9896,1.0000,0.5425,-0.0219,-0.0406,0.6551,0.6514,0.6552,0.6515
2.8600,0.46655,0.19793,0.54688,0.957499,-0.005472,0.007478,-0.288289,0.5469,-0.8462,-0.6421,0.9899,1.0000,0.5423,-0.0250,-0.0402,0.6529,0.6539,0.6533,0.6533
2.8800,0.47472,0.20122,0.54674,0.954599,-0.005527,0.007403,-0.297751,0.5468,-0.8560,-0.6236,0.9896,1.0000,0.5421,-0.0249,-0.0410,0.6533,0.6534,0.6530,0.6534
2.9000,0.48295,0.20454,0.54662,0.951606,-0.005578,0.007324,-0.307183,0.5466,-0.8650,-0.6047,0.9896,1.0000,0.5420,-0.0227,-0.0367,0.6537,0.6525,0.6537,0.6529
2.9200,0.49125,0.20788,0.54651,0.948520,-0.005631,0.007248,-0.316585,0.5465,-0.8740,-0.5859,0.9894,1.0000,0.5419,-0.0231,-0.0357,0.6539,0.6523,0.6537,0.6528
2.9400,0.49962,0.21124,0.54641,0.945341,-0.005684,0.007171,-0.325954,0.5464,-0.8826,-0.5669,0.9895,1.0000,0.5417,-0.0219,-0.0335,0.6517,0.6546,0.6512,0.6549
2.9600,0.50806,0.21463,0.54632,0.942069,-0.005738,0.007098,-0.335294,0.5463,-0.8911,-0.5481,0.9897,1.0000,0.5416,-0.0198,-0.0325,0.6535,0.6529,0.6530,0.6528
2.9800,0.51656,0.21804,0.54625,0.938705,-0.005794,0.007027,-0.344602,0.5463,-0.8998,-0.5294,0.9898,1.0000,0.5415,-0.0174,-0.0296,0.6530,0.6530,0.6526,0.6529
3.0000,0.52514,0.22148,0.54618,0.935249,-0.005853,0.006956,-0.353874,0.5462,-0.9083,-0.5105,0.9893,1.0000,0.5415,-0.0157,-0.0304,0.6522,0.6528,0.6530,0.6529
3.0200,0.53378,0.22494,0.54611,0.931702,-0.005911,0.006887,-0.363109,0.5461,-0.9167,-0.4916,0.9894,1.0000,0.5414,-0.0163,-0.0308,0.6518,0.6537,0.6518,0.6529
3.0400,0.54248,0.22842,0.54606,0.928064,-0.005965,0.006818,-0.372310,0.5461,-0.9244,-0.4729,0.9895,1.0000,0.5413,-0.0200,-0.0301,0.6530,0.6524,0.6536,0.6510
3.0600,0.55126,0.23193,0.54601,0.924334,-0.006016,0.006749,-0.381476,0.5460,-0.9314,-0.4543,0.9896,1.0000,0.5413,-0.0190,-0.0317,0.6527,0.6519,0.6530,0.6524
3.0800,0.56010,0.23546,0.54596,0.920515,-0.006066,0.006674,-0.390603,0.5460,-0.9379,-0.4349,0.9894,1.0000,0.5412,-0.0179,-0.0319,0.6517,0.6536,0.6513,0.6536
3.1000,0.56901,0.23901,0.54592,0.916605,-0.006117,0.006594,-0.399692,0.5459,-0.9439,-0.4149,0.9895,1.0000,0.5412,-0.0181,-0.0322,0.6530,0.6522,0.6533,0.6518
3.1200,0.57798,0.24259,0.54588,0.912606,-0.006167,0.006510,-0.408742,0.5459,-0.9492,-0.3946,0.9895,1.0000,0.5411,-0.0190,-0.0335,0.6516,0.6535,0.6513,0.6537
3.1400,0.58702,0.24619,0.54584,0.908517,-0.006217,0.006428,-0.417753,0.5458,-0.9544,-0.3741,0.9897,1.0000,0.5411,-0.0188,-0.0302,0.6534,0.6517,0.6536,0.6515
3.1600,0.59613,0.24981,0.54582,0.904337,-0.006267,0.006348,-0.426726,0.5458,-0.9593,-0.3539,0.9900,1.0000,0.5410,-0.0178,-0.0310,0.6523,0.6530,0.6517,0.6528
3.1800,0.60531,0.25346,0.54579,0.900069,-0.006318,0.006268,-0.435657,0.5458,-0.9640,-0.3336,0.9900,1.0000,0.5410,-0.0164,-0.0310,0.6528,0.6519,0.6533,0.6515
3.2000,0.61455,0.25713,0.54577,0.895713,-0.006370,0.006187,-0.444543,0.5458,-0.9685,-0.3132,0.9894,1.0000,0.5409,-0.0175,-0.0300,0.6523,0.6527,0.6524,0.6523
3.2200,0.62385,0.26083,0.54575,0.891271,-0.006423,0.006105,-0.453384,0.5458,-0.9728,-0.2924,0.9894,1.0000,0.5409,-0.0148,-0.0306,0.6534,0.6517,0.6530,0.6517
3.2400,0.63322,0.26454,0.54573,0.886743,-0.006476,0.006023,-0.462179,0.5457,-0.9766,-0.2716,0.9893,1.0000,0.5409,-0.0162,-0.0290,0.6522,0.6528,0.6517,0.6536
3.2600,0.64266,0.26828,0.54572,0.882126,-0.006524,0.005940,-0.470931,0.5457,-0.9797,-0.2510,0.9897,1.0000,0.5408,-0.0182,-0.0288,0.6530,0.6523,0.6534,0.6515
3.2800,0.65216,0.27205,0.54572,0.877421,-0.006572,0.005859,-0.479640,0.5457,-0.9825,-0.2304,0.9899,1.0000,0.5408,-0.0151,-0.0299,0.6530,0.6528,0.6530,0.6519
3.3000,0.66173,0.27583,0.54571,0.872631,-0.006623,0.005779,-0.488301,0.5457,-0.9853,-0.2098,0.9898,1.0000,0.5408,-0.0160,-0.0317,0.6517,0.6531,0.6517,0.6541
3.3200,0.67136,0.27964,0.54572,0.867756,-0.006676,0.005696,-0.496912,0.5457,-0.9879,-0.1889,0.9896,1.0000,0.5408,-0.0167,-0.0314,0.6541,0.6512,0.6530,0.6520
3.3400,0.68106,0.28347,0.54573,0.862797,-0.006730,0.005612,-0.505475,0.5457,-0.9903,-0.1677,0.9896,1.0000,0.5408,-0.0156,-0.0331,0.6522,0.6527,0.6526,0.6530
3.3600,0.69082,0.28733,0.54574,0.857752,-0.006787,0.005523,-0.513989,0.5457,-0.9923,-0.1459,0.9896,1.0000,0.5408,-0.0171,-0.0349,0.6526,0.6525,0.6529,0.6527
3.3800,0.70065,0.29121,0.54576,0.852625,-0.006842,0.005433,-0.522451,0.5458,-0.9936,-0.1240,0.9896,1.0000,0.5407,-0.0163,-0.0327,0.6522,0.6527,0.6526,0.6526
3.4000,0.71054,0.29511,0.54578,0.847414,-0.006895,0.005341,-0.530862,0.5458,-0.9945,-0.1020,0.9896,0.0000,0.5408,-0.0179,-0.0318,0.6532,0.6519,0.6527,0.6522
3.4200,0.72050,0.29904,0.54580,0.842833,-0.006937,0.005258,-0.538105,0.5458,-0.9944,-0.0821,0.7531,0.0000,0.5408,-0.0180,-0.0286,0.6243,0.6808,0.6234,0.6810
3.4400,0.73052,0.30299,0.54581,0.839661,-0.006959,0.005193,-0.543042,0.5458,-0.9930,-0.0681,0.4932,0.0000,0.5408,-0.0180,-0.0284,0.6340,0.6706,0.6345,0.6713
3.4600,0.74060,0.30697,0.54583,0.837675,-0.006966,0.005145,-0.546101,0.5458,-0.9909,-0.0588,0.2959,0.0000,0.5408,-0.0193,-0.0244,0.6410,0.6641,0.6411,0.6638
3.4800,0.75075,0.31096,0.54584,0.836532,-0.006961,0.005111,-0.547850,0.5458,-0.9885,-0.0534,0.1638,0.0000,0.5408,-0.0201,-0.0258,0.6463,0.6586,0.6473,0.6578
3.5000,0.76096,0.31499,0.54587,0.835928,-0.006954,0.005084,-0.548771,0.5459,-0.9861,-0.0500,0.0828,0.0000,0.5408,-0.0177,-0.0259,0.6492,0.6555,0.6504,0.6546
3.5200,0.77123,0.31903,0.54589,0.835647,-0.006946,0.005060,-0.549200,0.5459,-0.9839,-0.0476,0.0357,0.0000,0.5408,-0.0190,-0.0284,0.6503,0.6539,0.6506,0.6545
3.5400,0.78157,0.32310,0.54592,0.835547,-0.006935,0.005041,-0.549352,0.5459,-0.9817,-0.0462,0.0097,0.0000,0.5408,-0.0179,-0.0276,0.6523,0.6526,0.6519,0.6527
3.5600,0.79197,0.32719,0.54595,0.835543,-0.006922,0.005023,-0.549359,0.5459,-0.9793,-0.0453,-0.0034,0.0000,0.5409,-0.0156,-0.0317,0.6524,0.6522,0.6518,0.6524
3.5800,0.80243,0.33131,0.54598,0.835584,-0.006913,0.005003,-0.549297,0.5460,-0.9771,-0.0441,-0.0092,0.0000,0.5409,-0.0128,-0.0338,0.6524,0.6520,0.6528,0.6514
3.6000,0.81296,0.33545,0.54602,0.835644,-0.006908,0.004981,-0.549206,0.5460,-0.9752,-0.0424,-0.0119,0.0000,0.5409,-0.0116,-0.0328,0.6527,0.6517,0.6525,0.6516
3.6200,0.82355,0.33961,0.54605,0.835716,-0.006908,0.004957,-0.549096,0.5460,-0.9736,-0.0403,-0.0136,0.0000,0.5409,-0.0125,-0.0316,0.6528,0.6516,0.6522,0.6518
3.6400,0.83420,0.34380,0.54609,0.835792,-0.006903,0.004932,-0.548980,0.5461,-0.9717,-0.0384,-0.0140,0.0000,0.5410,-0.0114,-0.0299,0.6521,0.6522,0.6520,0.6525
3.6600,0.84491,0.34802,0.54612,0.835869,-0.006896,0.004909,-0.548863,0.5461,-0.9695,-0.0367,-0.0140,0.0000,0.5410,-0.0117,-0.0291,0.6519,0.6522,0.6517,0.6529
3.6800,0.85568,0.35225,0.54616,0.835946,-0.006890,0.004886,-0.548746,0.5462,-0.9675,-0.0350,-0.0139,0.0000,0.5410,-0.0130,-0.0291,0.6518,0.6529,0.6515,0.6525
3.7000,0.86652,0.35651,0.54620,0.836022,-0.006886,0.004865,-0.548632,0.5462,-0.9658,-0.0333,-0.0135,0.0000,0.5410,-0.0109,-0.0287,0.6513,0.6532,0.6513,0.6530
3.7200,0.87742,0.36080,0.54623,0.836096,-0.006887,0.004845,-0.548518,0.5462,-0.9646,-0.0316,-0.0136,0.0000,0.5411,-0.0092,-0.0307,0.6518,0.6518,0.6524,0.6523
3.7400,0.88838,0.36511,0.54627,0.836172,-0.006889,0.004824,-0.548403,0.5463,-0.9635,-0.0295,-0.0138,0.0000,0.5411,-0.0107,-0.0294,0.6522,0.6516,0.6531,0.6515
3.7600,0.89940,0.36944,0.54631,0.836245,-0.006887,0.004801,-0.548291,0.5463,-0.9618,-0.0276,-0.0132,0.0000,0.5411,-0.0109,-0.0304,0.6523,0.6524,0.6523,0.6516
3.7800,0.91048,0.37380,0.54635,0.836317,-0.006883,0.004776,-0.548182,0.5463,-0.9600,-0.0256,-0.0129,0.0000,0.5412,-0.0142,-0.0317,0.6527,0.6516,0.6532,0.6516
3.8000,0.92162,0.37818,0.54638,0.836388,-0.006874,0.004754,-0.548074,0.5464,-0.9577,-0.0240,-0.0130,0.0000,0.5412,-0.0139,-0.0279,0.6524,0.6522,0.6521,0.6524
3.8200,0.93283,0.38259,0.54642,0.836458,-0.006865,0.004733,-0.547967,0.5464,-0.9556,-0.0227,-0.0127,0.0000,0.5412,-0.0135,-0.0262,0.6514,0.6530,0.6517,0.6528
3.8400,0.94409,0.38702,0.54646,0.836529,-0.006856,0.004716,-0.547860,0.5465,-0.9536,-0.0217,-0.0128,0.0000,0.5412,-0.0142,-0.0267,0.6517,0.6530,0.6518,0.6521
3.8600,0.95542,0.39148,0.54651,0.836599,-0.006848,0.004701,-0.547752,0.5465,-0.9518,-0.0210,-0.0129,0.0000,0.5413,-0.0146,-0.0270,0.6529,0.6511,0.6529,0.6519
3.8800,0.96680,0.39596,0.54655,0.836670,-0.006838,0.004686,-0.547645,0.5465,-0.9500,-0.0203,-0.0129,0.0000,0.5413,-0.0151,-0.0275,0.6531,0.6511,0.6529,0.6513
3.9000,0.97825,0.40047,0.54659,0.836740,-0.006827,0.004671,-0.547537,0.5466,-0.9479,-0.0196,-0.0128,0.0000,0.5413,-0.0129,-0.0260,0.6514,0.6529,0.6516,0.6523
3.9200,0.98975,0.40500,0.54664,0.836811,-0.006815,0.004657,-0.547430,0.5466,-0.9459,-0.0191,-0.0127,0.0000,0.5414,-0.0105,-0.0241,0.6514,0.6529,0.6512,0.6528
3.9400,1.00132,0.40955,0.54668,0.836882,-0.006810,0.004646,-0.547322,0.5467,-0.9447,-0.0185,-0.0129,0.0000,0.5414,-0.0090,-0.0252,0.6513,0.6529,0.6516,0.6521
3.9600,1.01294,0.41414,0.54672,0.836953,-0.006810,0.004635,-0.547213,0.5467,-0.9439,-0.0176,-0.0130,0.0000,0.5414,-0.0079,-0.0243,0.6509,0.6523,0.6516,0.6532
3.9800,1.02463,0.41874,0.54676,0.837025,-0.006809,0.004627,-0.547103,0.5468,-0.9433,-0.0170,-0.0131,0.0000,0.5415,-0.0085,-0.0214,0.6518,0.6523,0.6522,0.6520
4.0000,1.03637,0.42337,0.54680,0.837097,-0.006804,0.004620,-0.546993,0.5468,-0.9424,-0.0168,-0.0131,0.0000,0.5415,-0.0087,-0.0233,0.6515,0.6521,0.6525,0.6523
4.0200,1.04817,0.42803,0.54668,0.837168,-0.006800,0.004607,-0.546884,0.5467,-0.9413,-0.0160,-0.0132,0.0000,0.5414,-0.0082,-0.0226,0.5482,0.5485,0.5482,0.5478
4.0400,1.06002,0.43270,0.54591,0.837240,-0.006792,0.004590,-0.546774,0.5460,-0.9395,-0.0149,-0.0131,0.0000,0.5407,-0.0092,-0.0245,0.5600,0.5609,0.5605,0.5606
4.0600,1.07192,0.43740,0.54433,0.837312,-0.006790,0.004573,-0.546664,0.5446,-0.9381,-0.0136,-0.0133,0.0000,0.5392,-0.0070,-0.0251,0.5752,0.5739,0.5745,0.5737
4.0800,1.08386,0.44211,0.54195,0.837385,-0.006790,0.004559,-0.546552,0.5423,-0.9372,-0.0123,-0.0134,0.0000,0.5369,-0.0099,-0.0227,0.5860,0.5874,0.5866,0.5880
4.1000,1.09586,0.44685,0.53885,0.837459,-0.006789,0.004546,-0.546439,0.5393,-0.9363,-0.0112,-0.0135,0.0000,0.5340,-0.0076,-0.0223,0.5971,0.5987,0.5979,0.5983
4.1200,1.10790,0.45160,0.53513,0.837533,-0.006790,0.004532,-0.546325,0.5356,-0.9355,-0.0101,-0.0137,0.0000,0.5304,-0.0049,-0.0216,0.6100,0.6052,0.6089,0.6056
4.1400,1.12000,0.45638,0.53089,0.837606,-0.006790,0.004521,-0.546213,0.5314,-0.9349,-0.0091,-0.0132,0.0000,0.5263,-0.0056,-0.0216,0.6159,0.6146,0.6158,0.6145
4.1600,1.13214,0.46118,0.52622,0.837676,-0.006793,0.004510,-0.546107,0.5268,-0.9344,-0.0080,-0.0126,0.0000,0.5217,-0.0037,-0.0219,0.6213,0.6224,0.6215,0.6220
4.1800,1.14434,0.46601,0.52118,0.837746,-0.006796,0.004500,-0.546000,0.5218,-0.9340,-0.0069,-0.0129,0.0000,0.5168,-0.0055,-0.0215,0.6256,0.6282,0.6266,0.6280
4.2000,1.15660,0.47085,0.51585,0.837816,-0.006797,0.004485,-0.545892,0.5165,-0.9333,-0.0056,-0.0129,0.0000,0.5116,-0.0087,-0.0210,0.6314,0.6318,0.6320,0.6313
4.2200,1.16890,0.47572,0.51027,0.837887,-0.006795,0.004467,-0.545783,0.5110,-0.9320,-0.0041,-0.0130,0.0000,0.5061,-0.0095,-0.0197,0.6348,0.6356,0.6351,0.6356
4.2400,1.18127,0.48062,0.50449,0.837960,-0.006788,0.004451,-0.545671,0.5052,-0.9304,-0.0030,-0.0132,0.0000,0.5003,-0.0105,-0.0179,0.6388,0.6376,0.6381,0.6383
4.2600,1.19369,0.48554,0.49855,0.838031,-0.006776,0.004436,-0.545562,0.4993,-0.9283,-0.0024,-0.0129,0.0000,0.4945,-0.0093,-0.0165,0.6408,0.6403,0.6404,0.6410
4.2800,1.20617,0.49048,0.49247,0.838102,-0.006763,0.004421,-0.545454,0.4932,-0.9262,-0.0020,-0.0127,0.0000,0.4884,-0.0098,-0.0150,0.6412,0.6441,0.6423,0.6431
4.3000,1.21870,0.49545,0.48627,0.838171,-0.006748,0.004406,-0.545348,0.4871,-0.9238,-0.0015,-0.0127,0.0000,0.4823,-0.0084,-0.0154,0.6439,0.6443,0.6438,0.6453
4.3200,1.23129,0.50045,0.47999,0.838241,-0.006739,0.004393,-0.545240,0.4808,-0.9220,-0.0010,-0.0129,0.0000,0.4760,-0.0063,-0.0173,0.6463,0.6451,0.6463,0.6450
4.3400,1.24393,0.50547,0.47363,0.838311,-0.006732,0.004381,-0.545133,0.4744,-0.9206,-0.0004,-0.0126,0.0000,0.4697,-0.0051,-0.0178,0.6471,0.6464,0.6468,0.6469
4.3600,1.25664,0.51051,0.46721,0.838379,-0.006726,0.004370,-0.545028,0.4680,-0.9193,0.0002,-0.0126,0.0000,0.4633,-0.0043,-0.0186,0.6467,0.6482,0.6477,0.6485
4.3800,1.26940,0.51558,0.46074,0.838450,-0.006725,0.004359,-0.544920,0.4616,-0.9184,0.0009,-0.0131,0.0000,0.4569,-0.0033,-0.0196,0.6474,0.6502,0.6477,0.6494
4.4000,1.28221,0.52068,0.45423,0.838522,-0.006726,0.004346,-0.544809,0.4550,-0.9177,0.0022,-0.0132,0.0000,0.4504,-0.0025,-0.0193,0.6482,0.6507,0.6483,0.6499
4.4200,1.29509,0.52580,0.44769,0.838596,-0.006727,0.004332,-0.544696,0.4485,-0.9170,0.0034,-0.0135,0.0000,0.4438,-0.0034,-0.0190,0.6491,0.6506,0.6496,0.6504
4.4400,1.30802,0.53094,0.44113,0.838669,-0.006728,0.004320,-0.544583,0.4419,-0.9163,0.0046,-0.0134,0.0000,0.4372,-0.0042,-0.0189,0.6503,0.6503,0.6503,0.6507
4.4600,1.32100,0.53612,0.43454,0.838742,-0.006730,0.004307,-0.544471,0.4354,-0.9156,0.0058,-0.0134,0.0000,0.4307,-0.0043,-0.0228,0.6499,0.6512,0.6501,0.6516
4.4800,1.33405,0.54131,0.42794,0.838816,-0.006733,0.004288,-0.544357,0.4288,-0.9149,0.0076,-0.0135,0.0000,0.4241,-0.0066,-0.0226,0.6506,0.6513,0.6507,0.6515
4.5000,1.34715,0.54654,0.42134,0.838888,-0.006731,0.004268,-0.544246,0.4222,-0.9134,0.0094,-0.0131,0.0000,0.4175,-0.0104,-0.0222,0.6519,0.6508,0.6520,0.6506
4.5200,1.36031,0.55179,0.41472,0.838959,-0.006724,0.004250,-0.544136,0.4155,-0.9117,0.0105,-0.0131,0.0000,0.4108,-0.0100,-0.0211,0.6510,0.6525,0.6501,0.6528
4.5400,1.37352,0.55706,0.40810,0.839031,-0.006715,0.004234,-0.544026,0.4089,-0.9098,0.0114,-0.0132,0.0000,0.4042,-0.0113,-0.0216,0.6506,0.6529,0.6510,0.6524
4.5600,1.38679,0.56237,0.40147,0.839103,-0.006705,0.004213,-0.543914,0.4023,-0.9077,0.0126,-0.0132,0.0000,0.3976,-0.0091,-0.0236,0.6514,0.6525,0.6520,0.6516
4.5800,1.40012,0.56769,0.39485,0.839175,-0.006697,0.004194,-0.543804,0.3957,-0.9056,0.0139,-0.0133,0.0000,0.3909,-0.0080,-0.0200,0.6525,0.6518,0.6521,0.6517
4.6000,1.41350,0.57305,0.38823,0.839249,-0.006690,0.004179,-0.543690,0.3891,-0.9040,0.0148,-0.0135,0.0000,0.3843,-0.0043,-0.0189,0.6515,0.6526,0.6517,0.6522
4.6200,1.42694,0.57843,0.38161,0.839323,-0.006684,0.004171,-0.543576,0.3824,-0.9028,0.0152,-0.0136,0.0000,0.3777,-0.0040,-0.0195,0.6526,0.6517,0.6521,0.6520
4.6400,1.44044,0.58384,0.37499,0.839397,-0.006678,0.004162,-0.543463,0.3758,-0.9017,0.0155,-0.0134,0.0000,0.3710,-0.0070,-0.0199,0.6523,0.6519,0.6525,0.6519
4.6600,1.45399,0.58927,0.36838,0.839469,-0.006668,0.004150,-0.543351,0.3692,-0.9001,0.0159,-0.0133,0.0000,0.3644,-0.0067,-0.0203,0.6532,0.6511,0.6527,0.6519
4.6800,1.46760,0.59473,0.36177,0.839540,-0.006664,0.004137,-0.543241,0.3626,-0.8988,0.0166,-0.0131,0.0000,0.3578,-0.0049,-0.0208,0.6532,0.6522,0.6526,0.6514
4.7000,1.48126,0.60021,0.35516,0.839610,-0.006664,0.004126,-0.543133,0.3560,-0.8980,0.0177,-0.0129,0.0000,0.3512,-0.0052,-0.0198,0.6520,0.6527,0.6526,0.6522
4.7200,1.49498,0.60573,0.34856,0.839680,-0.006664,0.004114,-0.543024,0.3494,-0.8973,0.0187,-0.0129,0.0000,0.3446,-0.0074,-0.0198,0.6536,0.6512,0.6534,0.6518
4.7400,1.50875,0.61126,0.34197,0.839750,-0.006657,0.004107,-0.542917,0.3428,-0.8963,0.0190,-0.0127,0.0000,0.3379,-0.0073,-0.0177,0.6511,0.6538,0.6510,0.6538
4.7600,1.52258,0.61683,0.33538,0.839820,-0.006649,0.004100,-0.542808,0.3362,-0.8951,0.0190,-0.0131,0.0000,0.3313,-0.0047,-0.0177,0.6521,0.6529,0.6522,0.6530
4.7800,1.53647,0.62242,0.32880,0.839893,-0.006642,0.004094,-0.542696,0.3296,-0.8940,0.0191,-0.0134,0.0000,0.3247,-0.0037,-0.0170,0.6521,0.6533,0.6515,0.6534
4.8000,1.55041,0.62804,0.32223,0.839965,-0.006637,0.004088,-0.542584,0.3231,-0.8931,0.0192,-0.0132,0.0000,0.3182,-0.0041,-0.0144,0.6517,0.6533,0.6515,0.6533
4.8200,1.56441,0.63368,0.31566,0.840036,-0.006632,0.004084,-0.542474,0.3165,-0.8924,0.0191,-0.0131,0.0000,0.3116,-0.0031,-0.0160,0.6524,0.6526,0.6521,0.6525
4.8400,1.57846,0.63935,0.30911,0.840109,-0.006630,0.004073,-0.542362,0.3099,-0.8916,0.0197,-0.0135,0.0000,0.3050,-0.0050,-0.0176,0.6529,0.6517,0.6534,0.6515
4.8600,1.59256,0.64505,0.30255,0.840182,-0.006627,0.004058,-0.542249,0.3034,-0.8904,0.0210,-0.0135,0.0000,0.2985,-0.0061,-0.0158,0.6513,0.6532,0.6519,0.6530
4.8800,1.60673,0.65077,0.29601,0.840255,-0.006625,0.004043,-0.542136,0.2968,-0.8892,0.0221,-0.0132,0.0000,0.2919,-0.0043,-0.0174,0.6526,0.6523,0.6529,0.6521
4.9000,1.62094,0.65652,0.28947,0.840324,-0.006624,0.004027,-0.542029,0.2903,-0.8882,0.0235,-0.0127,0.0000,0.2853,-0.0052,-0.0193,0.6529,0.6518,0.6524,0.6526
4.9200,1.63521,0.66230,0.28294,0.840393,-0.006624,0.004008,-0.541922,0.2838,-0.8870,0.0252,-0.0127,0.0000,0.2788,-0.0062,-0.0172,0.6524,0.6520,0.6528,0.6524
4.9400,1.64954,0.66810,0.27641,0.840462,-0.006618,0.003994,-0.541815,0.2772,-0.8856,0.0262,-0.0129,0.0000,0.2723,-0.0078,-0.0147,0.6530,0.6520,0.6526,0.6518
4.9600,1.66392,0.67393,0.26989,0.840534,-0.006605,0.003979,-0.541704,0.2707,-0.8835,0.0267,-0.0132,0.0000,0.2657,-0.0091,-0.0145,0.6516,0.6532,0.6515,0.6532
4.9800,1.67836,0.67979,0.26338,0.840607,-0.006591,0.003963,-0.541592,0.2642,-0.8812,0.0272,-0.0134,0.0000,0.2592,-0.0082,-0.0159,0.6520,0.6526,0.6525,0.6524
5.0000,1.69284,0.68567,0.25687,0.840678,-0.006580,0.003949,-0.541480,0.2577,-0.8792,0.0278,-0.0131,0.0000,0.2527,-0.0068,-0.0152,0.6525,0.6523,0.6530,0.6520
5.0200,1.70739,0.69158,0.25037,0.840750,-0.006574,0.003935,-0.541370,0.2512,-0.8777,0.0286,-0.0132,0.0000,0.2462,-0.0056,-0.0174,0.6527,0.6524,0.6536,0.6511
5.0400,1.72199,0.69752,0.24388,0.840821,-0.006572,0.003921,-0.541259,0.2447,-0.8766,0.0296,-0.0133,0.0000,0.2397,-0.0072,-0.0170,0.6527,0.6524,0.6525,0.6522
5.0600,1.73664,0.70348,0.23739,0.840894,-0.006569,0.003906,-0.541147,0.2382,-0.8754,0.0308,-0.0134,0.0000,0.2332,-0.0067,-0.0164,0.6519,0.6532,0.6513,0.6534
5.0800,1.75134,0.70947,0.23091,0.840967,-0.006567,0.003893,-0.541032,0.2317,-0.8743,0.0318,-0.0138,0.0000,0.2267,-0.0076,-0.0146,0.6535,0.6512,0.6540,0.6514
5.1000,1.76610,0.71549,0.22443,0.841041,-0.006566,0.003882,-0.540917,0.2252,-0.8736,0.0327,-0.0135,0.0000,0.2202,-0.0064,-0.0169,0.6515,0.6532,0.6516,0.6532
5.1200,1.78090,0.72153,0.21708,0.841121,-0.006570,0.003783,-0.540794,0.2181,-0.8686,0.0422,-0.0140,0.0000,0.2130,0.0006,-0.0051,0.0285,0.0000,0.0261,0.0000
5.1400,1.79571,0.72757,0.20663,0.841194,-0.006533,0.003829,-0.540680,0.2081,-0.8665,0.0375,-0.0135,0.0000,0.2029,0.0540,0.0961,0.0000,0.0513,0.0000,0.0000
5.1600,1.81053,0.73362,0.19240,0.841264,-0.006481,0.004090,-0.540571,0.1944,-0.8761,0.0117,-0.0128,0.0000,0.1892,0.1154,0.3149,0.0000,0.0539,0.0543,0.0000
5.1800,1.82534,0.73966,0.17427,0.841331,-0.006422,0.004519,-0.540464,0.1767,-0.8964,-0.0317,-0.0129,0.0000,0.1717,0.1836,0.4084,0.0000,0.0664,0.0656,0.0000
5.2000,1.84015,0.74571,0.15223,0.841394,-0.006318,0.005081,-0.540362,0.1552,-0.9201,-0.0899,-0.0123,0.0000,0.1504,0.4312,1.0135,0.0055,0.0574,0.0162,0.0000
5.2200,1.85497,0.75175,0.12627,0.841459,-0.006207,0.005846,-0.540254,0.1297,-0.9550,-0.1682,-0.0136,0.0000,0.1253,0.6761,1.3257,0.0000,0.0394,0.0696,0.0000
5.2400,1.86978,0.75780,0.09640,0.841526,-0.006109,0.006843,-0.540139,0.1003,-1.0056,-0.2677,-0.0140,0.0000,0.0963,0.7775,1.7121,0.0000,0.0588,0.0650,0.0000
5.2600,1.88460,0.76384,0.06262,0.841594,-0.005954,0.008104,-0.540017,0.0671,-1.0669,-0.3948,-0.0157,0.0000,0.0634,1.1846,2.3129,0.0469,0.0000,0.0000,0.0000
5.2800,1.89941,0.76989,0.02492,0.841666,-0.005798,0.009658,-0.539881,0.0298,-1.1461,-0.5512,-0.0165,0.0000,0.0266,1.2127,2.7232,0.0000,0.0704,0.0000,0.0000
5.3000,1.90995,0.77420,-0.00304,0.841764,-0.004711,0.008973,-0.539751,-0.0019,-1.0591,-0.5984,-0.0108,0.0000,-0.0031,1.8342,2.5972,0.0000,0.1097,0.0237,0.0000
5.3200,1.91158,0.77489,-0.00202,0.841810,-0.002732,0.005345,-0.539740,-0.0026,-0.6413,-0.3735,-0.0014,0.0000,-0.0026,2.5722,2.8893,0.0000,0.1032,0.0000,0.0000
5.3400,1.91177,0.77498,0.00305,0.841824,-0.001392,0.002747,-0.539743,0.0025,-0.3322,-0.1953,-0.0002,0.0000,0.0026,3.1243,3.1434,0.0000,0.0898,0.0155,0.0000
5.3600,1.91178,0.77499,0.00659,0.841828,-0.000667,0.001321,-0.539744,0.0063,-0.1604,-0.0946,-0.0001,0.0000,0.0065,3.4218,3.3197,0.0000,0.0840,0.0286,0.0000
5.3800,1.91177,0.77500,0.00851,0.841829,-0.000309,0.000614,-0.539744,0.0083,-0.0747,-0.0442,-0.0000,0.0000,0.0087,3.5857,3.4368,0.0000,0.0857,0.0000,0.0000
5.4000,1.91177,0.77500,0.00945,0.841829,-0.000141,0.000280,-0.539744,0.0094,-0.0341,-0.0202,-0.0000,0.0000,0.0098,3.6979,3.5291,0.0000,0.0759,0.0308,0.0000
5.4200,1.91176,0.77500,0.00989,0.841829,-0.000060,0.000121,-0.539744,0.0098,-0.0149,-0.0089,-0.0000,0.0000,0.0103,3.7894,3.6111,0.0000,0.0815,0.0250,0.0000
5.4400,1.91176,0.77500,0.01007,0.841830,-0.000025,0.000051,-0.539743,0.0101,-0.0062,-0.0038,-0.0001,0.0000,0.0106,3.8757,3.6898,0.0000,0.0800,0.0358,0.0000
5.4600,1.91176,0.77500,0.01014,0.841830,-0.000011,0.000023,-0.539743,0.0101,-0.0027,-0.0018,-0.0001,0.0000,0.0107,3.9600,3.7654,0.0000,0.0804,0.0373,0.0000
5.4800,1.91176,0.77500,0.01017,0.841830,-0.000005,0.000013,-0.539742,0.0102,-0.0014,-0.0010,-0.0001,0.0000,0.0107,4.0410,3.8404,0.0000,0.0839,0.0127,0.0000
5.5000,1.91176,0.77500,0.01018,0.841831,-0.000003,0.000009,-0.539741,0.0102,-0.0008,-0.0007,-0.0001,0.0000,0.0107,4.1233,3.9157,0.0000,0.0849,0.0284,0.0000
5.5200,1.91176,0.77500,0.01019,0.841831,-0.000002,0.000007,-0.539741,0.0102,-0.0006,-0.0006,-0.0001,0.0000,0.0106,4.2094,3.9915,0.0000,0.0854,0.0000,0.0000
5.5400,1.91176,0.77500,0.01019,0.841832,-0.000001,0.000006,-0.539740,0.0102,-0.0005,-0.0005,-0.0001,0.0000,0.0106,4.2890,4.0715,0.0000,0.0879,0.0309,0.0000
5.5600,1.91176,0.77500,0.01019,0.841832,-0.000001,0.000006,-0.539739,0.0102,-0.0005,-0.0005,-0.0001,0.0000,0.0105,4.3768,4.1512,0.0000,0.0851,0.0306,0.0000
5.5800,1.91176,0.77500,0.01019,0.841833,-0.000001,0.000006,-0.539739,0.0102,-0.0005,-0.0005,-0.0001,0.0000,0.0104,4.4662,4.2324,0.0000,0.0833,0.0309,0.0000
5.6000,1.91176,0.77500,0.01019,0.841833,-0.000001,0.000006,-0.539738,0.0102,-0.0005,-0.0005,-0.0001,0.0000,0.0103,4.5541,4.3155,0.0000,0.0945,0.0000,0.0000
